# Blender 5.0.1
# www.blender.org
mtllib .mtl
o zhoukong
v -0.045000 -0.028000 -0.060000
v -0.045000 -0.021000 -0.060000
v -0.045000 -0.028000 -0.065000
v -0.045000 -0.021000 -0.065000
v -0.044951 -0.028309 -0.065000
v -0.044951 -0.028309 -0.060000
v -0.044809 -0.028588 -0.065000
v -0.044809 -0.028588 -0.060000
v -0.044588 -0.028809 -0.065000
v -0.044588 -0.028809 -0.060000
v -0.044309 -0.028951 -0.065000
v -0.044309 -0.028951 -0.060000
v -0.044000 -0.029000 -0.065000
v -0.044000 -0.029000 -0.060000
v -0.036000 -0.029000 -0.060000
v -0.036000 -0.029000 -0.065000
v -0.035691 -0.028951 -0.065000
v -0.035691 -0.028951 -0.060000
v -0.035412 -0.028809 -0.065000
v -0.035412 -0.028809 -0.060000
v -0.035191 -0.028588 -0.065000
v -0.035191 -0.028588 -0.060000
v -0.035049 -0.028309 -0.065000
v -0.035049 -0.028309 -0.060000
v -0.035000 -0.028000 -0.065000
v -0.035000 -0.028000 -0.060000
v -0.035000 -0.021000 -0.060000
v -0.035000 -0.021000 -0.065000
v -0.039091 -0.023005 -0.060000
v -0.038721 -0.023306 -0.060000
v -0.041554 -0.023695 -0.060000
v -0.041279 -0.023306 -0.060000
v -0.040909 -0.023005 -0.060000
v -0.040472 -0.022815 -0.060000
v -0.040000 -0.022750 -0.060000
v -0.039528 -0.022815 -0.060000
v -0.038446 -0.023695 -0.060000
v -0.038287 -0.024144 -0.060000
v -0.038254 -0.024619 -0.060000
v -0.041430 -0.025509 -0.060000
v -0.041104 -0.025857 -0.060000
v -0.040697 -0.026105 -0.060000
v -0.039303 -0.026105 -0.060000
v -0.039762 -0.026234 -0.060000
v -0.040000 -0.026250 -0.060000
v -0.040238 -0.026234 -0.060000
v -0.041649 -0.025086 -0.060000
v -0.041746 -0.024619 -0.060000
v -0.041713 -0.024144 -0.060000
v -0.038896 -0.025857 -0.060000
v -0.038351 -0.025086 -0.060000
v -0.038570 -0.025509 -0.060000
v -0.040909 -0.023005 -0.065000
v -0.041279 -0.023306 -0.065000
v -0.038287 -0.024144 -0.065000
v -0.038446 -0.023695 -0.065000
v -0.038721 -0.023306 -0.065000
v -0.039091 -0.023005 -0.065000
v -0.039528 -0.022815 -0.065000
v -0.040000 -0.022750 -0.065000
v -0.040472 -0.022815 -0.065000
v -0.041554 -0.023695 -0.065000
v -0.041713 -0.024144 -0.065000
v -0.041746 -0.024619 -0.065000
v -0.039762 -0.026234 -0.065000
v -0.040238 -0.026234 -0.065000
v -0.040697 -0.026105 -0.065000
v -0.038254 -0.024619 -0.065000
v -0.038351 -0.025086 -0.065000
v -0.041104 -0.025857 -0.065000
v -0.041649 -0.025086 -0.065000
v -0.041430 -0.025509 -0.065000
v -0.039303 -0.026105 -0.065000
v -0.038896 -0.025857 -0.065000
v -0.038570 -0.025509 -0.065000
v -0.035000 0.028000 -0.060000
v -0.035000 0.028000 -0.065000
v -0.035049 0.028309 -0.065000
v -0.035049 0.028309 -0.060000
v -0.035191 0.028588 -0.065000
v -0.035191 0.028588 -0.060000
v -0.035412 0.028809 -0.065000
v -0.035412 0.028809 -0.060000
v -0.035691 0.028951 -0.065000
v -0.035691 0.028951 -0.060000
v -0.036000 0.029000 -0.065000
v -0.036000 0.029000 -0.060000
v -0.044000 0.029000 -0.060000
v -0.044000 0.029000 -0.065000
v -0.044309 0.028951 -0.065000
v -0.044309 0.028951 -0.060000
v -0.044588 0.028809 -0.065000
v -0.044588 0.028809 -0.060000
v -0.044809 0.028588 -0.065000
v -0.044809 0.028588 -0.060000
v -0.044951 0.028309 -0.065000
v -0.044951 0.028309 -0.060000
v -0.045000 0.028000 -0.065000
v -0.045000 0.028000 -0.060000
v -0.045000 0.021000 -0.060000
v -0.045000 0.021000 -0.065000
v -0.035000 0.021000 -0.060000
v -0.035000 0.021000 -0.065000
v -0.040909 0.023005 -0.060000
v -0.041279 0.023306 -0.060000
v -0.039091 0.023005 -0.060000
v -0.039528 0.022815 -0.060000
v -0.040000 0.022750 -0.060000
v -0.040472 0.022815 -0.060000
v -0.038287 0.024144 -0.060000
v -0.038446 0.023695 -0.060000
v -0.038721 0.023306 -0.060000
v -0.041554 0.023695 -0.060000
v -0.041713 0.024144 -0.060000
v -0.041746 0.024619 -0.060000
v -0.039762 0.026234 -0.060000
v -0.039303 0.026105 -0.060000
v -0.038896 0.025857 -0.060000
v -0.038254 0.024619 -0.060000
v -0.038351 0.025086 -0.060000
v -0.038570 0.025509 -0.060000
v -0.041104 0.025857 -0.060000
v -0.041649 0.025086 -0.060000
v -0.041430 0.025509 -0.060000
v -0.040697 0.026105 -0.060000
v -0.040238 0.026234 -0.060000
v -0.040000 0.026250 -0.060000
v -0.039091 0.023005 -0.065000
v -0.038721 0.023306 -0.065000
v -0.041713 0.024144 -0.065000
v -0.041554 0.023695 -0.065000
v -0.041279 0.023306 -0.065000
v -0.040909 0.023005 -0.065000
v -0.040238 0.026234 -0.065000
v -0.039762 0.026234 -0.065000
v -0.039303 0.026105 -0.065000
v -0.040472 0.022815 -0.065000
v -0.040000 0.022750 -0.065000
v -0.039528 0.022815 -0.065000
v -0.041746 0.024619 -0.065000
v -0.041649 0.025086 -0.065000
v -0.040697 0.026105 -0.065000
v -0.041104 0.025857 -0.065000
v -0.038446 0.023695 -0.065000
v -0.038287 0.024144 -0.065000
v -0.038254 0.024619 -0.065000
v -0.041430 0.025509 -0.065000
v -0.038896 0.025857 -0.065000
v -0.038351 0.025086 -0.065000
v -0.038570 0.025509 -0.065000
v 0.035000 -0.028000 -0.060000
v 0.035000 -0.028000 -0.065000
v 0.035049 -0.028309 -0.065000
v 0.035049 -0.028309 -0.060000
v 0.035191 -0.028588 -0.065000
v 0.035191 -0.028588 -0.060000
v 0.035412 -0.028809 -0.065000
v 0.035412 -0.028809 -0.060000
v 0.035691 -0.028951 -0.065000
v 0.035691 -0.028951 -0.060000
v 0.036000 -0.029000 -0.065000
v 0.036000 -0.029000 -0.060000
v 0.044000 -0.029000 -0.060000
v 0.044000 -0.029000 -0.065000
v 0.044309 -0.028951 -0.065000
v 0.044309 -0.028951 -0.060000
v 0.044588 -0.028809 -0.065000
v 0.044588 -0.028809 -0.060000
v 0.044809 -0.028588 -0.065000
v 0.044809 -0.028588 -0.060000
v 0.044951 -0.028309 -0.065000
v 0.044951 -0.028309 -0.060000
v 0.045000 -0.028000 -0.065000
v 0.045000 -0.028000 -0.060000
v 0.045000 -0.021000 -0.060000
v 0.045000 -0.021000 -0.065000
v 0.035000 -0.021000 -0.060000
v 0.035000 -0.021000 -0.065000
v 0.040909 -0.023005 -0.060000
v 0.041279 -0.023306 -0.060000
v 0.039091 -0.023005 -0.060000
v 0.039528 -0.022815 -0.060000
v 0.040000 -0.022750 -0.060000
v 0.040472 -0.022815 -0.060000
v 0.039762 -0.026234 -0.060000
v 0.040238 -0.026234 -0.060000
v 0.040697 -0.026105 -0.060000
v 0.038287 -0.024144 -0.060000
v 0.038446 -0.023695 -0.060000
v 0.038721 -0.023306 -0.060000
v 0.041554 -0.023695 -0.060000
v 0.041713 -0.024144 -0.060000
v 0.041746 -0.024619 -0.060000
v 0.039303 -0.026105 -0.060000
v 0.038896 -0.025857 -0.060000
v 0.038254 -0.024619 -0.060000
v 0.038351 -0.025086 -0.060000
v 0.041104 -0.025857 -0.060000
v 0.041649 -0.025086 -0.060000
v 0.041430 -0.025509 -0.060000
v 0.038570 -0.025509 -0.060000
v 0.039091 -0.023005 -0.065000
v 0.038721 -0.023306 -0.065000
v 0.041713 -0.024144 -0.065000
v 0.041554 -0.023695 -0.065000
v 0.041279 -0.023306 -0.065000
v 0.040909 -0.023005 -0.065000
v 0.040472 -0.022815 -0.065000
v 0.040000 -0.022750 -0.065000
v 0.039528 -0.022815 -0.065000
v 0.038446 -0.023695 -0.065000
v 0.038287 -0.024144 -0.065000
v 0.038254 -0.024619 -0.065000
v 0.040238 -0.026234 -0.065000
v 0.039762 -0.026234 -0.065000
v 0.039303 -0.026105 -0.065000
v 0.041746 -0.024619 -0.065000
v 0.041649 -0.025086 -0.065000
v 0.038896 -0.025857 -0.065000
v 0.038351 -0.025086 -0.065000
v 0.038570 -0.025509 -0.065000
v 0.040697 -0.026105 -0.065000
v 0.041104 -0.025857 -0.065000
v 0.041430 -0.025509 -0.065000
v 0.045000 0.028000 -0.060000
v 0.045000 0.028000 -0.065000
v 0.044951 0.028309 -0.065000
v 0.044951 0.028309 -0.060000
v 0.044809 0.028588 -0.065000
v 0.044809 0.028588 -0.060000
v 0.044588 0.028809 -0.065000
v 0.044588 0.028809 -0.060000
v 0.044309 0.028951 -0.065000
v 0.044309 0.028951 -0.060000
v 0.044000 0.029000 -0.065000
v 0.044000 0.029000 -0.060000
v 0.036000 0.029000 -0.060000
v 0.036000 0.029000 -0.065000
v 0.035691 0.028951 -0.065000
v 0.035691 0.028951 -0.060000
v 0.035412 0.028809 -0.065000
v 0.035412 0.028809 -0.060000
v 0.035191 0.028588 -0.065000
v 0.035191 0.028588 -0.060000
v 0.035049 0.028309 -0.065000
v 0.035049 0.028309 -0.060000
v 0.035000 0.028000 -0.065000
v 0.035000 0.028000 -0.060000
v 0.035000 0.021000 -0.060000
v 0.035000 0.021000 -0.065000
v 0.045000 0.021000 -0.060000
v 0.045000 0.021000 -0.065000
v 0.039091 0.023005 -0.060000
v 0.038721 0.023306 -0.060000
v 0.040909 0.023005 -0.060000
v 0.040472 0.022815 -0.060000
v 0.040000 0.022750 -0.060000
v 0.039528 0.022815 -0.060000
v 0.041713 0.024144 -0.060000
v 0.041554 0.023695 -0.060000
v 0.041279 0.023306 -0.060000
v 0.038446 0.023695 -0.060000
v 0.038287 0.024144 -0.060000
v 0.038254 0.024619 -0.060000
v 0.041104 0.025857 -0.060000
v 0.040697 0.026105 -0.060000
v 0.041746 0.024619 -0.060000
v 0.041649 0.025086 -0.060000
v 0.041430 0.025509 -0.060000
v 0.039303 0.026105 -0.060000
v 0.038896 0.025857 -0.060000
v 0.038351 0.025086 -0.060000
v 0.038570 0.025509 -0.060000
v 0.039762 0.026234 -0.060000
v 0.040000 0.026250 -0.060000
v 0.040238 0.026234 -0.060000
v 0.040909 0.023005 -0.065000
v 0.041279 0.023306 -0.065000
v 0.038287 0.024144 -0.065000
v 0.038446 0.023695 -0.065000
v 0.038721 0.023306 -0.065000
v 0.039091 0.023005 -0.065000
v 0.039762 0.026234 -0.065000
v 0.040238 0.026234 -0.065000
v 0.040697 0.026105 -0.065000
v 0.039528 0.022815 -0.065000
v 0.040000 0.022750 -0.065000
v 0.040472 0.022815 -0.065000
v 0.038254 0.024619 -0.065000
v 0.038351 0.025086 -0.065000
v 0.039303 0.026105 -0.065000
v 0.038896 0.025857 -0.065000
v 0.041554 0.023695 -0.065000
v 0.041713 0.024144 -0.065000
v 0.041746 0.024619 -0.065000
v 0.038570 0.025509 -0.065000
v 0.041104 0.025857 -0.065000
v 0.041649 0.025086 -0.065000
v 0.041430 0.025509 -0.065000
v 0.036676 0.015785 0.000000
v 0.036668 0.015731 0.000000
v 0.055500 0.015736 0.000000
v -0.047970 0.010805 0.000000
v -0.044421 0.013881 0.000000
v -0.044216 0.015736 0.000000
v -0.040149 0.015832 0.000000
v -0.044216 0.016146 0.000000
v -0.004508 0.015352 0.000000
v -0.008878 0.015736 0.000000
v -0.008650 0.013460 0.000000
v 0.036612 0.015705 0.000000
v 0.036599 0.015736 0.000000
v 0.035862 0.015736 0.000000
v -0.035288 0.019773 0.000000
v -0.035343 0.019727 0.000000
v -0.035473 0.019405 0.000000
v -0.035572 0.018789 0.000000
v -0.035437 0.018692 0.000000
v -0.034905 0.019542 0.000000
v -0.035500 0.016500 0.000000
v -0.034894 0.016489 0.000000
v -0.035492 0.016895 0.000000
v -0.035962 0.018786 0.000000
v -0.035897 0.018810 0.000000
v -0.035761 0.019093 0.000000
v -0.035580 0.018602 0.000000
v -0.035665 0.018648 0.000000
v -0.035449 0.018431 0.000000
v -0.036335 0.017769 0.000000
v -0.036224 0.017250 0.000000
v -0.035348 0.017607 0.000000
v -0.035348 0.018076 0.000000
v -0.036038 0.016829 0.000000
v -0.035796 0.016792 0.000000
v -0.035672 0.016805 0.000000
v -0.036390 0.017769 0.000000
v -0.044216 0.019542 0.000000
v -0.036385 0.017572 0.000000
v -0.036307 0.017141 0.000000
v -0.036138 0.016896 0.000000
v -0.035601 0.017038 0.000000
v -0.035472 0.017170 0.000000
v -0.035806 0.016978 0.000000
v -0.035963 0.016997 0.000000
v -0.036088 0.017066 0.000000
v -0.035248 0.018316 0.000000
v -0.035192 0.017804 0.000000
v -0.035308 0.017162 0.000000
v -0.035699 0.019230 0.000000
v -0.035635 0.019380 0.000000
v -0.036002 0.018770 0.000000
v -0.036005 0.018744 0.000000
v -0.035993 0.018720 0.000000
v -0.035883 0.018515 0.000000
v -0.035879 0.018514 0.000000
v -0.035876 0.018514 0.000000
v -0.035873 0.018516 0.000000
v -0.035836 0.018574 0.000000
v -0.035721 0.018649 0.000000
v -0.035801 0.018640 0.000000
v -0.035888 0.018519 0.000000
v -0.035903 0.018546 0.000000
v -0.035912 0.018564 0.000000
v -0.035474 0.019808 0.000000
v -0.035693 0.019790 0.000000
v -0.035230 0.019831 0.000000
v -0.035235 0.019820 0.000000
v -0.035243 0.019810 0.000000
v -0.036431 0.019919 0.000000
v -0.036430 0.019924 0.000000
v -0.044216 0.021000 0.000000
v -0.036427 0.019927 0.000000
v -0.034905 0.021000 0.000000
v -0.036422 0.019928 0.000000
v -0.035348 0.019999 0.000000
v -0.035252 0.019878 0.000000
v -0.035234 0.019851 0.000000
v -0.035231 0.019843 0.000000
v -0.036430 0.019913 0.000000
v -0.036425 0.019900 0.000000
v -0.035615 0.019088 0.000000
v -0.035766 0.018801 0.000000
v -0.035912 0.019773 0.000000
v -0.036063 0.019747 0.000000
v -0.036146 0.019725 0.000000
v -0.036229 0.019702 0.000000
v -0.036279 0.019682 0.000000
v -0.036405 0.019868 0.000000
v -0.036134 0.019913 0.000000
v -0.035499 0.019989 0.000000
v -0.035449 0.020034 0.000000
v -0.036356 0.019905 0.000000
v -0.036295 0.019908 0.000000
v -0.036394 0.019918 0.000000
v -0.036408 0.019926 0.000000
v -0.035409 0.020075 0.000000
v -0.035378 0.020037 0.000000
v -0.001710 0.017072 0.000000
v -0.001715 0.017269 0.000000
v -0.008878 0.019542 0.000000
v -0.000939 0.018588 0.000000
v -0.001091 0.018301 0.000000
v -0.000897 0.018289 0.000000
v -0.000559 0.019320 0.000000
v -0.000567 0.019310 0.000000
v -0.000798 0.018905 0.000000
v -0.000613 0.019273 0.000000
v -0.000668 0.019227 0.000000
v -0.000556 0.019343 0.000000
v -0.000554 0.019331 0.000000
v -0.000239 0.019542 0.000000
v -0.000905 0.018102 0.000000
v -0.000990 0.018148 0.000000
v -0.000773 0.017931 0.000000
v -0.001660 0.017269 0.000000
v -0.000559 0.019351 0.000000
v -0.001462 0.016396 0.000000
v -0.001632 0.016641 0.000000
v -0.008878 0.016146 0.000000
v -0.001604 0.019182 0.000000
v -0.001329 0.018244 0.000000
v -0.001750 0.019400 0.000000
v -0.001755 0.019413 0.000000
v -0.001756 0.019419 0.000000
v -0.001754 0.019424 0.000000
v -0.001549 0.016750 0.000000
v -0.000672 0.017107 0.000000
v -0.000673 0.017576 0.000000
v -0.000516 0.017304 0.000000
v -0.000239 0.016146 0.000000
v -0.000633 0.016662 0.000000
v -0.000817 0.016395 0.000000
v -0.000997 0.016305 0.000000
v -0.001120 0.016292 0.000000
v -0.001363 0.016329 0.000000
v -0.001719 0.019418 0.000000
v -0.001681 0.019405 0.000000
v -0.001733 0.019426 0.000000
v -0.001619 0.019408 0.000000
v -0.001747 0.019428 0.000000
v -0.001458 0.019413 0.000000
v -0.000824 0.019489 0.000000
v -0.000926 0.016538 0.000000
v -0.000797 0.016670 0.000000
v -0.001131 0.016478 0.000000
v -0.001288 0.016497 0.000000
v -0.001413 0.016566 0.000000
v -0.000761 0.018192 0.000000
v -0.000572 0.017816 0.000000
v -0.000703 0.019537 0.000000
v -0.000673 0.019499 0.000000
v -0.000577 0.019378 0.000000
v -0.001203 0.018014 0.000000
v -0.001201 0.018014 0.000000
v -0.001198 0.018016 0.000000
v -0.001161 0.018074 0.000000
v -0.001045 0.018149 0.000000
v -0.001126 0.018140 0.000000
v -0.001207 0.018015 0.000000
v -0.001212 0.018019 0.000000
v -0.001228 0.018046 0.000000
v -0.001327 0.018270 0.000000
v -0.001287 0.018286 0.000000
v -0.001554 0.019202 0.000000
v -0.001221 0.018310 0.000000
v -0.001471 0.019225 0.000000
v -0.001730 0.019368 0.000000
v -0.001751 0.019427 0.000000
v -0.000774 0.019534 0.000000
v -0.001237 0.018064 0.000000
v -0.001317 0.018220 0.000000
v -0.001237 0.019273 0.000000
v -0.001023 0.018730 0.000000
v -0.001018 0.019290 0.000000
v -0.000959 0.018880 0.000000
v -0.000798 0.019308 0.000000
v -0.001086 0.018593 0.000000
v -0.001387 0.019247 0.000000
v -0.000733 0.019575 0.000000
v -0.000239 0.021000 0.000000
v -0.008878 0.021000 0.000000
v 0.034247 0.016769 0.000000
v 0.027103 0.019542 0.000000
v 0.034252 0.016572 0.000000
v 0.027103 0.016146 0.000000
v 0.035407 0.018843 0.000000
v 0.035408 0.018831 0.000000
v 0.035862 0.019542 0.000000
v 0.035023 0.018088 0.000000
v 0.034871 0.017801 0.000000
v 0.035066 0.017789 0.000000
v 0.035403 0.018820 0.000000
v 0.035395 0.018810 0.000000
v 0.035164 0.018405 0.000000
v 0.035350 0.018773 0.000000
v 0.035294 0.018727 0.000000
v 0.035403 0.018851 0.000000
v 0.035057 0.017602 0.000000
v 0.034973 0.017648 0.000000
v 0.035189 0.017431 0.000000
v 0.034302 0.016769 0.000000
v 0.035289 0.017076 0.000000
v 0.035201 0.017692 0.000000
v 0.035390 0.017316 0.000000
v 0.035862 0.016146 0.000000
v 0.034358 0.018682 0.000000
v 0.034633 0.017744 0.000000
v 0.034212 0.018900 0.000000
v 0.034207 0.018913 0.000000
v 0.034206 0.018919 0.000000
v 0.034208 0.018924 0.000000
v 0.034211 0.018927 0.000000
v 0.034216 0.018928 0.000000
v 0.035290 0.016607 0.000000
v 0.034413 0.016250 0.000000
v 0.035165 0.016170 0.000000
v 0.035229 0.019075 0.000000
v 0.035259 0.019037 0.000000
v 0.035289 0.018999 0.000000
v 0.035385 0.018878 0.000000
v 0.034759 0.017514 0.000000
v 0.034761 0.017514 0.000000
v 0.034764 0.017516 0.000000
v 0.034801 0.017574 0.000000
v 0.034917 0.017649 0.000000
v 0.034836 0.017640 0.000000
v 0.034755 0.017515 0.000000
v 0.034750 0.017519 0.000000
v 0.034734 0.017546 0.000000
v 0.034635 0.017770 0.000000
v 0.034675 0.017786 0.000000
v 0.034408 0.018702 0.000000
v 0.034741 0.017810 0.000000
v 0.034491 0.018725 0.000000
v 0.034232 0.018868 0.000000
v 0.034725 0.017564 0.000000
v 0.034645 0.017720 0.000000
v 0.034725 0.018773 0.000000
v 0.034939 0.018230 0.000000
v 0.034945 0.018790 0.000000
v 0.035003 0.018380 0.000000
v 0.035164 0.018808 0.000000
v 0.034877 0.018093 0.000000
v 0.034575 0.018747 0.000000
v 0.034244 0.018918 0.000000
v 0.034281 0.018905 0.000000
v 0.034229 0.018926 0.000000
v 0.034343 0.018908 0.000000
v 0.034504 0.018913 0.000000
v 0.035188 0.019034 0.000000
v 0.035138 0.018989 0.000000
v 0.034831 0.015978 0.000000
v 0.035036 0.016038 0.000000
v 0.034674 0.015997 0.000000
v 0.034549 0.016066 0.000000
v 0.035446 0.016804 0.000000
v 0.035329 0.016162 0.000000
v 0.035145 0.015895 0.000000
v 0.027103 0.015736 0.000000
v 0.034500 0.015896 0.000000
v 0.034330 0.016141 0.000000
v 0.034965 0.015805 0.000000
v 0.034842 0.015792 0.000000
v 0.034599 0.015829 0.000000
v 0.054621 0.020121 0.000000
v 0.053648 0.020772 0.000000
v 0.055272 0.019148 0.000000
v 0.052500 0.021000 0.000000
v 0.036555 0.016688 0.000000
v 0.036559 0.018661 0.000000
v 0.036297 0.018435 0.000000
v 0.036555 0.016596 0.000000
v 0.036521 0.016238 0.000000
v 0.036590 0.018923 0.000000
v 0.036650 0.019034 0.000000
v 0.036705 0.019034 0.000000
v 0.036277 0.018520 0.000000
v 0.036448 0.018711 0.000000
v 0.053648 -0.020772 0.000000
v 0.054621 -0.020121 0.000000
v 0.052500 -0.021000 0.000000
v 0.055272 -0.019148 0.000000
v 0.035862 -0.021000 0.000000
v -0.055272 -0.019148 0.000000
v -0.054621 -0.020121 0.000000
v -0.053648 -0.020772 0.000000
v -0.052500 -0.021000 0.000000
v -0.044216 -0.018750 0.000000
v -0.055500 -0.018000 0.000000
v -0.044216 -0.015750 0.000000
v -0.055500 -0.015750 0.000000
v -0.053648 0.020772 0.000000
v -0.054621 0.020121 0.000000
v -0.052500 0.021000 0.000000
v -0.055272 0.019148 0.000000
v 0.027103 -0.015750 0.000000
v 0.027120 -0.013039 0.000000
v 0.018000 -0.015750 0.000000
v 0.023786 -0.010150 0.000000
v 0.021401 -0.006439 0.000000
v 0.020158 -0.002206 0.000000
v 0.018000 0.015736 0.000000
v 0.020158 0.002206 0.000000
v 0.021401 0.006439 0.000000
v 0.036643 0.015680 0.000000
v 0.036635 0.015681 0.000000
v 0.039867 0.014872 0.000000
v 0.035500 0.015500 0.000000
v 0.031133 0.014872 0.000000
v 0.027120 0.013039 0.000000
v 0.023786 0.010150 0.000000
v 0.036655 0.015689 0.000000
v 0.036651 0.015683 0.000000
v 0.036647 0.015680 0.000000
v 0.043880 0.013039 0.000000
v 0.047214 0.010150 0.000000
v 0.036661 0.015704 0.000000
v 0.049599 0.006439 0.000000
v 0.050842 0.002206 0.000000
v 0.055500 -0.015750 0.000000
v 0.050842 -0.002206 0.000000
v 0.049599 -0.006439 0.000000
v 0.047214 -0.010150 0.000000
v 0.043880 -0.013039 0.000000
v 0.039867 -0.014872 0.000000
v 0.035862 -0.015750 0.000000
v 0.035500 -0.015500 0.000000
v 0.031133 -0.014872 0.000000
v -0.008878 -0.015750 0.000000
v -0.023030 -0.010805 0.000000
v -0.026189 -0.015750 0.000000
v -0.026579 -0.013881 0.000000
v -0.030851 -0.015832 0.000000
v -0.026189 0.015736 0.000000
v -0.026579 0.013881 0.000000
v -0.023030 0.010805 0.000000
v -0.012092 0.010478 0.000000
v -0.020491 0.006854 0.000000
v 0.000000 -0.016000 0.000000
v -0.004508 -0.015352 0.000000
v -0.008650 -0.013460 0.000000
v -0.012092 -0.010478 0.000000
v -0.020491 -0.006854 0.000000
v -0.014554 -0.006647 0.000000
v -0.019168 -0.002348 0.000000
v -0.015837 -0.002277 0.000000
v -0.019168 0.002348 0.000000
v -0.015837 0.002277 0.000000
v -0.014554 0.006647 0.000000
v 0.000000 0.016000 0.000000
v 0.004508 0.015352 0.000000
v 0.008650 0.013460 0.000000
v 0.012092 0.010478 0.000000
v 0.014554 0.006647 0.000000
v 0.012092 -0.010478 0.000000
v 0.008650 -0.013460 0.000000
v 0.004508 -0.015352 0.000000
v 0.015837 0.002277 0.000000
v 0.015837 -0.002277 0.000000
v 0.014554 -0.006647 0.000000
v -0.055500 0.015736 0.000000
v -0.051832 0.002348 0.000000
v -0.050509 0.006854 0.000000
v -0.051832 -0.002348 0.000000
v -0.050509 -0.006854 0.000000
v -0.033952 0.018801 0.000000
v -0.033758 0.018789 0.000000
v -0.033801 0.019088 0.000000
v -0.033660 0.019405 0.000000
v -0.034324 0.016896 0.000000
v -0.034494 0.017141 0.000000
v -0.034189 0.018770 0.000000
v -0.034148 0.018786 0.000000
v -0.034083 0.018810 0.000000
v -0.033767 0.018602 0.000000
v -0.033851 0.018648 0.000000
v -0.033635 0.018431 0.000000
v -0.034521 0.017769 0.000000
v -0.026189 0.019542 0.000000
v -0.033623 0.018692 0.000000
v -0.033434 0.018316 0.000000
v -0.033947 0.019093 0.000000
v -0.033885 0.019230 0.000000
v -0.033821 0.019380 0.000000
v -0.034410 0.017250 0.000000
v -0.033534 0.017607 0.000000
v -0.033535 0.018076 0.000000
v -0.033679 0.016895 0.000000
v -0.033859 0.016805 0.000000
v -0.030851 0.015832 0.000000
v -0.033982 0.016792 0.000000
v -0.034225 0.016829 0.000000
v -0.034571 0.017572 0.000000
v -0.034577 0.017769 0.000000
v -0.034191 0.018744 0.000000
v -0.033788 0.017038 0.000000
v -0.033658 0.017170 0.000000
v -0.033993 0.016978 0.000000
v -0.034149 0.016997 0.000000
v -0.034275 0.017066 0.000000
v -0.026189 0.016146 0.000000
v -0.033378 0.017804 0.000000
v -0.033495 0.017162 0.000000
v -0.034065 0.018514 0.000000
v -0.034062 0.018514 0.000000
v -0.034059 0.018516 0.000000
v -0.034022 0.018574 0.000000
v -0.033907 0.018649 0.000000
v -0.033987 0.018640 0.000000
v -0.034069 0.018515 0.000000
v -0.034074 0.018519 0.000000
v -0.034089 0.018546 0.000000
v -0.034098 0.018564 0.000000
v -0.034179 0.018720 0.000000
v 0.036575 0.015802 0.000000
v 0.036519 0.015983 0.000000
v 0.036478 0.016106 0.000000
v 0.055500 0.018000 0.000000
v 0.036700 0.016361 0.000000
v 0.055500 0.016146 0.000000
v 0.036693 0.016012 0.000000
v 0.036684 0.015855 0.000000
v -0.033660 0.019808 0.000000
v -0.033879 0.019790 0.000000
v -0.033416 0.019831 0.000000
v -0.033421 0.019820 0.000000
v -0.033474 0.019773 0.000000
v -0.033529 0.019727 0.000000
v -0.033429 0.019810 0.000000
v -0.034611 0.019900 0.000000
v -0.034617 0.019913 0.000000
v -0.034617 0.019919 0.000000
v -0.034616 0.019924 0.000000
v -0.034613 0.019927 0.000000
v -0.034320 0.019913 0.000000
v -0.034608 0.019928 0.000000
v -0.034481 0.019908 0.000000
v -0.034595 0.019926 0.000000
v -0.034543 0.019905 0.000000
v -0.034580 0.019918 0.000000
v -0.033535 0.019999 0.000000
v -0.033438 0.019878 0.000000
v -0.026189 0.021000 0.000000
v -0.033421 0.019851 0.000000
v -0.033417 0.019843 0.000000
v -0.034098 0.019773 0.000000
v -0.034249 0.019747 0.000000
v -0.034332 0.019725 0.000000
v -0.034415 0.019702 0.000000
v -0.034465 0.019682 0.000000
v -0.034591 0.019868 0.000000
v -0.033685 0.019989 0.000000
v -0.033635 0.020034 0.000000
v -0.033595 0.020075 0.000000
v -0.033565 0.020037 0.000000
v -0.055500 0.016146 0.000000
v -0.055500 0.018000 0.000000
v 0.018000 0.016146 0.000000
v -0.008878 -0.018750 0.000000
v -0.026189 -0.018750 0.000000
v -0.034905 -0.018750 0.000000
v -0.035500 -0.016500 0.000000
v -0.040149 -0.015832 0.000000
v -0.044421 -0.013881 0.000000
v -0.047970 -0.010805 0.000000
v 0.000214 0.018860 0.000000
v 0.000154 0.018401 0.000000
v 0.001077 0.018424 0.000000
v 0.001272 0.016402 0.000000
v 0.001263 0.016381 0.000000
v 0.000150 0.018235 0.000000
v 0.000774 0.017838 0.000000
v 0.000957 0.018008 0.000000
v 0.000212 0.019231 0.000000
v 0.000389 0.019438 0.000000
v 0.000663 0.019302 0.000000
v 0.000499 0.019267 0.000000
v 0.000343 0.019137 0.000000
v 0.000119 0.016337 0.000000
v 0.000084 0.016342 0.000000
v 0.000064 0.016357 0.000000
v 0.000053 0.016800 0.000000
v 0.000201 0.017316 0.000000
v 0.000074 0.018235 0.000000
v 0.000074 0.018703 0.000000
v 0.001255 0.016375 0.000000
v 0.001224 0.016367 0.000000
v 0.001121 0.016362 0.000000
v 0.001050 0.018859 0.000000
v 0.000932 0.019155 0.000000
v 0.000829 0.019258 0.000000
v 0.000890 0.019430 0.000000
v 0.018000 0.019542 0.000000
v 0.000653 0.019509 0.000000
v 0.000620 0.019507 0.000000
v 0.000057 0.016367 0.000000
v 0.000043 0.016431 0.000000
v 0.000044 0.016685 0.000000
v 0.000190 0.016740 0.000000
v 0.001149 0.016679 0.000000
v 0.000199 0.016838 0.000000
v 0.001156 0.016740 0.000000
v 0.001080 0.016559 0.000000
v 0.001110 0.016564 0.000000
v 0.001125 0.016575 0.000000
v 0.000064 0.018469 0.000000
v 0.001052 0.019269 0.000000
v 0.001197 0.018859 0.000000
v 0.001212 0.018310 0.000000
v 0.000353 0.017525 0.000000
v 0.000481 0.017641 0.000000
v 0.000567 0.017706 0.000000
v 0.000326 0.017237 0.000000
v 0.000622 0.017530 0.000000
v 0.000869 0.017686 0.000000
v 0.001177 0.017178 0.000000
v 0.001109 0.017959 0.000000
v 0.000179 0.016529 0.000000
v 0.001133 0.016593 0.000000
v 0.001247 0.017178 0.000000
v 0.001272 0.016514 0.000000
v 0.001275 0.016438 0.000000
v 0.035862 0.021000 0.000000
v 0.027103 0.021000 0.000000
v 0.018000 0.021000 0.000000
v -0.000239 -0.018750 0.000000
v 0.018000 -0.018750 0.000000
v 0.027103 -0.018750 0.000000
v 0.035862 -0.018750 0.000000
v 0.055500 -0.018000 0.000000
v -0.044216 -0.021000 0.000000
v -0.034905 -0.021000 0.000000
v -0.026189 -0.021000 0.000000
v -0.008878 -0.021000 0.000000
v -0.000239 -0.021000 0.000000
v 0.018000 -0.021000 0.000000
v 0.027103 -0.021000 0.000000
v 0.052500 0.021000 -0.065000
v 0.053648 0.020772 -0.065000
v 0.054621 0.020121 -0.065000
v 0.055272 0.019148 -0.065000
v 0.055500 0.018000 -0.065000
v 0.055500 -0.018000 -0.065000
v 0.055272 -0.019148 -0.065000
v 0.054621 -0.020121 -0.065000
v 0.053648 -0.020772 -0.065000
v 0.052500 -0.021000 -0.065000
v -0.052500 -0.021000 -0.065000
v -0.053648 -0.020772 -0.065000
v -0.054621 -0.020121 -0.065000
v -0.055272 -0.019148 -0.065000
v -0.055500 -0.018000 -0.065000
v -0.055500 0.018000 -0.065000
v -0.055272 0.019148 -0.065000
v -0.054621 0.020121 -0.065000
v -0.053648 0.020772 -0.065000
v -0.052500 0.021000 -0.065000
v -0.044924 0.028383 -0.065000
v -0.041516 0.025375 -0.065000
v -0.041750 0.024500 -0.065000
v 0.041516 -0.023625 -0.065000
v 0.040875 -0.022984 -0.065000
v 0.040875 0.026016 -0.065000
v 0.044924 0.028383 -0.065000
v 0.044707 0.028707 -0.065000
v 0.041516 0.025375 -0.065000
v -0.044707 0.028707 -0.065000
v -0.044383 0.028924 -0.065000
v -0.040875 0.026016 -0.065000
v -0.040000 0.026250 -0.065000
v -0.039125 0.026016 -0.065000
v 0.038484 0.023625 -0.065000
v 0.039125 0.022984 -0.065000
v 0.040875 0.022984 -0.065000
v 0.041516 0.023625 -0.065000
v 0.041750 0.024500 -0.065000
v 0.044383 0.028924 -0.065000
v 0.038250 0.024500 -0.065000
v 0.039125 -0.022984 -0.065000
v 0.038484 -0.023625 -0.065000
v 0.038250 -0.024500 -0.065000
v 0.038484 -0.025375 -0.065000
v 0.041750 -0.024500 -0.065000
v 0.041516 -0.025375 -0.065000
v 0.044924 -0.028383 -0.065000
v -0.041516 0.023625 -0.065000
v -0.040875 0.022984 -0.065000
v -0.038250 0.024500 -0.065000
v -0.038484 0.023625 -0.065000
v -0.039125 0.022984 -0.065000
v 0.035076 0.028383 -0.065000
v 0.038484 0.025375 -0.065000
v -0.040875 -0.022984 -0.065000
v -0.041516 -0.023625 -0.065000
v -0.041750 -0.024500 -0.065000
v -0.040875 -0.026016 -0.065000
v 0.035076 -0.028383 -0.065000
v 0.035293 -0.028707 -0.065000
v 0.035617 -0.028924 -0.065000
v 0.039125 -0.026016 -0.065000
v 0.040000 -0.026250 -0.065000
v 0.040875 -0.026016 -0.065000
v 0.044383 -0.028924 -0.065000
v 0.044707 -0.028707 -0.065000
v -0.038484 0.025375 -0.065000
v -0.035293 0.028707 -0.065000
v -0.035076 0.028383 -0.065000
v -0.041516 -0.025375 -0.065000
v -0.044707 -0.028707 -0.065000
v -0.044924 -0.028383 -0.065000
v -0.035617 0.028924 -0.065000
v 0.040000 0.026250 -0.065000
v 0.039125 0.026016 -0.065000
v 0.035617 0.028924 -0.065000
v 0.035293 0.028707 -0.065000
v -0.044383 -0.028924 -0.065000
v -0.035076 -0.028383 -0.065000
v -0.038484 -0.025375 -0.065000
v -0.038250 -0.024500 -0.065000
v -0.038484 -0.023625 -0.065000
v -0.039125 -0.022984 -0.065000
v -0.040000 -0.026250 -0.065000
v -0.039125 -0.026016 -0.065000
v -0.035617 -0.028924 -0.065000
v -0.035293 -0.028707 -0.065000
v 0.035500 -0.015500 -0.059000
v 0.039867 -0.014872 -0.059000
v 0.043880 -0.013039 -0.059000
v 0.047214 -0.010150 -0.059000
v 0.049599 -0.006439 -0.059000
v 0.050842 -0.002206 -0.059000
v 0.050842 0.002206 -0.059000
v 0.049599 0.006439 -0.059000
v 0.047214 0.010150 -0.059000
v 0.043880 0.013039 -0.059000
v 0.039867 0.014872 -0.059000
v 0.035500 0.015500 -0.059000
v 0.031133 0.014872 -0.059000
v 0.027120 0.013039 -0.059000
v 0.023786 0.010150 -0.059000
v 0.021401 0.006439 -0.059000
v 0.020158 0.002206 -0.059000
v 0.020158 -0.002206 -0.059000
v 0.021401 -0.006439 -0.059000
v 0.023786 -0.010150 -0.059000
v 0.027120 -0.013039 -0.059000
v 0.031133 -0.014872 -0.059000
v 0.035500 -0.000000 -0.059000
v 0.000000 -0.016000 -0.059000
v 0.000000 -0.016000 0.000000
v 0.004508 -0.015352 -0.059000
v 0.008650 -0.013460 -0.059000
v 0.012092 -0.010478 -0.059000
v 0.014554 -0.006647 -0.059000
v 0.015837 -0.002277 -0.059000
v 0.015837 0.002277 -0.059000
v 0.014554 0.006647 -0.059000
v 0.012092 0.010478 -0.059000
v 0.008650 0.013460 -0.059000
v 0.004508 0.015352 -0.059000
v 0.000000 0.016000 -0.059000
v -0.004508 0.015352 -0.059000
v -0.008650 0.013460 -0.059000
v -0.012092 0.010478 -0.059000
v -0.014554 0.006647 -0.059000
v -0.015837 0.002277 -0.059000
v -0.015837 -0.002277 -0.059000
v -0.014554 -0.006647 -0.059000
v -0.012092 -0.010478 -0.059000
v -0.008650 -0.013460 -0.059000
v -0.004508 -0.015352 -0.059000
v 0.000000 0.016000 -0.059000
v 0.000000 0.000000 -0.059000
v 0.000000 -0.016000 -0.059000
v -0.030851 0.015832 -0.059000
v -0.035500 0.016500 -0.059000
v -0.040149 0.015832 -0.059000
v -0.044421 0.013881 -0.059000
v -0.047970 0.010805 -0.059000
v -0.050509 0.006854 -0.059000
v -0.051832 0.002348 -0.059000
v -0.051832 -0.002348 -0.059000
v -0.050509 -0.006854 -0.059000
v -0.047970 -0.010805 -0.059000
v -0.044421 -0.013881 -0.059000
v -0.040149 -0.015832 -0.059000
v -0.035500 -0.016500 -0.059000
v -0.030851 -0.015832 -0.059000
v -0.026579 -0.013881 -0.059000
v -0.023030 -0.010805 -0.059000
v -0.020491 -0.006854 -0.059000
v -0.019168 -0.002348 -0.059000
v -0.019168 0.002348 -0.059000
v -0.020491 0.006854 -0.059000
v -0.023030 0.010805 -0.059000
v -0.026579 0.013881 -0.059000
v -0.035500 0.000000 -0.059000
v 0.044383 -0.028924 -0.060000
v 0.044707 -0.028707 -0.060000
v 0.044924 -0.028383 -0.060000
v 0.035076 -0.028383 -0.060000
v 0.035293 -0.028707 -0.060000
v 0.035617 -0.028924 -0.060000
v 0.038484 -0.023625 -0.060000
v 0.038250 -0.024500 -0.060000
v 0.038484 -0.025375 -0.060000
v 0.039125 -0.026016 -0.060000
v 0.040000 -0.026250 -0.060000
v 0.041750 -0.024500 -0.060000
v 0.041516 -0.023625 -0.060000
v 0.039125 -0.022984 -0.060000
v 0.040875 -0.022984 -0.060000
v 0.041516 -0.025375 -0.060000
v 0.040875 -0.026016 -0.060000
v -0.035617 -0.028924 -0.060000
v -0.035293 -0.028707 -0.060000
v -0.035076 -0.028383 -0.060000
v -0.044924 -0.028383 -0.060000
v -0.044707 -0.028707 -0.060000
v -0.044383 -0.028924 -0.060000
v -0.041516 -0.023625 -0.060000
v -0.041750 -0.024500 -0.060000
v -0.041516 -0.025375 -0.060000
v -0.040875 -0.022984 -0.060000
v -0.040875 -0.026016 -0.060000
v -0.039125 -0.026016 -0.060000
v -0.038250 -0.024500 -0.060000
v -0.038484 -0.023625 -0.060000
v -0.039125 -0.022984 -0.060000
v -0.038484 -0.025375 -0.060000
v 0.035617 0.028924 -0.060000
v 0.035293 0.028707 -0.060000
v 0.035076 0.028383 -0.060000
v 0.044924 0.028383 -0.060000
v 0.044707 0.028707 -0.060000
v 0.044383 0.028924 -0.060000
v 0.039125 0.022984 -0.060000
v 0.040875 0.022984 -0.060000
v 0.038484 0.025375 -0.060000
v 0.038250 0.024500 -0.060000
v 0.038484 0.023625 -0.060000
v 0.041516 0.025375 -0.060000
v 0.041750 0.024500 -0.060000
v 0.041516 0.023625 -0.060000
v 0.039125 0.026016 -0.060000
v 0.040875 0.026016 -0.060000
v -0.044383 0.028924 -0.060000
v -0.044707 0.028707 -0.060000
v -0.044924 0.028383 -0.060000
v -0.035076 0.028383 -0.060000
v -0.035293 0.028707 -0.060000
v -0.035617 0.028924 -0.060000
v -0.040875 0.022984 -0.060000
v -0.039125 0.022984 -0.060000
v -0.040875 0.026016 -0.060000
v -0.041516 0.023625 -0.060000
v -0.041750 0.024500 -0.060000
v -0.041516 0.025375 -0.060000
v -0.038484 0.025375 -0.060000
v -0.038250 0.024500 -0.060000
v -0.038484 0.023625 -0.060000
v -0.039125 0.026016 -0.060000
v 0.036590 0.018923 -0.001000
v 0.036650 0.019034 -0.001000
v 0.036705 0.019034 -0.001000
v 0.036700 0.016361 -0.001000
v 0.036635 0.015681 -0.001000
v 0.036643 0.015680 -0.001000
v 0.036647 0.015680 -0.001000
v 0.036651 0.015683 -0.001000
v 0.036655 0.015689 -0.001000
v 0.036661 0.015704 -0.001000
v 0.036668 0.015731 -0.001000
v 0.036676 0.015785 -0.001000
v 0.036684 0.015855 -0.001000
v 0.036693 0.016012 -0.001000
v 0.036599 0.015736 -0.001000
v 0.036612 0.015705 -0.001000
v 0.036575 0.015802 -0.001000
v 0.036599 0.015736 0.000000
v 0.036575 0.015802 0.000000
v 0.036519 0.015983 -0.001000
v 0.036555 0.016688 -0.001000
v 0.036555 0.016596 -0.001000
v 0.036521 0.016238 -0.001000
v 0.036478 0.016106 -0.001000
v 0.036559 0.018661 -0.001000
v 0.036297 0.018435 -0.001000
v 0.036559 0.018661 0.000000
v 0.036297 0.018435 0.000000
v 0.036277 0.018520 -0.001000
v 0.036277 0.018520 0.000000
v 0.036448 0.018711 -0.001000
v 0.034675 0.017786 -0.001000
v 0.034741 0.017810 -0.001000
v 0.034675 0.017786 0.000000
v 0.034741 0.017810 0.000000
v 0.035003 0.018380 -0.001000
v 0.034939 0.018230 -0.001000
v 0.034877 0.018093 -0.001000
v 0.035164 0.018808 -0.001000
v 0.034725 0.018773 -0.001000
v 0.034945 0.018790 -0.001000
v 0.034575 0.018747 -0.001000
v 0.034725 0.018773 0.000000
v 0.034575 0.018747 0.000000
v 0.034408 0.018702 -0.001000
v 0.034491 0.018725 -0.001000
v 0.034358 0.018682 -0.001000
v 0.034232 0.018868 -0.001000
v 0.034343 0.018908 -0.001000
v 0.034281 0.018905 -0.001000
v 0.034244 0.018918 -0.001000
v 0.034229 0.018926 -0.001000
v 0.034216 0.018928 -0.001000
v 0.034211 0.018927 -0.001000
v 0.034208 0.018924 -0.001000
v 0.034206 0.018919 -0.001000
v 0.034207 0.018913 -0.001000
v 0.034212 0.018900 -0.001000
v 0.034504 0.018913 -0.001000
v 0.034343 0.018908 0.000000
v 0.034504 0.018913 0.000000
v 0.035138 0.018989 -0.001000
v 0.035138 0.018989 0.000000
v 0.035188 0.019034 -0.001000
v 0.035229 0.019075 -0.001000
v 0.035289 0.018999 -0.001000
v 0.035259 0.019037 -0.001000
v 0.035385 0.018878 -0.001000
v 0.035350 0.018773 -0.001000
v 0.035395 0.018810 -0.001000
v 0.035403 0.018820 -0.001000
v 0.035408 0.018831 -0.001000
v 0.035407 0.018843 -0.001000
v 0.035403 0.018851 -0.001000
v 0.035294 0.018727 -0.001000
v 0.035023 0.018088 -0.001000
v 0.035164 0.018405 -0.001000
v 0.034871 0.017801 -0.001000
v 0.035023 0.018088 0.000000
v 0.034871 0.017801 0.000000
v 0.035446 0.016804 -0.001000
v 0.035390 0.017316 -0.001000
v 0.035201 0.017692 -0.001000
v 0.035066 0.017789 -0.001000
v 0.034842 0.015792 -0.001000
v 0.034965 0.015805 -0.001000
v 0.035145 0.015895 -0.001000
v 0.035329 0.016162 -0.001000
v 0.034252 0.016572 -0.001000
v 0.034330 0.016141 -0.001000
v 0.034500 0.015896 -0.001000
v 0.034599 0.015829 -0.001000
v 0.034247 0.016769 -0.001000
v 0.034252 0.016572 0.000000
v 0.034247 0.016769 0.000000
v 0.034302 0.016769 -0.001000
v 0.034831 0.015978 -0.001000
v 0.034674 0.015997 -0.001000
v 0.034549 0.016066 -0.001000
v 0.034413 0.016250 -0.001000
v 0.035289 0.017076 -0.001000
v 0.035290 0.016607 -0.001000
v 0.035165 0.016170 -0.001000
v 0.035036 0.016038 -0.001000
v 0.034917 0.017649 -0.001000
v 0.034973 0.017648 -0.001000
v 0.035057 0.017602 -0.001000
v 0.035189 0.017431 -0.001000
v 0.034836 0.017640 -0.001000
v 0.034801 0.017574 -0.001000
v 0.034725 0.017564 -0.001000
v 0.034734 0.017546 -0.001000
v 0.034750 0.017519 -0.001000
v 0.034755 0.017515 -0.001000
v 0.034759 0.017514 -0.001000
v 0.034761 0.017514 -0.001000
v 0.034764 0.017516 -0.001000
v 0.034645 0.017720 -0.001000
v 0.034635 0.017770 -0.001000
v 0.034633 0.017744 -0.001000
v 0.000154 0.018401 -0.001000
v 0.000150 0.018235 -0.001000
v 0.000074 0.018235 -0.001000
v 0.000074 0.018703 -0.001000
v 0.000064 0.018469 -0.001000
v 0.000653 0.019509 -0.001000
v 0.000620 0.019507 -0.001000
v 0.000389 0.019438 -0.001000
v 0.000212 0.019231 -0.001000
v 0.001212 0.018310 -0.001000
v 0.001197 0.018859 0.000000
v 0.001197 0.018859 -0.001000
v 0.001052 0.019269 -0.001000
v 0.000890 0.019430 -0.001000
v 0.000869 0.017686 -0.001000
v 0.001109 0.017959 -0.001000
v 0.000622 0.017530 -0.001000
v 0.000869 0.017686 0.000000
v 0.000622 0.017530 0.000000
v 0.000190 0.016740 -0.001000
v 0.000199 0.016838 -0.001000
v 0.000326 0.017237 -0.001000
v 0.000179 0.016529 -0.001000
v 0.001080 0.016559 -0.001000
v 0.001156 0.016740 -0.001000
v 0.001149 0.016679 -0.001000
v 0.001133 0.016593 -0.001000
v 0.001125 0.016575 -0.001000
v 0.001110 0.016564 -0.001000
v 0.001177 0.017178 -0.001000
v 0.001156 0.016740 0.000000
v 0.001177 0.017178 0.000000
v 0.001247 0.017178 -0.001000
v 0.001272 0.016514 -0.001000
v 0.001247 0.017178 0.000000
v 0.001272 0.016514 0.000000
v 0.001121 0.016362 -0.001000
v 0.001224 0.016367 -0.001000
v 0.001255 0.016375 -0.001000
v 0.001263 0.016381 -0.001000
v 0.001272 0.016402 -0.001000
v 0.001275 0.016438 -0.001000
v 0.000119 0.016337 -0.001000
v 0.001121 0.016362 0.000000
v 0.000119 0.016337 0.000000
v 0.000053 0.016800 -0.001000
v 0.000053 0.016800 -0.000000
v 0.000044 0.016685 -0.000000
v 0.000044 0.016685 -0.001000
v 0.000043 0.016431 -0.000000
v 0.000043 0.016431 -0.001000
v 0.000057 0.016367 -0.000000
v 0.000057 0.016367 -0.001000
v 0.000064 0.016357 -0.000000
v 0.000064 0.016357 -0.001000
v 0.000084 0.016342 -0.000000
v 0.000084 0.016342 -0.001000
v 0.000119 0.016337 -0.000000
v 0.000567 0.017706 -0.001000
v 0.000481 0.017641 -0.001000
v 0.000353 0.017525 -0.001000
v 0.000201 0.017316 -0.001000
v 0.000774 0.017838 -0.001000
v 0.001050 0.018859 -0.001000
v 0.001077 0.018424 -0.001000
v 0.000957 0.018008 -0.001000
v 0.000663 0.019302 -0.001000
v 0.000829 0.019258 -0.001000
v 0.000932 0.019155 -0.001000
v 0.000214 0.018860 -0.001000
v 0.000343 0.019137 -0.001000
v 0.000499 0.019267 -0.001000
v -0.001287 0.018286 -0.001000
v -0.001221 0.018310 -0.001000
v -0.000959 0.018880 -0.001000
v -0.001023 0.018730 -0.001000
v -0.001086 0.018593 -0.001000
v -0.000798 0.019308 -0.001000
v -0.000959 0.018880 0.000000
v -0.000798 0.019308 0.000000
v -0.001237 0.019273 -0.001000
v -0.001018 0.019290 -0.001000
v -0.001387 0.019247 -0.001000
v -0.001554 0.019202 -0.001000
v -0.001471 0.019225 -0.001000
v -0.001604 0.019182 -0.001000
v -0.001554 0.019202 0.000000
v -0.001604 0.019182 0.000000
v -0.001730 0.019368 -0.001000
v -0.001619 0.019408 -0.001000
v -0.001681 0.019405 -0.001000
v -0.001719 0.019418 -0.001000
v -0.001733 0.019426 -0.001000
v -0.001747 0.019428 -0.001000
v -0.001751 0.019427 -0.001000
v -0.001754 0.019424 -0.001000
v -0.001756 0.019419 -0.001000
v -0.001755 0.019413 -0.001000
v -0.001750 0.019400 -0.001000
v -0.001458 0.019413 -0.001000
v -0.001619 0.019408 0.000000
v -0.001458 0.019413 0.000000
v -0.000824 0.019489 -0.001000
v -0.000774 0.019534 -0.001000
v -0.000733 0.019575 -0.001000
v -0.000774 0.019534 0.000000
v -0.000733 0.019575 0.000000
v -0.000673 0.019499 -0.001000
v -0.000703 0.019537 -0.001000
v -0.000577 0.019378 -0.001000
v -0.000673 0.019499 0.000000
v -0.000577 0.019378 0.000000
v -0.000613 0.019273 -0.001000
v -0.000567 0.019310 -0.001000
v -0.000559 0.019320 -0.001000
v -0.000554 0.019331 -0.001000
v -0.000556 0.019343 -0.001000
v -0.000559 0.019351 -0.001000
v -0.000668 0.019227 -0.001000
v -0.000613 0.019273 0.000000
v -0.000668 0.019227 0.000000
v -0.000939 0.018588 -0.001000
v -0.000798 0.018905 -0.001000
v -0.001091 0.018301 -0.001000
v -0.000516 0.017304 -0.001000
v -0.000572 0.017816 -0.001000
v -0.000761 0.018192 -0.001000
v -0.000897 0.018289 -0.001000
v -0.001120 0.016292 -0.001000
v -0.000997 0.016305 -0.001000
v -0.000817 0.016395 -0.001000
v -0.000633 0.016662 -0.001000
v -0.001710 0.017072 -0.001000
v -0.001632 0.016641 -0.001000
v -0.001462 0.016396 -0.001000
v -0.001363 0.016329 -0.001000
v -0.001715 0.017269 -0.001000
v -0.001660 0.017269 -0.001000
v -0.001131 0.016478 -0.001000
v -0.001288 0.016497 -0.001000
v -0.001413 0.016566 -0.001000
v -0.001549 0.016750 -0.001000
v -0.000673 0.017576 -0.001000
v -0.000672 0.017107 -0.001000
v -0.000797 0.016670 -0.001000
v -0.000926 0.016538 -0.001000
v -0.001045 0.018149 -0.001000
v -0.000990 0.018148 -0.001000
v -0.000905 0.018102 -0.001000
v -0.000773 0.017931 -0.001000
v -0.001126 0.018140 -0.001000
v -0.001161 0.018074 -0.001000
v -0.001126 0.018140 0.000000
v -0.001161 0.018074 0.000000
v -0.001237 0.018064 -0.001000
v -0.001228 0.018046 -0.001000
v -0.001212 0.018019 -0.001000
v -0.001207 0.018015 -0.001000
v -0.001203 0.018014 -0.001000
v -0.001201 0.018014 -0.001000
v -0.001198 0.018016 -0.001000
v -0.001317 0.018220 -0.001000
v -0.001327 0.018270 -0.001000
v -0.001329 0.018244 -0.001000
v -0.034148 0.018786 -0.001000
v -0.034083 0.018810 -0.001000
v -0.034148 0.018786 0.000000
v -0.034083 0.018810 0.000000
v -0.033821 0.019380 -0.001000
v -0.033885 0.019230 -0.001000
v -0.033947 0.019093 -0.001000
v -0.033660 0.019808 -0.001000
v -0.034098 0.019773 -0.001000
v -0.033879 0.019790 -0.001000
v -0.034249 0.019747 -0.001000
v -0.034098 0.019773 0.000000
v -0.034249 0.019747 0.000000
v -0.034415 0.019702 -0.001000
v -0.034332 0.019725 -0.001000
v -0.034465 0.019682 -0.001000
v -0.034591 0.019868 -0.001000
v -0.034481 0.019908 -0.001000
v -0.034543 0.019905 -0.001000
v -0.034580 0.019918 -0.001000
v -0.034595 0.019926 -0.001000
v -0.034608 0.019928 -0.001000
v -0.034613 0.019927 -0.001000
v -0.034616 0.019924 -0.001000
v -0.034617 0.019919 -0.001000
v -0.034617 0.019913 -0.001000
v -0.034611 0.019900 -0.001000
v -0.034320 0.019913 -0.001000
v -0.034481 0.019908 0.000000
v -0.034320 0.019913 0.000000
v -0.033685 0.019989 -0.001000
v -0.033685 0.019989 0.000000
v -0.033635 0.020034 -0.001000
v -0.033595 0.020075 -0.001000
v -0.033535 0.019999 -0.001000
v -0.033565 0.020037 -0.001000
v -0.033438 0.019878 -0.001000
v -0.033474 0.019773 -0.001000
v -0.033429 0.019810 -0.001000
v -0.033421 0.019820 -0.001000
v -0.033416 0.019831 -0.001000
v -0.033417 0.019843 -0.001000
v -0.033421 0.019851 -0.001000
v -0.033529 0.019727 -0.001000
v -0.033801 0.019088 -0.001000
v -0.033660 0.019405 -0.001000
v -0.033952 0.018801 -0.001000
v -0.033801 0.019088 0.000000
v -0.033952 0.018801 0.000000
v -0.033378 0.017804 -0.001000
v -0.033434 0.018316 -0.001000
v -0.033623 0.018692 -0.001000
v -0.033758 0.018789 -0.001000
v -0.033982 0.016792 -0.001000
v -0.033859 0.016805 -0.001000
v -0.033679 0.016895 -0.001000
v -0.033495 0.017162 -0.001000
v -0.034571 0.017572 -0.001000
v -0.034494 0.017141 -0.001000
v -0.034324 0.016896 -0.001000
v -0.034225 0.016829 -0.001000
v -0.034577 0.017769 -0.001000
v -0.034571 0.017572 0.000000
v -0.034577 0.017769 0.000000
v -0.034521 0.017769 -0.001000
v -0.033993 0.016978 -0.001000
v -0.034149 0.016997 -0.001000
v -0.034275 0.017066 -0.001000
v -0.034410 0.017250 -0.001000
v -0.033535 0.018076 -0.001000
v -0.033534 0.017607 -0.001000
v -0.033658 0.017170 -0.001000
v -0.033788 0.017038 -0.001000
v -0.033907 0.018649 -0.001000
v -0.033851 0.018648 -0.001000
v -0.033767 0.018602 -0.001000
v -0.033635 0.018431 -0.001000
v -0.033987 0.018640 -0.001000
v -0.034022 0.018574 -0.001000
v -0.034098 0.018564 -0.001000
v -0.034089 0.018546 -0.001000
v -0.034074 0.018519 -0.001000
v -0.034069 0.018515 -0.001000
v -0.034065 0.018514 -0.001000
v -0.034062 0.018514 -0.001000
v -0.034059 0.018516 -0.001000
v -0.034179 0.018720 -0.001000
v -0.034189 0.018770 -0.001000
v -0.034191 0.018744 -0.001000
v -0.035962 0.018786 -0.001000
v -0.035897 0.018810 -0.001000
v -0.035962 0.018786 0.000000
v -0.035897 0.018810 0.000000
v -0.035635 0.019380 -0.001000
v -0.035699 0.019230 -0.001000
v -0.035761 0.019093 -0.001000
v -0.035474 0.019808 -0.001000
v -0.035912 0.019773 -0.001000
v -0.035693 0.019790 -0.001000
v -0.036063 0.019747 -0.001000
v -0.035912 0.019773 0.000000
v -0.036063 0.019747 0.000000
v -0.036229 0.019702 -0.001000
v -0.036146 0.019725 -0.001000
v -0.036279 0.019682 -0.001000
v -0.036405 0.019868 -0.001000
v -0.036295 0.019908 -0.001000
v -0.036356 0.019905 -0.001000
v -0.036394 0.019918 -0.001000
v -0.036408 0.019926 -0.001000
v -0.036422 0.019928 -0.001000
v -0.036427 0.019927 -0.001000
v -0.036430 0.019924 -0.001000
v -0.036431 0.019919 -0.001000
v -0.036430 0.019913 -0.001000
v -0.036425 0.019900 -0.001000
v -0.036134 0.019913 -0.001000
v -0.036295 0.019908 0.000000
v -0.036134 0.019913 0.000000
v -0.035499 0.019989 -0.001000
v -0.035499 0.019989 0.000000
v -0.035449 0.020034 -0.001000
v -0.035409 0.020075 -0.001000
v -0.035348 0.019999 -0.001000
v -0.035378 0.020037 -0.001000
v -0.035252 0.019878 -0.001000
v -0.035288 0.019773 -0.001000
v -0.035243 0.019810 -0.001000
v -0.035235 0.019820 -0.001000
v -0.035230 0.019831 -0.001000
v -0.035231 0.019843 -0.001000
v -0.035234 0.019851 -0.001000
v -0.035343 0.019727 -0.001000
v -0.035615 0.019088 -0.001000
v -0.035473 0.019405 -0.001000
v -0.035766 0.018801 -0.001000
v -0.035615 0.019088 0.000000
v -0.035766 0.018801 0.000000
v -0.035192 0.017804 -0.001000
v -0.035248 0.018316 -0.001000
v -0.035437 0.018692 -0.001000
v -0.035572 0.018789 -0.001000
v -0.035796 0.016792 -0.001000
v -0.035672 0.016805 -0.001000
v -0.035492 0.016895 -0.001000
v -0.035308 0.017162 -0.001000
v -0.036385 0.017572 -0.001000
v -0.036307 0.017141 -0.001000
v -0.036138 0.016896 -0.001000
v -0.036038 0.016829 -0.001000
v -0.036390 0.017769 -0.001000
v -0.036385 0.017572 0.000000
v -0.036390 0.017769 0.000000
v -0.036335 0.017769 -0.001000
v -0.035806 0.016978 -0.001000
v -0.035963 0.016997 -0.001000
v -0.036088 0.017066 -0.001000
v -0.036224 0.017250 -0.001000
v -0.035348 0.018076 -0.001000
v -0.035348 0.017607 -0.001000
v -0.035472 0.017170 -0.001000
v -0.035601 0.017038 -0.001000
v -0.035721 0.018649 -0.001000
v -0.035665 0.018648 -0.001000
v -0.035580 0.018602 -0.001000
v -0.035449 0.018431 -0.001000
v -0.035801 0.018640 -0.001000
v -0.035836 0.018574 -0.001000
v -0.035912 0.018564 -0.001000
v -0.035903 0.018546 -0.001000
v -0.035888 0.018519 -0.001000
v -0.035883 0.018515 -0.001000
v -0.035879 0.018514 -0.001000
v -0.035876 0.018514 -0.001000
v -0.035873 0.018516 -0.001000
v -0.035993 0.018720 -0.001000
v -0.036002 0.018770 -0.001000
v -0.036005 0.018744 -0.001000
vn -1.0000 -0.0000 -0.0000
vn -0.9877 -0.1564 -0.0000
vn -0.8910 -0.4540 -0.0000
vn -0.7071 -0.7071 -0.0000
vn -0.4540 -0.8910 -0.0000
vn -0.1564 -0.9877 -0.0000
vn -0.0000 -1.0000 -0.0000
vn 0.1564 -0.9877 -0.0000
vn 0.4540 -0.8910 -0.0000
vn 0.7071 -0.7071 -0.0000
vn 0.8910 -0.4540 -0.0000
vn 0.9877 -0.1564 -0.0000
vn 1.0000 -0.0000 -0.0000
vn -0.0000 1.0000 -0.0000
vn -0.0000 -0.0000 1.0000
vn -0.0000 -0.0000 -1.0000
vn 0.2698 0.9629 -0.0000
vn 0.0682 0.9977 -0.0000
vn -0.0000 1.0000 0.0033
vn -0.0682 0.9977 -0.0000
vn -0.2698 0.9629 -0.0000
vn -0.5196 0.8544 -0.0000
vn -0.7308 0.6826 -0.0000
vn -0.7308 0.6825 -0.0000
vn -0.8879 0.4601 -0.0000
vn -0.9791 0.2035 -0.0000
vn -0.9977 -0.0682 -0.0000
vn -0.9423 -0.3349 -0.0000
vn -0.8170 -0.5767 -0.0000
vn -0.6311 -0.7757 -0.0000
vn -0.3984 -0.9172 -0.0000
vn -0.1362 -0.9907 -0.0000
vn 0.1362 -0.9907 -0.0000
vn 0.3984 -0.9172 -0.0000
vn 0.6311 -0.7757 -0.0000
vn 0.8170 -0.5767 -0.0000
vn 0.9423 -0.3349 -0.0000
vn 0.9977 -0.0682 -0.0000
vn 0.9791 0.2035 -0.0000
vn 0.8879 0.4601 -0.0000
vn 0.7308 0.6826 -0.0000
vn 0.5196 0.8544 -0.0000
vn 0.9877 0.1564 -0.0000
vn 0.8910 0.4540 -0.0000
vn 0.7071 0.7071 -0.0000
vn 0.4540 0.8910 -0.0000
vn 0.1564 0.9877 -0.0000
vn -0.1564 0.9877 -0.0000
vn -0.4540 0.8910 -0.0000
vn -0.7071 0.7071 -0.0000
vn -0.8910 0.4540 -0.0000
vn -0.9877 0.1564 -0.0000
vn -0.2698 -0.9629 -0.0000
vn -0.0682 -0.9977 -0.0000
vn -0.0000 -1.0000 0.0033
vn 0.0682 -0.9977 -0.0000
vn 0.2698 -0.9629 -0.0000
vn 0.5196 -0.8544 -0.0000
vn 0.7308 -0.6826 -0.0000
vn 0.8879 -0.4601 -0.0000
vn 0.9791 -0.2035 -0.0000
vn 0.9977 0.0682 -0.0000
vn 0.9423 0.3349 -0.0000
vn 0.8170 0.5767 -0.0000
vn 0.6311 0.7757 -0.0000
vn 0.3984 0.9172 -0.0000
vn 0.1362 0.9907 -0.0000
vn -0.1362 0.9907 -0.0000
vn -0.3984 0.9172 -0.0000
vn -0.6311 0.7757 -0.0000
vn -0.8170 0.5767 -0.0000
vn -0.9423 0.3349 -0.0000
vn -0.9977 0.0682 -0.0000
vn -0.9791 -0.2035 -0.0000
vn -0.8879 -0.4601 -0.0000
vn -0.7308 -0.6825 -0.0000
vn -0.7308 -0.6826 -0.0000
vn -0.5196 -0.8544 -0.0000
vn 0.7308 0.6825 -0.0000
vn 0.7308 -0.6825 -0.0000
vn 0.1951 0.9808 -0.0000
vn 0.5556 0.8315 -0.0000
vn 0.8315 0.5556 -0.0000
vn 0.9808 0.1951 -0.0000
vn 0.9808 -0.1951 -0.0000
vn 0.8315 -0.5556 -0.0000
vn 0.5556 -0.8315 -0.0000
vn 0.1951 -0.9808 -0.0000
vn -0.1951 -0.9808 -0.0000
vn -0.5556 -0.8315 -0.0000
vn -0.8315 -0.5556 -0.0000
vn -0.9808 -0.1951 -0.0000
vn -0.9808 0.1951 -0.0000
vn -0.8315 0.5556 -0.0000
vn -0.5556 0.8315 -0.0000
vn -0.1951 0.9808 -0.0000
vn -0.0000 -0.0001 -1.0000
vn -0.1423 0.9898 -0.0000
vn -0.4154 0.9096 -0.0000
vn -0.6549 0.7557 -0.0000
vn -0.8413 0.5406 -0.0000
vn -0.9595 0.2817 -0.0000
vn -0.9595 -0.2817 -0.0000
vn -0.8413 -0.5406 -0.0000
vn -0.6549 -0.7557 -0.0000
vn -0.4154 -0.9096 -0.0000
vn -0.1423 -0.9898 -0.0000
vn 0.1423 -0.9898 -0.0000
vn 0.4154 -0.9096 -0.0000
vn 0.6549 -0.7557 -0.0000
vn 0.8413 -0.5406 -0.0000
vn 0.9595 -0.2817 -0.0000
vn 0.9595 0.2817 -0.0000
vn 0.8413 0.5406 -0.0000
vn 0.6549 0.7557 -0.0000
vn 0.4154 0.9096 -0.0000
vn 0.1423 0.9898 -0.0000
vn -0.1605 -0.9870 -0.0000
vn -0.1423 -0.9898 0.0013
vn -0.0184 -0.9998 -0.0000
vn -0.2588 -0.9659 -0.0000
vn -0.9659 -0.2588 -0.0000
vn -0.9659 0.2588 -0.0000
vn -0.2588 0.9659 -0.0000
vn 0.2588 0.9659 -0.0000
vn 0.9659 0.2588 -0.0000
vn 0.9659 -0.2588 -0.0000
vn 0.2588 -0.9659 -0.0000
vn 0.8786 -0.4776 -0.0000
vn -1.0000 0.0020 -0.0000
vn 0.1635 0.9865 -0.0000
vn 0.1639 0.9865 -0.0000
vn -0.1474 0.9891 -0.0000
vn -0.1483 0.9889 -0.0000
vn -0.5767 0.8170 -0.0000
vn -0.8287 0.5597 -0.0000
vn -0.9227 0.3855 -0.0000
vn -0.9685 0.2492 -0.0000
vn -0.9897 0.1428 -0.0000
vn -0.9938 0.1108 -0.0000
vn -0.9984 0.0561 -0.0000
vn -0.9998 0.0218 -0.0000
vn 0.9299 0.3679 -0.0000
vn 0.7137 0.7004 -0.0000
vn 0.7137 0.7005 -0.0000
vn 0.9363 0.3511 -0.0000
vn 0.9555 0.2949 -0.0000
vn 1.0000 -0.0025 -0.0000
vn 0.9955 -0.0943 -0.0000
vn 0.9524 -0.3048 -0.0000
vn 0.9497 0.3131 -0.0000
vn 1.0000 -0.0023 -0.0000
vn -0.6547 0.7559 -0.0000
vn 0.9735 0.2286 -0.0000
vn 0.8313 -0.5559 -0.0000
vn 0.7449 -0.6671 -0.0000
vn 0.3511 -0.9363 -0.0000
vn 0.3512 -0.9363 -0.0000
vn 0.9196 -0.3928 -0.0000
vn 0.9105 -0.4135 -0.0000
vn 0.9014 -0.4330 -0.0000
vn 0.9359 -0.3522 -0.0000
vn -0.0806 0.9967 -0.0000
vn -0.0787 0.9969 -0.0000
vn -0.1660 0.9861 -0.0000
vn -0.2697 0.9630 -0.0000
vn -0.2696 0.9630 -0.0000
vn -0.2581 0.9661 -0.0000
vn -0.2580 0.9661 -0.0000
vn -0.3738 0.9275 -0.0000
vn 0.8285 0.5600 -0.0000
vn 0.0454 -0.9990 -0.0000
vn 0.0455 -0.9990 -0.0000
vn -0.3171 -0.9484 -0.0000
vn -0.4650 -0.8853 -0.0000
vn -0.4647 -0.8855 -0.0000
vn -0.1775 -0.9841 -0.0000
vn -0.1772 -0.9842 -0.0000
vn 0.2787 -0.9604 -0.0000
vn 0.2780 -0.9606 -0.0000
vn 0.6987 -0.7154 -0.0000
vn 0.6978 -0.7163 -0.0000
vn 0.9431 -0.3324 -0.0000
vn 0.9920 0.1265 -0.0000
vn 0.9161 0.4008 -0.0000
vn 0.9161 0.4009 -0.0000
vn 0.8524 0.5229 -0.0000
vn 0.0324 -0.9995 -0.0000
vn 0.1179 -0.9930 -0.0000
vn 0.1178 -0.9930 -0.0000
vn 0.6733 -0.7394 -0.0000
vn 0.6732 -0.7394 -0.0000
vn -0.7877 -0.6160 -0.0000
vn -0.7877 -0.6161 -0.0000
vn -0.7785 -0.6276 -0.0000
vn -0.7823 -0.6229 -0.0000
vn -0.6346 0.7728 -0.0000
vn -0.6346 0.7729 -0.0000
vn -0.7791 0.6269 -0.0000
vn -0.7789 0.6271 -0.0000
vn -0.9143 0.4051 -0.0000
vn -0.9142 0.4052 -0.0000
vn -0.9937 -0.1123 -0.0000
vn -0.9226 -0.3857 -0.0000
vn -0.8312 -0.5559 -0.0000
vn -0.6361 0.7716 -0.0000
vn -0.9135 0.4069 -0.0000
vn -0.9271 0.3749 -0.0000
vn -0.8846 0.4664 -0.0000
vn -0.9941 -0.1086 -0.0000
vn -0.8930 -0.4500 -0.0000
vn -0.5858 -0.8104 -0.0000
vn -0.0593 -0.9982 -0.0000
vn -0.1005 0.9949 -0.0000
vn -0.4464 0.8948 -0.0000
vn -0.8238 0.5669 -0.0000
vn -0.9839 0.1788 -0.0000
vn 0.9842 0.1770 -0.0000
vn 0.8223 0.5690 -0.0000
vn 0.5572 0.8303 -0.0000
vn 0.1487 0.9889 -0.0000
vn 0.9996 0.0266 -0.0000
vn -0.1196 -0.9928 -0.0000
vn -0.4798 -0.8774 -0.0000
vn -0.8052 -0.5930 -0.0000
vn -0.9779 -0.2092 -0.0000
vn 1.0000 0.0016 -0.0000
vn 0.9618 -0.2736 -0.0000
vn 0.7130 -0.7011 -0.0000
vn 0.2813 -0.9596 -0.0000
vn 0.0245 0.9997 -0.0000
vn 0.4772 0.8788 -0.0000
vn 0.7926 0.6098 -0.0000
vn 0.9624 0.2718 -0.0000
vn -0.1195 0.9928 -0.0000
vn -0.8821 0.4711 -0.0000
vn 0.8985 0.4390 -0.0000
vn 0.8620 0.5069 -0.0000
vn 0.6778 0.7352 -0.0000
vn 0.6776 0.7355 -0.0000
vn 0.3101 0.9507 -0.0000
vn -0.1476 0.9890 -0.0000
vn -0.6023 0.7983 -0.0000
vn -0.6029 0.7978 -0.0000
vn -0.8423 0.5390 -0.0000
vn -0.8423 0.5389 -0.0000
vn 0.8884 0.4591 -0.0000
vn 0.9959 -0.0901 -0.0000
vn 0.8929 0.4502 -0.0000
vn 0.3625 -0.9320 -0.0000
vn 0.3624 -0.9320 -0.0000
vn -0.0000 0.0001 1.0000
vn -0.9996 0.0269 -0.0000
vn 0.9992 -0.0408 -0.0000
vn 0.9992 0.0408 -0.0000
vn 0.0461 -0.9989 -0.0000
vn 0.0462 -0.9989 -0.0000
vn 0.2863 -0.9582 -0.0000
vn 0.2863 -0.9581 -0.0000
vn 0.7608 -0.6489 -0.0000
vn 0.9672 -0.2541 -0.0000
vn -0.9996 -0.0265 -0.0000
vn -0.9428 -0.3332 -0.0000
vn -0.7055 -0.7087 -0.0000
vn -0.3144 -0.9493 -0.0000
vn -0.7514 0.6598 -0.0000
vn -0.9598 0.2808 -0.0000
vn -0.5339 0.8456 -0.0000
vn -0.5339 0.8455 -0.0000
vn -0.9958 0.0911 -0.0000
vn -0.9528 0.3035 -0.0000
vn -0.7036 0.7106 -0.0000
vn -0.9988 0.0494 -0.0000
vn 0.0331 -0.9995 -0.0000
vn 0.9921 -0.1256 -0.0000
vn 0.9845 -0.1755 -0.0000
vn 0.9019 -0.4319 -0.0000
vn 0.9019 -0.4320 -0.0000
vn 0.6121 -0.7908 -0.0000
vn 0.1686 -0.9857 -0.0000
vn 0.1687 -0.9857 -0.0000
vn 0.9989 -0.0459 -0.0000
vn -0.9993 -0.0381 -0.0000
vn -0.0459 0.9989 -0.0000
vn -0.0458 0.9989 -0.0000
vn -0.2385 0.9711 -0.0000
vn -0.6355 0.7721 -0.0000
vn -0.6353 0.7723 -0.0000
vn -0.9242 0.3819 -0.0000
vn -0.9242 0.3820 -0.0000
vn -0.9953 0.0971 -0.0000
vn -0.9992 -0.0400 -0.0000
vn -0.0253 0.9997 -0.0000
vn 0.9967 -0.0806 -0.0000
vn 1.0000 -0.0060 -0.0000
vn 0.9746 0.2239 -0.0000
vn 0.8302 0.5574 -0.0000
vn 0.8301 0.5576 -0.0000
vn 0.6143 0.7891 -0.0000
vn 0.6142 0.7891 -0.0000
vn 0.1280 0.9918 -0.0000
vn 0.6070 -0.7947 -0.0000
vn 0.6702 -0.7422 -0.0000
vn 0.8082 -0.5889 -0.0000
vn 0.8082 -0.5890 -0.0000
vn 0.9615 -0.2749 -0.0000
vn 0.5363 -0.8440 -0.0000
vn 0.9982 0.0597 -0.0000
vn 0.9607 -0.2776 -0.0000
vn 0.6828 -0.7306 -0.0000
vn 0.2600 0.9656 -0.0000
vn 0.7035 0.7107 -0.0000
vn 0.9285 0.3713 -0.0000
vn -0.9914 0.1307 -0.0000
vn -0.9068 0.4216 -0.0000
vn -0.6426 0.7662 -0.0000
vn -0.2099 0.9777 -0.0000
vn -0.0807 0.9967 -0.0000
vn -0.3737 0.9275 -0.0000
vn -0.3172 -0.9484 -0.0000
vn -0.4649 -0.8854 -0.0000
vn 0.2771 -0.9608 -0.0000
vn 0.2785 -0.9604 -0.0000
vn 0.6986 -0.7155 -0.0000
vn 0.6990 -0.7151 -0.0000
vn 0.9430 -0.3327 -0.0000
vn 0.9161 0.4010 -0.0000
vn -0.7785 -0.6277 -0.0000
vn -0.7790 0.6270 -0.0000
vn -0.7793 0.6267 -0.0000
vn -0.9142 0.4053 -0.0000
vn -0.9937 -0.1124 -0.0000
vn -0.9227 -0.3856 -0.0000
vn -0.8312 -0.5560 -0.0000
vn 0.5572 0.8304 -0.0000
vn -0.1196 0.9928 -0.0000
vn 0.6777 0.7353 -0.0000
vn 0.3093 0.9510 -0.0000
vn 0.3100 0.9507 -0.0000
vn -0.1463 0.9892 -0.0000
vn -0.1490 0.9888 -0.0000
vn -0.6019 0.7986 -0.0000
vn -0.6025 0.7981 -0.0000
vn 0.8929 0.4503 -0.0000
vn 0.2778 -0.9606 -0.0000
vn 0.9429 -0.3331 -0.0000
vn 0.9430 -0.3329 -0.0000
vn 0.8523 0.5230 -0.0000
vn -0.7792 0.6268 -0.0000
vn 0.7131 -0.7011 -0.0000
vn 0.8984 0.4391 -0.0000
vn 0.8621 0.5068 -0.0000
vn 0.6773 0.7357 -0.0000
vn 0.3109 0.9505 -0.0000
vn -0.1492 0.9888 -0.0000
vn -0.1465 0.9892 -0.0000
vn -0.0000 -0.0001 1.0000
vn 0.9160 0.4012 -0.0000
vn 0.9160 0.4011 -0.0000
vn -0.5859 -0.8104 -0.0000
vn -0.6028 0.7979 -0.0000
s 0
f 1//1 2//1 3//1
f 3//1 2//1 4//1
f 1//2 3//2 5//2
f 1//2 5//2 6//2
f 6//3 5//3 7//3
f 6//3 7//3 8//3
f 8//4 7//4 9//4
f 8//4 9//4 10//4
f 10//5 9//5 11//5
f 10//5 11//5 12//5
f 12//6 11//6 13//6
f 12//6 13//6 14//6
f 15//7 14//7 16//7
f 16//7 14//7 13//7
f 15//8 16//8 17//8
f 15//8 17//8 18//8
f 18//9 17//9 19//9
f 18//9 19//9 20//9
f 20//10 19//10 21//10
f 20//10 21//10 22//10
f 22//11 21//11 23//11
f 22//11 23//11 24//11
f 24//12 23//12 25//12
f 24//12 25//12 26//12
f 27//13 26//13 28//13
f 28//13 26//13 25//13
f 2//14 27//14 4//14
f 4//14 27//14 28//14
f 29//15 30//15 27//15
f 31//15 32//15 2//15
f 2//15 32//15 33//15
f 33//15 34//15 2//15
f 2//15 34//15 35//15
f 2//15 35//15 27//15
f 27//15 35//15 36//15
f 27//15 36//15 29//15
f 30//15 37//15 27//15
f 27//15 37//15 38//15
f 27//15 38//15 26//15
f 26//15 38//15 39//15
f 40//15 1//15 6//15
f 10//15 12//15 41//15
f 41//15 12//15 14//15
f 41//15 14//15 42//15
f 43//15 44//15 15//15
f 15//15 44//15 45//15
f 15//15 45//15 14//15
f 14//15 45//15 46//15
f 14//15 46//15 42//15
f 40//15 6//15 41//15
f 41//15 6//15 8//15
f 41//15 8//15 10//15
f 40//15 47//15 1//15
f 1//15 47//15 48//15
f 1//15 48//15 2//15
f 2//15 48//15 49//15
f 2//15 49//15 31//15
f 43//15 15//15 50//15
f 50//15 15//15 18//15
f 50//15 18//15 20//15
f 39//15 51//15 26//15
f 26//15 51//15 52//15
f 26//15 52//15 24//15
f 24//15 52//15 50//15
f 24//15 50//15 22//15
f 22//15 50//15 20//15
f 53//16 54//16 4//16
f 55//16 56//16 28//16
f 28//16 56//16 57//16
f 28//16 57//16 58//16
f 58//16 59//16 28//16
f 28//16 59//16 60//16
f 28//16 60//16 4//16
f 4//16 60//16 61//16
f 4//16 61//16 53//16
f 54//16 62//16 4//16
f 4//16 62//16 63//16
f 4//16 63//16 3//16
f 3//16 63//16 64//16
f 65//16 16//16 66//16
f 66//16 16//16 13//16
f 66//16 13//16 67//16
f 55//16 28//16 68//16
f 68//16 28//16 25//16
f 68//16 25//16 69//16
f 67//16 13//16 70//16
f 70//16 13//16 11//16
f 70//16 11//16 9//16
f 64//16 71//16 3//16
f 3//16 71//16 72//16
f 3//16 72//16 5//16
f 5//16 72//16 70//16
f 5//16 70//16 7//16
f 7//16 70//16 9//16
f 65//16 73//16 16//16
f 16//16 73//16 74//16
f 16//16 74//16 17//16
f 17//16 74//16 19//16
f 69//16 25//16 75//16
f 75//16 25//16 23//16
f 75//16 23//16 74//16
f 74//16 23//16 21//16
f 74//16 21//16 19//16
f 42//17 46//17 66//17
f 66//18 46//18 45//18
f 66//19 45//19 65//19
f 65//20 45//20 44//20
f 65//21 44//21 73//21
f 73//21 44//21 43//21
f 73//22 43//22 74//22
f 74//22 43//22 50//22
f 74//23 50//23 75//23
f 75//24 50//24 52//24
f 75//25 52//25 69//25
f 69//25 52//25 51//25
f 69//26 51//26 68//26
f 68//26 51//26 39//26
f 68//27 39//27 55//27
f 55//27 39//27 38//27
f 55//28 38//28 56//28
f 56//28 38//28 37//28
f 56//29 37//29 57//29
f 57//29 37//29 30//29
f 57//30 30//30 58//30
f 58//30 30//30 29//30
f 58//31 29//31 59//31
f 59//31 29//31 36//31
f 59//32 36//32 60//32
f 60//32 36//32 35//32
f 60//33 35//33 61//33
f 61//33 35//33 34//33
f 61//34 34//34 53//34
f 53//34 34//34 33//34
f 53//35 33//35 54//35
f 54//35 33//35 32//35
f 54//36 32//36 62//36
f 62//36 32//36 31//36
f 62//37 31//37 63//37
f 63//37 31//37 49//37
f 63//38 49//38 64//38
f 64//38 49//38 48//38
f 64//39 48//39 71//39
f 71//39 48//39 47//39
f 71//40 47//40 72//40
f 72//40 47//40 40//40
f 72//41 40//41 70//41
f 70//41 40//41 41//41
f 70//42 41//42 67//42
f 67//42 41//42 42//42
f 67//17 42//17 66//17
f 76//43 77//43 78//43
f 76//43 78//43 79//43
f 79//44 78//44 80//44
f 79//44 80//44 81//44
f 81//45 80//45 82//45
f 81//45 82//45 83//45
f 83//46 82//46 84//46
f 83//46 84//46 85//46
f 85//47 84//47 86//47
f 85//47 86//47 87//47
f 88//14 87//14 89//14
f 89//14 87//14 86//14
f 88//48 89//48 90//48
f 88//48 90//48 91//48
f 91//49 90//49 92//49
f 91//49 92//49 93//49
f 93//50 92//50 94//50
f 93//50 94//50 95//50
f 95//51 94//51 96//51
f 95//51 96//51 97//51
f 97//52 96//52 98//52
f 97//52 98//52 99//52
f 100//1 99//1 101//1
f 101//1 99//1 98//1
f 102//7 100//7 103//7
f 103//7 100//7 101//7
f 76//13 102//13 77//13
f 77//13 102//13 103//13
f 104//15 105//15 100//15
f 106//15 107//15 102//15
f 102//15 107//15 108//15
f 102//15 108//15 100//15
f 100//15 108//15 109//15
f 100//15 109//15 104//15
f 110//15 111//15 102//15
f 102//15 111//15 112//15
f 102//15 112//15 106//15
f 105//15 113//15 100//15
f 100//15 113//15 114//15
f 100//15 114//15 99//15
f 99//15 114//15 115//15
f 116//15 117//15 87//15
f 87//15 117//15 118//15
f 87//15 118//15 85//15
f 85//15 118//15 83//15
f 110//15 102//15 119//15
f 119//15 102//15 76//15
f 119//15 76//15 120//15
f 120//15 76//15 121//15
f 121//15 76//15 79//15
f 121//15 79//15 118//15
f 118//15 79//15 81//15
f 118//15 81//15 83//15
f 88//15 91//15 122//15
f 122//15 91//15 93//15
f 115//15 123//15 99//15
f 99//15 123//15 124//15
f 99//15 124//15 97//15
f 97//15 124//15 122//15
f 97//15 122//15 95//15
f 95//15 122//15 93//15
f 122//15 125//15 88//15
f 88//15 125//15 126//15
f 88//15 126//15 87//15
f 87//15 126//15 127//15
f 87//15 127//15 116//15
f 128//16 129//16 103//16
f 130//16 131//16 101//16
f 101//16 131//16 132//16
f 101//16 132//16 133//16
f 134//16 89//16 135//16
f 135//16 89//16 86//16
f 135//16 86//16 136//16
f 133//16 137//16 101//16
f 101//16 137//16 138//16
f 101//16 138//16 103//16
f 103//16 138//16 139//16
f 103//16 139//16 128//16
f 130//16 101//16 140//16
f 140//16 101//16 98//16
f 140//16 98//16 141//16
f 134//16 142//16 89//16
f 89//16 142//16 143//16
f 89//16 143//16 90//16
f 90//16 143//16 92//16
f 129//16 144//16 103//16
f 103//16 144//16 145//16
f 103//16 145//16 77//16
f 77//16 145//16 146//16
f 141//16 98//16 147//16
f 147//16 98//16 96//16
f 147//16 96//16 143//16
f 143//16 96//16 94//16
f 143//16 94//16 92//16
f 136//16 86//16 148//16
f 148//16 86//16 84//16
f 148//16 84//16 82//16
f 146//16 149//16 77//16
f 77//16 149//16 150//16
f 77//16 150//16 78//16
f 78//16 150//16 148//16
f 78//16 148//16 80//16
f 80//16 148//16 82//16
f 117//53 116//53 135//53
f 135//54 116//54 127//54
f 135//55 127//55 134//55
f 134//56 127//56 126//56
f 134//57 126//57 142//57
f 142//57 126//57 125//57
f 142//58 125//58 143//58
f 143//58 125//58 122//58
f 143//59 122//59 147//59
f 147//59 122//59 124//59
f 147//60 124//60 141//60
f 141//60 124//60 123//60
f 141//61 123//61 140//61
f 140//61 123//61 115//61
f 140//62 115//62 130//62
f 130//62 115//62 114//62
f 130//63 114//63 131//63
f 131//63 114//63 113//63
f 131//64 113//64 132//64
f 132//64 113//64 105//64
f 132//65 105//65 133//65
f 133//65 105//65 104//65
f 133//66 104//66 137//66
f 137//66 104//66 109//66
f 137//67 109//67 138//67
f 138//67 109//67 108//67
f 138//68 108//68 139//68
f 139//68 108//68 107//68
f 139//69 107//69 128//69
f 128//69 107//69 106//69
f 128//70 106//70 129//70
f 129//70 106//70 112//70
f 129//71 112//71 144//71
f 144//71 112//71 111//71
f 144//72 111//72 145//72
f 145//72 111//72 110//72
f 145//73 110//73 146//73
f 146//73 110//73 119//73
f 146//74 119//74 149//74
f 149//74 119//74 120//74
f 149//75 120//75 150//75
f 150//75 120//75 121//75
f 150//76 121//76 148//76
f 148//77 121//77 118//77
f 148//78 118//78 136//78
f 136//78 118//78 117//78
f 136//53 117//53 135//53
f 151//2 152//2 153//2
f 151//2 153//2 154//2
f 154//3 153//3 155//3
f 154//3 155//3 156//3
f 156//4 155//4 157//4
f 156//4 157//4 158//4
f 158//5 157//5 159//5
f 158//5 159//5 160//5
f 160//6 159//6 161//6
f 160//6 161//6 162//6
f 163//7 162//7 164//7
f 164//7 162//7 161//7
f 163//8 164//8 165//8
f 163//8 165//8 166//8
f 166//9 165//9 167//9
f 166//9 167//9 168//9
f 168//10 167//10 169//10
f 168//10 169//10 170//10
f 170//11 169//11 171//11
f 170//11 171//11 172//11
f 172//12 171//12 173//12
f 172//12 173//12 174//12
f 175//13 174//13 176//13
f 176//13 174//13 173//13
f 177//14 175//14 178//14
f 178//14 175//14 176//14
f 151//1 177//1 152//1
f 152//1 177//1 178//1
f 179//15 180//15 175//15
f 181//15 182//15 177//15
f 177//15 182//15 183//15
f 177//15 183//15 175//15
f 175//15 183//15 184//15
f 175//15 184//15 179//15
f 185//15 162//15 186//15
f 186//15 162//15 163//15
f 186//15 163//15 187//15
f 188//15 189//15 177//15
f 177//15 189//15 190//15
f 177//15 190//15 181//15
f 180//15 191//15 175//15
f 175//15 191//15 192//15
f 175//15 192//15 174//15
f 174//15 192//15 193//15
f 185//15 194//15 162//15
f 162//15 194//15 195//15
f 162//15 195//15 160//15
f 160//15 195//15 158//15
f 188//15 177//15 196//15
f 196//15 177//15 151//15
f 196//15 151//15 197//15
f 187//15 163//15 198//15
f 198//15 163//15 166//15
f 198//15 166//15 168//15
f 193//15 199//15 174//15
f 174//15 199//15 200//15
f 174//15 200//15 172//15
f 172//15 200//15 198//15
f 172//15 198//15 170//15
f 170//15 198//15 168//15
f 197//15 151//15 201//15
f 201//15 151//15 154//15
f 201//15 154//15 195//15
f 195//15 154//15 156//15
f 195//15 156//15 158//15
f 202//16 203//16 178//16
f 204//16 205//16 176//16
f 176//16 205//16 206//16
f 176//16 206//16 207//16
f 207//16 208//16 176//16
f 176//16 208//16 209//16
f 176//16 209//16 178//16
f 178//16 209//16 210//16
f 178//16 210//16 202//16
f 203//16 211//16 178//16
f 178//16 211//16 212//16
f 178//16 212//16 152//16
f 152//16 212//16 213//16
f 214//16 164//16 215//16
f 215//16 164//16 161//16
f 215//16 161//16 216//16
f 204//16 176//16 217//16
f 217//16 176//16 173//16
f 217//16 173//16 218//16
f 216//16 161//16 219//16
f 219//16 161//16 159//16
f 219//16 159//16 157//16
f 213//16 220//16 152//16
f 152//16 220//16 221//16
f 152//16 221//16 153//16
f 153//16 221//16 219//16
f 153//16 219//16 155//16
f 155//16 219//16 157//16
f 214//16 222//16 164//16
f 164//16 222//16 223//16
f 164//16 223//16 165//16
f 165//16 223//16 167//16
f 218//16 173//16 224//16
f 224//16 173//16 171//16
f 224//16 171//16 223//16
f 223//16 171//16 169//16
f 223//16 169//16 167//16
f 183//32 209//32 184//32
f 184//32 209//32 208//32
f 184//31 208//31 179//31
f 179//31 208//31 207//31
f 179//30 207//30 180//30
f 180//30 207//30 206//30
f 180//29 206//29 191//29
f 191//29 206//29 205//29
f 191//28 205//28 192//28
f 192//28 205//28 204//28
f 192//27 204//27 193//27
f 193//27 204//27 217//27
f 193//26 217//26 199//26
f 199//26 217//26 218//26
f 199//25 218//25 200//25
f 200//25 218//25 224//25
f 200//23 224//23 198//23
f 198//23 224//23 223//23
f 198//22 223//22 187//22
f 187//22 223//22 222//22
f 187//21 222//21 186//21
f 186//21 222//21 214//21
f 186//14 214//14 185//14
f 185//14 214//14 215//14
f 185//17 215//17 194//17
f 194//17 215//17 216//17
f 194//42 216//42 195//42
f 195//42 216//42 219//42
f 195//41 219//41 201//41
f 201//79 219//79 221//79
f 201//40 221//40 197//40
f 197//40 221//40 220//40
f 197//39 220//39 196//39
f 196//39 220//39 213//39
f 196//38 213//38 188//38
f 188//38 213//38 212//38
f 188//37 212//37 189//37
f 189//37 212//37 211//37
f 189//36 211//36 190//36
f 190//36 211//36 203//36
f 190//35 203//35 181//35
f 181//35 203//35 202//35
f 181//34 202//34 182//34
f 182//34 202//34 210//34
f 182//33 210//33 183//33
f 183//33 210//33 209//33
f 225//43 226//43 227//43
f 225//43 227//43 228//43
f 228//44 227//44 229//44
f 228//44 229//44 230//44
f 230//45 229//45 231//45
f 230//45 231//45 232//45
f 232//46 231//46 233//46
f 232//46 233//46 234//46
f 234//47 233//47 235//47
f 234//47 235//47 236//47
f 237//14 236//14 238//14
f 238//14 236//14 235//14
f 237//48 238//48 239//48
f 237//48 239//48 240//48
f 240//49 239//49 241//49
f 240//49 241//49 242//49
f 242//50 241//50 243//50
f 242//50 243//50 244//50
f 244//51 243//51 245//51
f 244//51 245//51 246//51
f 246//52 245//52 247//52
f 246//52 247//52 248//52
f 249//1 248//1 250//1
f 250//1 248//1 247//1
f 251//7 249//7 252//7
f 252//7 249//7 250//7
f 225//13 251//13 226//13
f 226//13 251//13 252//13
f 253//15 254//15 249//15
f 255//15 256//15 251//15
f 251//15 256//15 257//15
f 251//15 257//15 249//15
f 249//15 257//15 258//15
f 249//15 258//15 253//15
f 259//15 260//15 251//15
f 251//15 260//15 261//15
f 251//15 261//15 255//15
f 254//15 262//15 249//15
f 249//15 262//15 263//15
f 249//15 263//15 248//15
f 248//15 263//15 264//15
f 232//15 234//15 265//15
f 265//15 234//15 236//15
f 265//15 236//15 266//15
f 259//15 251//15 267//15
f 267//15 251//15 225//15
f 267//15 225//15 268//15
f 268//15 225//15 269//15
f 269//15 225//15 228//15
f 269//15 228//15 265//15
f 265//15 228//15 230//15
f 265//15 230//15 232//15
f 270//15 237//15 271//15
f 271//15 237//15 240//15
f 271//15 240//15 242//15
f 264//15 272//15 248//15
f 248//15 272//15 273//15
f 248//15 273//15 246//15
f 246//15 273//15 271//15
f 246//15 271//15 244//15
f 244//15 271//15 242//15
f 270//15 274//15 237//15
f 237//15 274//15 275//15
f 237//15 275//15 236//15
f 236//15 275//15 276//15
f 236//15 276//15 266//15
f 277//16 278//16 252//16
f 279//16 280//16 250//16
f 250//16 280//16 281//16
f 250//16 281//16 282//16
f 283//16 238//16 284//16
f 284//16 238//16 235//16
f 284//16 235//16 285//16
f 282//16 286//16 250//16
f 250//16 286//16 287//16
f 250//16 287//16 252//16
f 252//16 287//16 288//16
f 252//16 288//16 277//16
f 279//16 250//16 289//16
f 289//16 250//16 247//16
f 289//16 247//16 290//16
f 283//16 291//16 238//16
f 238//16 291//16 292//16
f 238//16 292//16 239//16
f 239//16 292//16 241//16
f 278//16 293//16 252//16
f 252//16 293//16 294//16
f 252//16 294//16 226//16
f 226//16 294//16 295//16
f 290//16 247//16 296//16
f 296//16 247//16 245//16
f 296//16 245//16 292//16
f 292//16 245//16 243//16
f 292//16 243//16 241//16
f 285//16 235//16 297//16
f 297//16 235//16 233//16
f 297//16 233//16 231//16
f 295//16 298//16 226//16
f 226//16 298//16 299//16
f 226//16 299//16 227//16
f 227//16 299//16 297//16
f 227//16 297//16 229//16
f 229//16 297//16 231//16
f 266//53 276//53 284//53
f 284//54 276//54 275//54
f 284//55 275//55 283//55
f 283//56 275//56 274//56
f 283//57 274//57 291//57
f 291//57 274//57 270//57
f 291//58 270//58 292//58
f 292//58 270//58 271//58
f 292//59 271//59 296//59
f 296//80 271//80 273//80
f 296//60 273//60 290//60
f 290//60 273//60 272//60
f 290//61 272//61 289//61
f 289//61 272//61 264//61
f 289//62 264//62 279//62
f 279//62 264//62 263//62
f 279//63 263//63 280//63
f 280//63 263//63 262//63
f 280//64 262//64 281//64
f 281//64 262//64 254//64
f 281//65 254//65 282//65
f 282//65 254//65 253//65
f 282//66 253//66 286//66
f 286//66 253//66 258//66
f 286//67 258//67 287//67
f 287//67 258//67 257//67
f 287//68 257//68 288//68
f 288//68 257//68 256//68
f 288//69 256//69 277//69
f 277//69 256//69 255//69
f 277//70 255//70 278//70
f 278//70 255//70 261//70
f 278//71 261//71 293//71
f 293//71 261//71 260//71
f 293//72 260//72 294//72
f 294//72 260//72 259//72
f 294//73 259//73 295//73
f 295//73 259//73 267//73
f 295//74 267//74 298//74
f 298//74 267//74 268//74
f 298//75 268//75 299//75
f 299//75 268//75 269//75
f 299//77 269//77 297//77
f 297//77 269//77 265//77
f 297//78 265//78 285//78
f 285//78 265//78 266//78
f 285//53 266//53 284//53
f 300//15 301//15 302//15
f 303//15 304//15 305//15
f 305//15 304//15 306//15
f 305//15 306//15 307//15
f 308//15 309//15 310//15
f 311//15 312//15 313//15
f 314//15 315//15 316//15
f 317//15 318//15 319//15
f 320//15 321//15 322//15
f 323//15 324//15 325//15
f 326//15 327//15 328//15
f 328//15 327//15 329//15
f 330//15 331//15 329//15
f 329//15 331//15 332//15
f 329//15 332//15 328//15
f 333//15 306//15 334//15
f 334//15 306//15 320//15
f 334//15 320//15 335//15
f 335//15 320//15 322//15
f 336//15 337//15 338//15
f 338//15 337//15 307//15
f 338//15 307//15 339//15
f 339//15 307//15 306//15
f 339//15 306//15 340//15
f 340//15 306//15 333//15
f 341//15 342//15 343//15
f 343//15 342//15 331//15
f 343//15 331//15 344//15
f 344//15 331//15 330//15
f 344//15 330//15 345//15
f 318//15 346//15 319//15
f 319//15 346//15 347//15
f 319//15 347//15 321//15
f 321//15 347//15 348//15
f 321//15 348//15 322//15
f 325//15 349//15 323//15
f 323//15 349//15 350//15
f 323//15 350//15 351//15
f 351//15 350//15 337//15
f 351//15 337//15 352//15
f 352//15 337//15 353//15
f 354//15 337//15 355//15
f 355//15 337//15 336//15
f 355//15 336//15 356//15
f 356//15 336//15 329//15
f 356//15 329//15 357//15
f 357//15 329//15 327//15
f 357//15 327//15 358//15
f 358//15 327//15 359//15
f 358//15 359//15 360//15
f 354//15 361//15 337//15
f 337//15 361//15 362//15
f 337//15 362//15 353//15
f 353//15 362//15 363//15
f 350//15 364//15 365//15
f 366//15 367//15 319//15
f 319//15 367//15 368//15
f 369//15 370//15 371//15
f 371//15 370//15 372//15
f 371//15 372//15 373//15
f 373//15 372//15 374//15
f 375//15 376//15 373//15
f 373//15 376//15 377//15
f 373//15 377//15 319//15
f 319//15 377//15 378//15
f 319//15 378//15 366//15
f 369//15 371//15 379//15
f 379//15 371//15 337//15
f 379//15 337//15 380//15
f 368//15 314//15 319//15
f 319//15 314//15 316//15
f 319//15 316//15 317//15
f 317//15 316//15 381//15
f 317//15 381//15 382//15
f 365//15 383//15 350//15
f 350//15 383//15 384//15
f 350//15 384//15 385//15
f 385//15 386//15 350//15
f 350//15 386//15 387//15
f 350//15 387//15 337//15
f 337//15 387//15 388//15
f 337//15 388//15 380//15
f 389//15 390//15 391//15
f 392//15 393//15 394//15
f 394//15 393//15 373//15
f 394//15 373//15 395//15
f 395//15 373//15 374//15
f 389//15 391//15 393//15
f 393//15 391//15 396//15
f 393//15 396//15 373//15
f 373//15 396//15 397//15
f 373//15 397//15 375//15
f 398//15 399//15 400//15
f 401//15 402//15 403//15
f 404//15 405//15 406//15
f 406//15 405//15 407//15
f 406//15 407//15 408//15
f 409//15 410//15 411//15
f 412//15 413//15 414//15
f 414//15 413//15 415//15
f 409//15 411//15 416//15
f 417//15 418//15 419//15
f 419//15 418//15 398//15
f 420//15 399//15 421//15
f 422//15 423//15 400//15
f 400//15 423//15 424//15
f 400//15 424//15 425//15
f 426//15 427//15 415//15
f 415//15 427//15 428//15
f 415//15 428//15 414//15
f 411//15 429//15 430//15
f 430//15 429//15 431//15
f 430//15 431//15 432//15
f 432//15 433//15 430//15
f 430//15 433//15 434//15
f 430//15 434//15 419//15
f 419//15 434//15 435//15
f 419//15 435//15 417//15
f 436//15 437//15 438//15
f 438//15 437//15 439//15
f 438//15 439//15 440//15
f 440//15 439//15 441//15
f 440//15 441//15 442//15
f 443//15 444//15 445//15
f 445//15 444//15 427//15
f 445//15 427//15 446//15
f 446//15 427//15 426//15
f 446//15 426//15 447//15
f 406//15 401//15 404//15
f 404//15 401//15 403//15
f 404//15 403//15 410//15
f 410//15 403//15 448//15
f 410//15 448//15 411//15
f 411//15 448//15 449//15
f 411//15 449//15 429//15
f 450//15 451//15 411//15
f 411//15 451//15 452//15
f 411//15 452//15 416//15
f 453//15 399//15 454//15
f 454//15 399//15 415//15
f 454//15 415//15 455//15
f 455//15 415//15 413//15
f 455//15 413//15 456//15
f 456//15 413//15 457//15
f 456//15 457//15 458//15
f 453//15 459//15 399//15
f 399//15 459//15 460//15
f 399//15 460//15 461//15
f 421//15 462//15 420//15
f 420//15 462//15 463//15
f 420//15 463//15 464//15
f 464//15 463//15 465//15
f 464//15 465//15 466//15
f 399//15 420//15 400//15
f 400//15 420//15 467//15
f 400//15 467//15 422//15
f 425//15 468//15 400//15
f 400//15 468//15 440//15
f 400//15 440//15 469//15
f 469//15 440//15 442//15
f 461//15 470//15 399//15
f 399//15 470//15 471//15
f 399//15 471//15 421//15
f 472//15 473//15 474//15
f 474//15 473//15 475//15
f 474//15 475//15 476//15
f 465//15 477//15 466//15
f 466//15 477//15 473//15
f 466//15 473//15 478//15
f 478//15 473//15 472//15
f 479//15 480//15 481//15
f 479//15 481//15 469//15
f 482//15 483//15 484//15
f 484//15 483//15 485//15
f 486//15 487//15 488//15
f 489//15 490//15 491//15
f 492//15 493//15 494//15
f 494//15 493//15 495//15
f 494//15 495//15 496//15
f 486//15 488//15 497//15
f 498//15 499//15 500//15
f 500//15 499//15 501//15
f 500//15 501//15 502//15
f 494//15 489//15 492//15
f 492//15 489//15 491//15
f 492//15 491//15 487//15
f 487//15 491//15 503//15
f 487//15 503//15 488//15
f 488//15 503//15 504//15
f 488//15 504//15 505//15
f 506//15 482//15 507//15
f 508//15 509//15 483//15
f 483//15 509//15 510//15
f 483//15 510//15 511//15
f 511//15 512//15 483//15
f 483//15 512//15 513//15
f 483//15 513//15 488//15
f 502//15 501//15 514//15
f 514//15 501//15 515//15
f 514//15 515//15 516//15
f 488//15 517//15 518//15
f 518//15 519//15 488//15
f 488//15 519//15 520//15
f 488//15 520//15 497//15
f 521//15 482//15 522//15
f 522//15 482//15 501//15
f 522//15 501//15 523//15
f 523//15 501//15 499//15
f 523//15 499//15 524//15
f 524//15 499//15 525//15
f 524//15 525//15 526//15
f 521//15 527//15 482//15
f 482//15 527//15 528//15
f 482//15 528//15 529//15
f 507//15 530//15 506//15
f 506//15 530//15 531//15
f 506//15 531//15 532//15
f 532//15 531//15 533//15
f 532//15 533//15 534//15
f 482//15 506//15 483//15
f 483//15 506//15 535//15
f 483//15 535//15 508//15
f 529//15 536//15 482//15
f 482//15 536//15 537//15
f 482//15 537//15 507//15
f 538//15 539//15 540//15
f 540//15 539//15 541//15
f 540//15 541//15 542//15
f 533//15 543//15 534//15
f 534//15 543//15 539//15
f 534//15 539//15 544//15
f 544//15 539//15 538//15
f 545//15 546//15 547//15
f 547//15 546//15 548//15
f 547//15 548//15 549//15
f 488//15 513//15 517//15
f 517//15 513//15 547//15
f 517//15 547//15 550//15
f 550//15 547//15 549//15
f 550//15 549//15 551//15
f 552//15 553//15 554//15
f 554//15 553//15 516//15
f 554//15 516//15 555//15
f 555//15 516//15 515//15
f 504//15 556//15 505//15
f 505//15 556//15 557//15
f 505//15 557//15 313//15
f 313//15 557//15 558//15
f 559//15 560//15 485//15
f 485//15 560//15 561//15
f 485//15 561//15 484//15
f 558//15 562//15 313//15
f 313//15 562//15 563//15
f 313//15 563//15 559//15
f 559//15 563//15 564//15
f 559//15 564//15 560//15
f 565//15 566//15 567//15
f 567//15 566//15 568//15
f 569//15 570//15 571//15
f 572//15 569//15 505//15
f 572//15 505//15 573//15
f 574//15 575//15 488//15
f 488//15 575//15 576//15
f 569//15 571//15 505//15
f 505//15 571//15 577//15
f 505//15 577//15 488//15
f 488//15 577//15 578//15
f 488//15 578//15 574//15
f 579//15 580//15 581//15
f 581//15 580//15 582//15
f 581//15 582//15 583//15
f 584//15 585//15 586//15
f 586//15 587//15 584//15
f 584//15 587//15 588//15
f 584//15 588//15 589//15
f 589//15 588//15 590//15
f 589//15 590//15 591//15
f 592//15 593//15 594//15
f 594//15 593//15 595//15
f 596//15 597//15 598//15
f 598//15 597//15 599//15
f 599//15 600//15 598//15
f 598//15 600//15 601//15
f 598//15 601//15 602//15
f 602//15 601//15 603//15
f 602//15 603//15 604//15
f 605//15 606//15 607//15
f 607//15 606//15 608//15
f 606//15 311//15 608//15
f 608//15 311//15 313//15
f 608//15 313//15 609//15
f 609//15 313//15 559//15
f 609//15 559//15 610//15
f 610//15 559//15 611//15
f 612//15 613//15 607//15
f 607//15 613//15 614//15
f 607//15 614//15 605//15
f 607//15 615//15 302//15
f 302//15 615//15 616//15
f 302//15 301//15 607//15
f 607//15 301//15 617//15
f 607//15 617//15 612//15
f 616//15 618//15 302//15
f 302//15 618//15 619//15
f 302//15 619//15 620//15
f 619//15 621//15 620//15
f 620//15 621//15 622//15
f 620//15 622//15 623//15
f 623//15 624//15 620//15
f 620//15 624//15 625//15
f 620//15 625//15 626//15
f 626//15 625//15 627//15
f 626//15 627//15 596//15
f 596//15 627//15 628//15
f 596//15 628//15 597//15
f 629//15 630//15 631//15
f 631//15 630//15 632//15
f 631//15 632//15 633//15
f 634//15 635//15 309//15
f 309//15 635//15 636//15
f 310//15 309//15 637//15
f 637//15 309//15 636//15
f 637//15 636//15 638//15
f 639//15 640//15 629//15
f 629//15 640//15 641//15
f 629//15 641//15 630//15
f 630//15 641//15 642//15
f 630//15 642//15 643//15
f 643//15 642//15 644//15
f 643//15 644//15 645//15
f 645//15 644//15 646//15
f 645//15 646//15 647//15
f 647//15 646//15 648//15
f 647//15 648//15 638//15
f 638//15 648//15 649//15
f 638//15 649//15 637//15
f 602//15 650//15 651//15
f 651//15 652//15 602//15
f 602//15 652//15 653//15
f 602//15 653//15 654//15
f 655//15 656//15 598//15
f 598//15 656//15 657//15
f 598//15 657//15 639//15
f 654//15 658//15 602//15
f 602//15 658//15 659//15
f 602//15 659//15 598//15
f 598//15 659//15 660//15
f 598//15 660//15 655//15
f 661//15 662//15 663//15
f 662//15 661//15 664//15
f 664//15 661//15 591//15
f 664//15 591//15 665//15
f 666//15 667//15 668//15
f 668//15 667//15 669//15
f 670//15 671//15 321//15
f 672//15 673//15 319//15
f 319//15 673//15 674//15
f 675//15 676//15 677//15
f 677//15 676//15 678//15
f 669//15 667//15 679//15
f 679//15 667//15 680//15
f 679//15 680//15 681//15
f 674//15 682//15 319//15
f 319//15 682//15 683//15
f 319//15 683//15 684//15
f 685//15 686//15 678//15
f 678//15 686//15 687//15
f 678//15 687//15 677//15
f 688//15 689//15 690//15
f 690//15 689//15 691//15
f 690//15 691//15 321//15
f 321//15 691//15 692//15
f 321//15 692//15 670//15
f 671//15 693//15 321//15
f 321//15 693//15 694//15
f 321//15 694//15 319//15
f 319//15 694//15 695//15
f 319//15 695//15 672//15
f 696//15 697//15 698//15
f 698//15 697//15 686//15
f 698//15 686//15 699//15
f 699//15 686//15 685//15
f 699//15 685//15 700//15
f 701//15 702//15 690//15
f 690//15 702//15 703//15
f 690//15 703//15 688//15
f 704//15 694//15 705//15
f 705//15 694//15 678//15
f 705//15 678//15 706//15
f 706//15 678//15 676//15
f 706//15 676//15 707//15
f 707//15 676//15 708//15
f 707//15 708//15 709//15
f 704//15 710//15 694//15
f 694//15 710//15 711//15
f 694//15 711//15 712//15
f 712//15 713//15 694//15
f 694//15 713//15 714//15
f 694//15 714//15 695//15
f 312//15 715//15 313//15
f 313//15 715//15 716//15
f 313//15 716//15 505//15
f 505//15 716//15 717//15
f 505//15 717//15 573//15
f 568//15 488//15 567//15
f 567//15 488//15 576//15
f 567//15 576//15 718//15
f 718//15 576//15 719//15
f 718//15 719//15 720//15
f 720//15 719//15 721//15
f 720//15 721//15 302//15
f 302//15 721//15 722//15
f 302//15 722//15 300//15
f 684//15 723//15 724//15
f 679//15 725//15 726//15
f 727//15 728//15 669//15
f 679//15 726//15 669//15
f 669//15 726//15 729//15
f 669//15 729//15 727//15
f 730//15 731//15 319//15
f 319//15 731//15 732//15
f 319//15 732//15 373//15
f 373//15 732//15 733//15
f 373//15 733//15 734//15
f 735//15 736//15 737//15
f 737//15 736//15 738//15
f 737//15 738//15 739//15
f 739//15 738//15 740//15
f 741//15 742//15 743//15
f 743//15 742//15 744//15
f 743//15 744//15 745//15
f 724//15 746//15 684//15
f 684//15 746//15 747//15
f 684//15 747//15 748//15
f 748//15 749//15 684//15
f 684//15 749//15 750//15
f 684//15 750//15 319//15
f 319//15 750//15 751//15
f 319//15 751//15 730//15
f 735//15 752//15 736//15
f 736//15 752//15 753//15
f 736//15 753//15 754//15
f 734//15 736//15 373//15
f 373//15 736//15 754//15
f 373//15 754//15 743//15
f 743//15 754//15 755//15
f 743//15 755//15 741//15
f 663//15 303//15 661//15
f 661//15 303//15 305//15
f 661//15 305//15 756//15
f 756//15 305//15 307//15
f 756//15 307//15 757//15
f 757//15 307//15 337//15
f 757//15 337//15 595//15
f 595//15 337//15 371//15
f 595//15 371//15 594//15
f 469//15 481//15 400//15
f 400//15 481//15 743//15
f 400//15 743//15 679//15
f 679//15 743//15 745//15
f 679//15 745//15 725//15
f 398//15 400//15 419//15
f 419//15 400//15 679//15
f 419//15 679//15 701//15
f 701//15 679//15 681//15
f 701//15 681//15 702//15
f 602//15 758//15 650//15
f 650//15 758//15 430//15
f 650//15 430//15 308//15
f 308//15 430//15 419//15
f 308//15 419//15 309//15
f 309//15 419//15 701//15
f 309//15 701//15 634//15
f 634//15 701//15 690//15
f 634//15 690//15 635//15
f 639//15 629//15 759//15
f 759//15 629//15 631//15
f 759//15 631//15 760//15
f 760//15 631//15 633//15
f 760//15 633//15 761//15
f 761//15 633//15 762//15
f 761//15 762//15 588//15
f 588//15 762//15 763//15
f 588//15 763//15 590//15
f 590//15 763//15 764//15
f 590//15 764//15 591//15
f 591//15 764//15 765//15
f 591//15 765//15 665//15
f 766//15 767//15 768//15
f 769//15 770//15 758//15
f 771//15 772//15 767//15
f 767//15 772//15 773//15
f 767//15 773//15 768//15
f 774//15 775//15 411//15
f 776//15 777//15 778//15
f 779//15 780//15 430//15
f 430//15 780//15 781//15
f 782//15 783//15 784//15
f 774//15 411//15 785//15
f 770//15 786//15 758//15
f 758//15 786//15 787//15
f 758//15 787//15 430//15
f 430//15 787//15 788//15
f 430//15 788//15 779//15
f 768//15 789//15 766//15
f 766//15 789//15 790//15
f 766//15 790//15 778//15
f 778//15 790//15 791//15
f 778//15 791//15 776//15
f 792//15 793//15 794//15
f 794//15 793//15 411//15
f 794//15 411//15 795//15
f 795//15 411//15 775//15
f 781//15 796//15 430//15
f 430//15 796//15 797//15
f 430//15 797//15 798//15
f 799//15 800//15 801//15
f 801//15 800//15 802//15
f 803//15 804//15 805//15
f 798//15 782//15 430//15
f 430//15 782//15 784//15
f 430//15 784//15 411//15
f 411//15 784//15 806//15
f 411//15 806//15 785//15
f 792//15 807//15 793//15
f 793//15 807//15 808//15
f 793//15 808//15 809//15
f 783//15 810//15 784//15
f 784//15 810//15 811//15
f 784//15 811//15 771//15
f 771//15 811//15 812//15
f 771//15 812//15 772//15
f 813//15 801//15 814//15
f 814//15 801//15 802//15
f 814//15 802//15 815//15
f 815//15 802//15 816//15
f 815//15 816//15 817//15
f 799//15 818//15 800//15
f 800//15 818//15 803//15
f 800//15 803//15 819//15
f 819//15 803//15 805//15
f 817//15 816//15 809//15
f 809//15 816//15 820//15
f 809//15 820//15 793//15
f 793//15 820//15 821//15
f 793//15 821//15 758//15
f 758//15 821//15 822//15
f 758//15 822//15 769//15
f 604//15 611//15 602//15
f 602//15 611//15 559//15
f 602//15 559//15 758//15
f 758//15 559//15 485//15
f 758//15 485//15 793//15
f 793//15 485//15 483//15
f 568//15 823//15 488//15
f 488//15 823//15 824//15
f 488//15 824//15 483//15
f 483//15 824//15 825//15
f 483//15 825//15 793//15
f 793//15 825//15 480//15
f 793//15 480//15 411//15
f 411//15 480//15 479//15
f 411//15 479//15 450//15
f 759//15 826//15 639//15
f 639//15 826//15 827//15
f 639//15 827//15 598//15
f 598//15 827//15 828//15
f 598//15 828//15 596//15
f 596//15 828//15 829//15
f 596//15 829//15 626//15
f 626//15 829//15 830//15
f 626//15 830//15 620//15
f 587//15 831//15 588//15
f 588//15 831//15 832//15
f 588//15 832//15 761//15
f 761//15 832//15 833//15
f 761//15 833//15 760//15
f 760//15 833//15 834//15
f 760//15 834//15 759//15
f 759//15 834//15 835//15
f 759//15 835//15 826//15
f 826//15 835//15 836//15
f 826//15 836//15 827//15
f 827//15 836//15 837//15
f 827//15 837//15 828//15
f 828//15 837//15 583//15
f 828//15 583//15 829//15
f 829//15 583//15 582//15
f 829//15 582//15 830//15
f 838//81 568//81 566//81
f 838//81 566//81 839//81
f 839//82 566//82 565//82
f 839//82 565//82 840//82
f 840//83 565//83 567//83
f 840//83 567//83 841//83
f 841//84 567//84 718//84
f 841//84 718//84 842//84
f 842//13 718//13 720//13
f 830//13 843//13 620//13
f 620//13 843//13 842//13
f 620//13 842//13 302//13
f 302//13 842//13 720//13
f 843//85 830//85 582//85
f 843//85 582//85 844//85
f 844//86 582//86 580//86
f 844//86 580//86 845//86
f 845//87 580//87 579//87
f 845//87 579//87 846//87
f 846//88 579//88 581//88
f 846//88 581//88 847//88
f 175//7 176//7 847//7
f 848//7 4//7 2//7
f 27//7 837//7 836//7
f 837//7 177//7 583//7
f 583//7 177//7 175//7
f 583//7 175//7 581//7
f 581//7 175//7 847//7
f 837//7 27//7 177//7
f 177//7 27//7 28//7
f 177//7 28//7 178//7
f 836//7 835//7 27//7
f 27//7 835//7 834//7
f 27//7 834//7 833//7
f 833//7 832//7 27//7
f 27//7 832//7 831//7
f 27//7 831//7 2//7
f 2//7 831//7 587//7
f 2//7 587//7 848//7
f 848//89 587//89 586//89
f 848//89 586//89 849//89
f 849//90 586//90 585//90
f 849//90 585//90 850//90
f 850//91 585//91 584//91
f 850//91 584//91 851//91
f 851//92 584//92 589//92
f 851//92 589//92 852//92
f 756//1 757//1 853//1
f 852//1 589//1 591//1
f 852//1 591//1 853//1
f 853//1 591//1 661//1
f 853//1 661//1 756//1
f 853//93 757//93 595//93
f 853//93 595//93 854//93
f 854//94 595//94 593//94
f 854//94 593//94 855//94
f 855//95 593//95 592//95
f 855//95 592//95 856//95
f 856//96 592//96 594//96
f 856//96 594//96 857//96
f 100//14 101//14 857//14
f 568//14 838//14 251//14
f 251//14 838//14 252//14
f 568//14 251//14 823//14
f 823//14 251//14 249//14
f 823//14 249//14 824//14
f 857//14 594//14 100//14
f 100//14 594//14 371//14
f 100//14 371//14 102//14
f 102//14 371//14 373//14
f 373//14 743//14 102//14
f 102//14 743//14 481//14
f 102//14 481//14 480//14
f 480//14 825//14 102//14
f 102//14 825//14 824//14
f 102//14 824//14 103//14
f 103//14 824//14 249//14
f 103//14 249//14 250//14
f 858//16 859//16 98//16
f 98//16 859//16 860//16
f 98//16 860//16 101//16
f 252//16 861//16 862//16
f 238//16 235//16 863//16
f 860//16 60//16 101//16
f 101//16 60//16 4//16
f 101//16 4//16 848//16
f 864//97 226//97 865//97
f 865//16 226//16 866//16
f 176//16 252//16 838//16
f 858//16 867//16 859//16
f 859//16 867//16 868//16
f 859//16 868//16 869//16
f 869//16 868//16 89//16
f 869//16 89//16 870//16
f 870//16 89//16 86//16
f 870//16 86//16 871//16
f 872//16 873//16 209//16
f 209//16 873//16 287//16
f 209//16 287//16 862//16
f 862//16 287//16 874//16
f 862//16 874//16 252//16
f 252//16 874//16 875//16
f 252//16 875//16 226//16
f 226//16 875//16 876//16
f 226//16 876//16 866//16
f 863//16 235//16 866//16
f 866//16 235//16 877//16
f 866//16 877//16 865//16
f 848//16 849//16 850//16
f 838//16 839//16 840//16
f 844//16 845//16 843//16
f 843//16 845//16 846//16
f 855//16 856//16 854//16
f 854//16 856//16 857//16
f 854//16 857//16 853//16
f 853//16 857//16 101//16
f 853//16 101//16 852//16
f 852//16 101//16 848//16
f 852//16 848//16 851//16
f 851//16 848//16 850//16
f 846//16 847//16 843//16
f 843//16 847//16 176//16
f 843//16 176//16 842//16
f 842//16 176//16 838//16
f 842//16 838//16 841//16
f 841//16 838//16 840//16
f 872//16 209//16 878//16
f 878//16 209//16 879//16
f 878//16 879//16 178//16
f 178//16 879//16 880//16
f 178//16 880//16 152//16
f 152//16 880//16 881//16
f 152//16 881//16 882//16
f 861//16 252//16 883//16
f 883//16 252//16 176//16
f 883//16 176//16 884//16
f 884//16 176//16 173//16
f 884//16 173//16 885//16
f 860//16 886//16 28//16
f 28//16 886//16 887//16
f 28//16 887//16 138//16
f 888//16 77//16 889//16
f 889//16 77//16 103//16
f 889//16 103//16 890//16
f 891//16 892//16 247//16
f 247//16 892//16 878//16
f 247//16 878//16 250//16
f 250//16 878//16 178//16
f 250//16 178//16 103//16
f 103//16 178//16 28//16
f 103//16 28//16 890//16
f 890//16 28//16 138//16
f 60//16 893//16 4//16
f 4//16 893//16 894//16
f 4//16 894//16 3//16
f 3//16 894//16 895//16
f 16//16 13//16 896//16
f 897//16 152//16 898//16
f 898//16 152//16 882//16
f 898//16 882//16 899//16
f 899//16 882//16 161//16
f 882//16 900//16 161//16
f 161//16 900//16 901//16
f 161//16 901//16 164//16
f 164//16 901//16 902//16
f 164//16 902//16 903//16
f 903//16 902//16 884//16
f 903//16 884//16 904//16
f 904//16 884//16 885//16
f 888//16 905//16 77//16
f 77//16 905//16 906//16
f 77//16 906//16 907//16
f 895//16 908//16 3//16
f 3//16 908//16 909//16
f 3//16 909//16 910//16
f 871//16 86//16 905//16
f 905//16 86//16 911//16
f 905//16 911//16 906//16
f 863//16 912//16 238//16
f 238//16 912//16 913//16
f 238//16 913//16 914//16
f 914//16 913//16 892//16
f 914//16 892//16 915//16
f 915//16 892//16 891//16
f 896//16 13//16 908//16
f 908//16 13//16 916//16
f 908//16 916//16 909//16
f 917//16 918//16 25//16
f 25//16 918//16 919//16
f 25//16 919//16 28//16
f 28//16 919//16 920//16
f 28//16 920//16 860//16
f 860//16 920//16 921//16
f 860//16 921//16 60//16
f 896//16 922//16 16//16
f 16//16 922//16 923//16
f 16//16 923//16 924//16
f 924//16 923//16 918//16
f 924//16 918//16 925//16
f 925//16 918//16 917//16
f 926//98 627//98 927//98
f 927//98 627//98 625//98
f 927//99 625//99 928//99
f 928//99 625//99 624//99
f 928//100 624//100 929//100
f 929//100 624//100 623//100
f 929//101 623//101 930//101
f 930//101 623//101 622//101
f 930//102 622//102 931//102
f 931//102 622//102 621//102
f 931//1 621//1 932//1
f 932//1 621//1 619//1
f 932//103 619//103 933//103
f 933//103 619//103 618//103
f 933//104 618//104 934//104
f 934//104 618//104 616//104
f 934//105 616//105 935//105
f 935//105 616//105 615//105
f 935//106 615//106 936//106
f 936//106 615//106 607//106
f 936//107 607//107 937//107
f 937//107 607//107 608//107
f 937//108 608//108 938//108
f 938//108 608//108 609//108
f 938//109 609//109 939//109
f 939//109 609//109 610//109
f 939//110 610//110 940//110
f 940//110 610//110 611//110
f 940//111 611//111 941//111
f 941//111 611//111 604//111
f 941//112 604//112 942//112
f 942//112 604//112 603//112
f 942//13 603//13 943//13
f 943//13 603//13 601//13
f 943//113 601//113 944//113
f 944//113 601//113 600//113
f 944//114 600//114 945//114
f 945//114 600//114 599//114
f 945//115 599//115 946//115
f 946//115 599//115 597//115
f 946//116 597//116 947//116
f 947//116 597//116 628//116
f 947//117 628//117 926//117
f 926//117 628//117 627//117
f 937//15 938//15 948//15
f 934//15 935//15 948//15
f 948//15 935//15 936//15
f 948//15 936//15 937//15
f 931//15 932//15 948//15
f 948//15 932//15 933//15
f 948//15 933//15 934//15
f 928//15 929//15 948//15
f 948//15 929//15 930//15
f 948//15 930//15 931//15
f 947//15 926//15 948//15
f 948//15 926//15 927//15
f 948//15 927//15 928//15
f 944//15 945//15 948//15
f 948//15 945//15 946//15
f 948//15 946//15 947//15
f 941//15 942//15 948//15
f 948//15 942//15 943//15
f 948//15 943//15 944//15
f 938//15 939//15 948//15
f 948//15 939//15 940//15
f 948//15 940//15 941//15
f 949//98 950//98 951//98
f 951//98 950//98 657//98
f 951//99 657//99 952//99
f 952//99 657//99 656//99
f 952//100 656//100 953//100
f 953//100 656//100 655//100
f 953//101 655//101 954//101
f 954//101 655//101 660//101
f 954//102 660//102 955//102
f 955//102 660//102 659//102
f 955//1 659//1 956//1
f 956//1 659//1 658//1
f 956//103 658//103 957//103
f 957//103 658//103 654//103
f 957//104 654//104 958//104
f 958//104 654//104 653//104
f 958//105 653//105 959//105
f 959//105 653//105 652//105
f 959//106 652//106 960//106
f 960//106 652//106 651//106
f 960//107 651//107 961//107
f 961//107 651//107 650//107
f 961//108 650//108 962//108
f 962//108 650//108 308//108
f 962//109 308//109 963//109
f 963//109 308//109 310//109
f 963//110 310//110 964//110
f 964//110 310//110 637//110
f 964//111 637//111 965//111
f 965//111 637//111 649//111
f 965//112 649//112 966//112
f 966//112 649//112 648//112
f 966//13 648//13 967//13
f 967//13 648//13 646//13
f 967//113 646//113 968//113
f 968//113 646//113 644//113
f 968//114 644//114 969//114
f 969//114 644//114 642//114
f 969//115 642//115 970//115
f 970//115 642//115 641//115
f 970//116 641//116 971//116
f 971//116 641//116 640//116
f 971//117 640//117 949//117
f 949//117 640//117 950//117
f 972//15 962//15 973//15
f 958//15 959//15 973//15
f 973//15 959//15 960//15
f 973//15 960//15 972//15
f 955//15 956//15 973//15
f 973//15 956//15 957//15
f 973//15 957//15 958//15
f 952//15 953//15 973//15
f 973//15 953//15 954//15
f 973//15 954//15 955//15
f 971//15 974//15 973//15
f 973//15 974//15 951//15
f 973//15 951//15 952//15
f 968//15 969//15 973//15
f 973//15 969//15 970//15
f 973//15 970//15 971//15
f 965//15 966//15 973//15
f 973//15 966//15 967//15
f 973//15 967//15 968//15
f 962//15 963//15 973//15
f 973//15 963//15 964//15
f 973//15 964//15 965//15
f 635//106 690//106 975//106
f 975//118 690//118 321//118
f 975//119 321//119 976//119
f 976//120 321//120 320//120
f 976//108 320//108 977//108
f 977//108 320//108 306//108
f 977//109 306//109 978//109
f 978//109 306//109 304//109
f 978//110 304//110 979//110
f 979//110 304//110 303//110
f 979//111 303//111 980//111
f 980//111 303//111 663//111
f 980//112 663//112 981//112
f 981//112 663//112 662//112
f 981//13 662//13 982//13
f 982//13 662//13 664//13
f 982//113 664//113 983//113
f 983//113 664//113 665//113
f 983//114 665//114 984//114
f 984//114 665//114 765//114
f 984//115 765//115 985//115
f 985//115 765//115 764//115
f 985//116 764//116 986//116
f 986//116 764//116 763//116
f 986//117 763//117 987//117
f 987//117 763//117 762//117
f 987//98 762//98 988//98
f 988//98 762//98 633//98
f 988//99 633//99 989//99
f 989//99 633//99 632//99
f 989//100 632//100 990//100
f 990//100 632//100 630//100
f 990//101 630//101 991//101
f 991//101 630//101 643//101
f 991//102 643//102 992//102
f 992//102 643//102 645//102
f 992//1 645//1 993//1
f 993//1 645//1 647//1
f 993//103 647//103 994//103
f 994//103 647//103 638//103
f 994//104 638//104 995//104
f 995//104 638//104 636//104
f 995//105 636//105 996//105
f 996//105 636//105 635//105
f 996//106 635//106 975//106
f 976//15 977//15 997//15
f 995//15 996//15 997//15
f 997//15 996//15 975//15
f 997//15 975//15 976//15
f 992//15 993//15 997//15
f 997//15 993//15 994//15
f 997//15 994//15 995//15
f 989//15 990//15 997//15
f 997//15 990//15 991//15
f 997//15 991//15 992//15
f 986//15 987//15 997//15
f 997//15 987//15 988//15
f 997//15 988//15 989//15
f 983//15 984//15 997//15
f 997//15 984//15 985//15
f 997//15 985//15 986//15
f 980//15 981//15 997//15
f 997//15 981//15 982//15
f 997//15 982//15 983//15
f 977//15 978//15 997//15
f 997//15 978//15 979//15
f 997//15 979//15 980//15
f 163//88 164//88 903//88
f 163//88 903//88 998//88
f 998//87 903//87 904//87
f 998//87 904//87 999//87
f 999//86 904//86 885//86
f 999//86 885//86 1000//86
f 1000//85 885//85 173//85
f 1000//85 173//85 174//85
f 151//92 152//92 897//92
f 151//92 897//92 1001//92
f 1001//91 897//91 898//91
f 1001//91 898//91 1002//91
f 1002//90 898//90 899//90
f 1002//90 899//90 1003//90
f 1003//89 899//89 161//89
f 1003//89 161//89 162//89
f 1004//15 177//15 1005//15
f 1005//15 177//15 151//15
f 1005//15 151//15 1006//15
f 1006//15 151//15 1001//15
f 1001//15 1002//15 1006//15
f 1006//15 1002//15 1003//15
f 1006//15 1003//15 1007//15
f 1007//15 1003//15 162//15
f 1007//15 162//15 1008//15
f 1009//15 174//15 1010//15
f 1010//15 174//15 175//15
f 1004//15 1011//15 177//15
f 177//15 1011//15 183//15
f 175//15 183//15 1012//15
f 175//15 1012//15 1010//15
f 1009//15 1013//15 174//15
f 174//15 1013//15 999//15
f 174//15 999//15 1000//15
f 1008//15 162//15 1014//15
f 1014//15 162//15 163//15
f 1014//15 163//15 1013//15
f 1013//15 163//15 998//15
f 1013//15 998//15 999//15
f 15//88 16//88 924//88
f 15//88 924//88 1015//88
f 1015//87 924//87 925//87
f 1015//87 925//87 1016//87
f 1016//86 925//86 917//86
f 1016//86 917//86 1017//86
f 1017//85 917//85 25//85
f 1017//85 25//85 26//85
f 1//92 3//92 910//92
f 1//92 910//92 1018//92
f 1018//91 910//91 909//91
f 1018//91 909//91 1019//91
f 1019//90 909//90 916//90
f 1019//90 916//90 1020//90
f 1020//89 916//89 13//89
f 1020//89 13//89 14//89
f 1021//15 2//15 1022//15
f 1022//15 2//15 1//15
f 1022//15 1//15 1023//15
f 1023//15 1//15 1018//15
f 1021//15 1024//15 2//15
f 2//15 1024//15 35//15
f 1018//15 1019//15 1023//15
f 1023//15 1019//15 1020//15
f 1023//15 1020//15 1025//15
f 1025//15 1020//15 14//15
f 1025//15 14//15 45//15
f 45//15 15//15 1026//15
f 1027//15 26//15 1028//15
f 1028//15 26//15 27//15
f 1028//15 27//15 1029//15
f 1029//15 27//15 35//15
f 1027//15 1030//15 26//15
f 26//15 1030//15 1016//15
f 26//15 1016//15 1017//15
f 1026//15 15//15 1030//15
f 1030//15 15//15 1015//15
f 1030//15 1015//15 1016//15
f 237//96 238//96 914//96
f 237//96 914//96 1031//96
f 1031//95 914//95 915//95
f 1031//95 915//95 1032//95
f 1032//94 915//94 891//94
f 1032//94 891//94 1033//94
f 1033//93 891//93 247//93
f 1033//93 247//93 248//93
f 225//84 226//84 864//84
f 225//84 864//84 1034//84
f 1034//83 864//83 865//83
f 1034//83 865//83 1035//83
f 1035//82 865//82 877//82
f 1035//82 877//82 1036//82
f 1036//81 877//81 235//81
f 1036//81 235//81 236//81
f 1037//15 249//15 257//15
f 257//15 251//15 1038//15
f 1039//15 248//15 1040//15
f 1040//15 248//15 249//15
f 1040//15 249//15 1041//15
f 1041//15 249//15 1037//15
f 1034//15 1042//15 225//15
f 225//15 1042//15 1043//15
f 225//15 1043//15 251//15
f 251//15 1043//15 1044//15
f 251//15 1044//15 1038//15
f 1033//15 248//15 1032//15
f 1032//15 248//15 1039//15
f 1032//15 1039//15 1031//15
f 1031//15 1039//15 237//15
f 1039//15 1045//15 237//15
f 237//15 1045//15 275//15
f 236//15 275//15 1046//15
f 236//15 1046//15 1036//15
f 1036//15 1046//15 1042//15
f 1036//15 1042//15 1035//15
f 1035//15 1042//15 1034//15
f 88//96 89//96 868//96
f 88//96 868//96 1047//96
f 1047//95 868//95 867//95
f 1047//95 867//95 1048//95
f 1048//94 867//94 858//94
f 1048//94 858//94 1049//94
f 1049//93 858//93 98//93
f 1049//93 98//93 99//93
f 76//84 77//84 907//84
f 76//84 907//84 1050//84
f 1050//83 907//83 906//83
f 1050//83 906//83 1051//83
f 1051//82 906//82 911//82
f 1051//82 911//82 1052//82
f 1052//81 911//81 86//81
f 1052//81 86//81 87//81
f 1053//15 100//15 108//15
f 108//15 102//15 1054//15
f 1048//15 1049//15 99//15
f 87//15 88//15 1055//15
f 1053//15 1056//15 100//15
f 100//15 1056//15 1057//15
f 100//15 1057//15 99//15
f 99//15 1057//15 1058//15
f 99//15 1058//15 1048//15
f 1050//15 1059//15 76//15
f 76//15 1059//15 1060//15
f 76//15 1060//15 102//15
f 102//15 1060//15 1061//15
f 102//15 1061//15 1054//15
f 1055//15 88//15 1058//15
f 1058//15 88//15 1047//15
f 1058//15 1047//15 1048//15
f 1055//15 127//15 87//15
f 87//15 127//15 1062//15
f 87//15 1062//15 1052//15
f 1052//15 1062//15 1059//15
f 1052//15 1059//15 1051//15
f 1051//15 1059//15 1050//15
f 35//121 60//121 1029//121
f 1029//121 60//121 921//121
f 1029//4 921//4 1028//4
f 1028//4 921//4 920//4
f 1028//122 920//122 1027//122
f 1027//122 920//122 919//122
f 1027//123 919//123 1030//123
f 1030//123 919//123 918//123
f 1030//50 918//50 1026//50
f 1026//50 918//50 923//50
f 1026//124 923//124 45//124
f 45//124 923//124 922//124
f 45//125 922//125 1025//125
f 1025//125 922//125 896//125
f 1025//45 896//45 1023//45
f 1023//45 896//45 908//45
f 1023//126 908//126 1022//126
f 1022//126 908//126 895//126
f 1022//127 895//127 1021//127
f 1021//127 895//127 894//127
f 1021//10 894//10 1024//10
f 1024//10 894//10 893//10
f 1024//128 893//128 35//128
f 35//128 893//128 60//128
f 108//125 138//125 1053//125
f 1053//125 138//125 887//125
f 1053//45 887//45 1056//45
f 1056//45 887//45 886//45
f 1056//126 886//126 1057//126
f 1057//126 886//126 860//126
f 1057//127 860//127 1058//127
f 1058//127 860//127 859//127
f 1058//10 859//10 1055//10
f 1055//10 859//10 869//10
f 1055//128 869//128 127//128
f 127//128 869//128 870//128
f 127//121 870//121 1062//121
f 1062//121 870//121 871//121
f 1062//4 871//4 1059//4
f 1059//4 871//4 905//4
f 1059//122 905//122 1060//122
f 1060//122 905//122 888//122
f 1060//123 888//123 1061//123
f 1061//123 888//123 889//123
f 1061//50 889//50 1054//50
f 1054//50 889//50 890//50
f 1054//124 890//124 108//124
f 108//124 890//124 138//124
f 257//125 287//125 1037//125
f 1037//125 287//125 873//125
f 1037//45 873//45 1041//45
f 1041//45 873//45 872//45
f 1041//126 872//126 1040//126
f 1040//126 872//126 878//126
f 1040//127 878//127 1039//127
f 1039//127 878//127 892//127
f 1039//10 892//10 1045//10
f 1045//10 892//10 913//10
f 1045//128 913//128 275//128
f 275//128 913//128 912//128
f 275//121 912//121 1046//121
f 1046//121 912//121 863//121
f 1046//4 863//4 1042//4
f 1042//4 863//4 866//4
f 1042//122 866//122 1043//122
f 1043//122 866//122 876//122
f 1043//123 876//123 1044//123
f 1044//123 876//123 875//123
f 1044//50 875//50 1038//50
f 1038//50 875//50 874//50
f 1038//124 874//124 257//124
f 257//124 874//124 287//124
f 183//121 209//121 1012//121
f 1012//121 209//121 862//121
f 1012//4 862//4 1010//4
f 1010//4 862//4 861//4
f 1010//122 861//122 1009//122
f 1009//122 861//122 883//122
f 1009//123 883//123 1013//123
f 1013//123 883//123 884//123
f 1013//50 884//50 1014//50
f 1014//50 884//50 902//50
f 1014//124 902//124 1008//124
f 1008//124 902//124 901//124
f 1008//125 901//125 1007//125
f 1007//125 901//125 900//125
f 1007//45 900//45 1006//45
f 1006//45 900//45 882//45
f 1006//126 882//126 1005//126
f 1005//126 882//126 881//126
f 1005//127 881//127 1004//127
f 1004//127 881//127 880//127
f 1004//10 880//10 1011//10
f 1011//10 880//10 879//10
f 1011//128 879//128 183//128
f 183//128 879//128 209//128
f 1063//129 1064//129 574//129
f 574//129 1064//129 575//129
f 1064//7 1065//7 575//7
f 575//7 1065//7 576//7
f 1065//130 1066//130 576//130
f 576//130 1066//130 719//130
f 1067//131 606//131 605//131
f 1067//132 605//132 1068//132
f 1068//133 605//133 614//133
f 1068//134 614//134 1069//134
f 1069//135 614//135 613//135
f 1069//135 613//135 1070//135
f 1070//136 613//136 612//136
f 1070//136 612//136 1071//136
f 1071//137 612//137 617//137
f 1071//137 617//137 1072//137
f 1072//138 617//138 301//138
f 1072//138 301//138 1073//138
f 1073//139 301//139 300//139
f 1073//139 300//139 1074//139
f 1074//140 300//140 722//140
f 1074//140 722//140 1075//140
f 1075//141 722//141 721//141
f 1075//141 721//141 1076//141
f 1076//142 721//142 719//142
f 1076//142 719//142 1066//142
f 1077//143 312//143 311//143
f 1077//143 311//143 1078//143
f 1078//144 311//144 606//144
f 1078//145 606//145 1067//145
f 1077//146 1079//146 1080//146
f 1080//146 1079//146 1081//146
f 1079//147 1082//147 715//147
f 715//147 1082//147 716//147
f 1083//148 569//148 572//148
f 1083//148 572//148 1084//148
f 1084//149 572//149 573//149
f 1084//149 573//149 1085//149
f 1085//150 573//150 717//150
f 1085//150 717//150 1086//150
f 1086//151 717//151 716//151
f 1086//151 716//151 1082//151
f 1083//152 1087//152 569//152
f 569//152 1087//152 570//152
f 1087//153 1088//153 1089//153
f 1089//153 1088//153 1090//153
f 1088//154 1091//154 1090//154
f 1090//154 1091//154 1092//154
f 1063//155 574//155 578//155
f 1063//155 578//155 1093//155
f 1093//156 578//156 577//156
f 1093//156 577//156 1091//156
f 1087//15 1065//15 1064//15
f 1091//15 1088//15 1093//15
f 1093//15 1088//15 1087//15
f 1093//15 1087//15 1063//15
f 1063//15 1087//15 1064//15
f 1085//15 1076//15 1084//15
f 1084//15 1076//15 1066//15
f 1065//15 1087//15 1066//15
f 1066//15 1087//15 1083//15
f 1066//15 1083//15 1084//15
f 1085//15 1086//15 1076//15
f 1076//15 1086//15 1082//15
f 1076//15 1082//15 1075//15
f 1075//15 1082//15 1079//15
f 1075//15 1079//15 1074//15
f 1074//15 1079//15 1077//15
f 1074//15 1077//15 1073//15
f 1067//15 1068//15 1078//15
f 1078//15 1068//15 1069//15
f 1069//15 1070//15 1078//15
f 1078//15 1070//15 1071//15
f 1078//15 1071//15 1077//15
f 1077//15 1071//15 1072//15
f 1077//15 1072//15 1073//15
f 1094//157 1095//157 1096//157
f 1096//158 1095//158 1097//158
f 1098//159 541//159 539//159
f 1098//159 539//159 1099//159
f 1099//160 539//160 543//160
f 1099//160 543//160 1100//160
f 1100//161 543//161 533//161
f 1100//161 533//161 1095//161
f 1098//162 1101//162 541//162
f 541//162 1101//162 542//162
f 1102//163 538//163 540//163
f 1102//163 540//163 1103//163
f 1103//164 540//164 542//164
f 1103//164 542//164 1101//164
f 1102//165 1104//165 1105//165
f 1105//165 1104//165 1106//165
f 1107//166 532//166 534//166
f 1107//167 534//167 1108//167
f 1108//168 534//168 544//168
f 1108//169 544//169 1104//169
f 1107//170 1109//170 532//170
f 532//170 1109//170 506//170
f 1109//171 1110//171 506//171
f 506//171 1110//171 535//171
f 1111//172 548//172 546//172
f 1111//173 546//173 1112//173
f 1112//174 546//174 545//174
f 1112//174 545//174 1113//174
f 1113//175 545//175 547//175
f 1113//176 547//176 1114//176
f 1114//177 547//177 513//177
f 1114//178 513//178 1115//178
f 1115//179 513//179 512//179
f 1115//180 512//180 1116//180
f 1116//181 512//181 511//181
f 1116//182 511//182 1117//182
f 1117//183 511//183 510//183
f 1117//183 510//183 1118//183
f 1118//184 510//184 509//184
f 1118//184 509//184 1119//184
f 1119//185 509//185 508//185
f 1119//186 508//186 1120//186
f 1120//187 508//187 535//187
f 1120//187 535//187 1110//187
f 1111//188 1121//188 1122//188
f 1122//188 1121//188 1123//188
f 1121//189 1124//189 1123//189
f 1123//190 1124//190 1125//190
f 1124//191 1126//191 551//191
f 551//192 1126//192 550//192
f 1126//10 1127//10 550//10
f 550//10 1127//10 517//10
f 1128//193 519//193 518//193
f 1128//194 518//194 1129//194
f 1129//195 518//195 517//195
f 1129//195 517//195 1127//195
f 1128//196 1130//196 519//196
f 519//196 1130//196 520//196
f 1131//197 495//197 493//197
f 1131//198 493//198 1132//198
f 1132//199 493//199 492//199
f 1132//200 492//200 1133//200
f 1133//201 492//201 487//201
f 1133//202 487//202 1134//202
f 1134//203 487//203 486//203
f 1134//203 486//203 1135//203
f 1135//204 486//204 497//204
f 1135//204 497//204 1136//204
f 1136//205 497//205 520//205
f 1136//205 520//205 1130//205
f 1131//206 1137//206 495//206
f 495//206 1137//206 496//206
f 1138//207 489//207 494//207
f 1138//207 494//207 1139//207
f 1139//208 494//208 496//208
f 1139//208 496//208 1137//208
f 1138//209 1140//209 1141//209
f 1141//209 1140//209 1142//209
f 1143//210 556//210 504//210
f 1143//210 504//210 1144//210
f 1144//211 504//211 503//211
f 1144//211 503//211 1145//211
f 1145//212 503//212 491//212
f 1145//212 491//212 1146//212
f 1146//213 491//213 490//213
f 1146//213 490//213 1140//213
f 1147//214 563//214 562//214
f 1147//214 562//214 1148//214
f 1148//215 562//215 558//215
f 1148//215 558//215 1149//215
f 1149//216 558//216 557//216
f 1149//216 557//216 1150//216
f 1150//217 557//217 556//217
f 1150//217 556//217 1143//217
f 1151//218 484//218 561//218
f 1151//218 561//218 1152//218
f 1152//219 561//219 560//219
f 1152//219 560//219 1153//219
f 1153//220 560//220 564//220
f 1153//220 564//220 1154//220
f 1154//221 564//221 563//221
f 1154//221 563//221 1147//221
f 1151//222 1155//222 1156//222
f 1156//222 1155//222 1157//222
f 1155//7 1158//7 482//7
f 482//7 1158//7 501//7
f 1159//223 552//223 554//223
f 1159//223 554//223 1160//223
f 1160//224 554//224 555//224
f 1160//224 555//224 1161//224
f 1161//225 555//225 515//225
f 1161//225 515//225 1162//225
f 1162//226 515//226 501//226
f 1162//226 501//226 1158//226
f 1163//227 502//227 514//227
f 1163//227 514//227 1164//227
f 1164//228 514//228 516//228
f 1164//228 516//228 1165//228
f 1165//229 516//229 553//229
f 1165//229 553//229 1166//229
f 1166//230 553//230 552//230
f 1166//230 552//230 1159//230
f 1167//231 525//231 499//231
f 1167//231 499//231 1168//231
f 1168//232 499//232 498//232
f 1168//232 498//232 1169//232
f 1169//233 498//233 500//233
f 1169//233 500//233 1170//233
f 1170//234 500//234 502//234
f 1170//234 502//234 1163//234
f 1167//235 1171//235 525//235
f 525//235 1171//235 526//235
f 1171//236 1172//236 526//236
f 526//236 1172//236 524//236
f 1173//237 536//237 529//237
f 1173//237 529//237 1174//237
f 1174//238 529//238 528//238
f 1174//238 528//238 1175//238
f 1175//239 528//239 527//239
f 1175//240 527//240 1176//240
f 1176//241 527//241 521//241
f 1176//241 521//241 1177//241
f 1177//242 521//242 522//242
f 1177//242 522//242 1178//242
f 1178//243 522//243 523//243
f 1178//244 523//244 1179//244
f 1179//245 523//245 524//245
f 1179//246 524//246 1172//246
f 1173//247 1180//247 536//247
f 536//247 1180//247 537//247
f 1181//248 530//248 507//248
f 1181//248 507//248 1182//248
f 1182//249 507//249 537//249
f 1182//249 537//249 1180//249
f 1181//250 1094//250 530//250
f 530//251 1094//251 531//251
f 1126//15 1124//15 1101//15
f 1129//15 1127//15 1126//15
f 1136//15 1130//15 1101//15
f 1171//15 1180//15 1173//15
f 1101//15 1130//15 1126//15
f 1126//15 1130//15 1128//15
f 1126//15 1128//15 1129//15
f 1171//15 1173//15 1172//15
f 1117//15 1118//15 1119//15
f 1137//15 1101//15 1139//15
f 1139//15 1101//15 1098//15
f 1139//15 1098//15 1138//15
f 1113//15 1110//15 1112//15
f 1112//15 1110//15 1109//15
f 1112//15 1109//15 1111//15
f 1111//15 1109//15 1107//15
f 1111//15 1107//15 1121//15
f 1121//15 1107//15 1108//15
f 1162//15 1158//15 1155//15
f 1108//15 1104//15 1121//15
f 1121//15 1104//15 1102//15
f 1121//15 1102//15 1124//15
f 1124//15 1102//15 1103//15
f 1124//15 1103//15 1101//15
f 1114//15 1115//15 1116//15
f 1180//15 1171//15 1140//15
f 1140//15 1171//15 1167//15
f 1140//15 1167//15 1146//15
f 1146//15 1167//15 1168//15
f 1146//15 1168//15 1145//15
f 1145//15 1168//15 1169//15
f 1145//15 1169//15 1144//15
f 1155//15 1151//15 1162//15
f 1162//15 1151//15 1152//15
f 1162//15 1152//15 1161//15
f 1161//15 1152//15 1153//15
f 1161//15 1153//15 1160//15
f 1160//15 1153//15 1154//15
f 1160//15 1154//15 1159//15
f 1181//15 1182//15 1094//15
f 1094//15 1182//15 1180//15
f 1094//15 1180//15 1095//15
f 1095//15 1180//15 1140//15
f 1095//15 1140//15 1100//15
f 1100//15 1140//15 1138//15
f 1100//15 1138//15 1099//15
f 1099//15 1138//15 1098//15
f 1137//15 1131//15 1101//15
f 1101//15 1131//15 1132//15
f 1101//15 1132//15 1133//15
f 1116//252 1117//252 1114//252
f 1114//15 1117//15 1119//15
f 1114//15 1119//15 1113//15
f 1113//15 1119//15 1120//15
f 1113//15 1120//15 1110//15
f 1177//15 1178//15 1176//15
f 1176//15 1178//15 1179//15
f 1176//15 1179//15 1175//15
f 1175//15 1179//15 1172//15
f 1175//15 1172//15 1174//15
f 1174//15 1172//15 1173//15
f 1133//15 1134//15 1101//15
f 1101//15 1134//15 1135//15
f 1101//15 1135//15 1136//15
f 1154//15 1147//15 1159//15
f 1159//15 1147//15 1148//15
f 1159//15 1148//15 1166//15
f 1166//15 1148//15 1149//15
f 1166//15 1149//15 1165//15
f 1165//15 1149//15 1150//15
f 1165//15 1150//15 1164//15
f 1164//15 1150//15 1143//15
f 1164//15 1143//15 1163//15
f 1163//15 1143//15 1144//15
f 1163//15 1144//15 1170//15
f 1170//15 1144//15 1169//15
f 1183//253 1184//253 767//253
f 767//253 1184//253 771//253
f 1184//14 1185//14 771//14
f 771//14 1185//14 784//14
f 1186//254 785//254 806//254
f 1186//254 806//254 1187//254
f 1187//255 806//255 784//255
f 1187//255 784//255 1185//255
f 1188//256 794//256 795//256
f 1188//257 795//257 1189//257
f 1189//258 795//258 775//258
f 1189//259 775//259 1190//259
f 1190//260 775//260 774//260
f 1190//260 774//260 1191//260
f 1191//261 774//261 785//261
f 1191//261 785//261 1186//261
f 1192//262 809//262 1193//262
f 1192//262 1193//262 1194//262
f 1194//263 1193//263 807//263
f 1194//263 807//263 1195//263
f 1195//264 807//264 792//264
f 1195//264 792//264 1196//264
f 1196//265 792//265 794//265
f 1196//265 794//265 1188//265
f 1197//266 815//266 817//266
f 1197//266 817//266 1198//266
f 1198//267 817//267 809//267
f 1198//267 809//267 1192//267
f 1197//268 1199//268 1200//268
f 1200//269 1199//269 1201//269
f 1202//270 799//270 801//270
f 1202//270 801//270 1203//270
f 1203//271 801//271 813//271
f 1203//271 813//271 1204//271
f 1204//272 813//272 814//272
f 1204//272 814//272 1199//272
f 1202//273 1205//273 799//273
f 799//273 1205//273 818//273
f 1205//274 1206//274 818//274
f 818//274 1206//274 803//274
f 1207//275 802//275 800//275
f 1207//275 800//275 1208//275
f 1208//276 800//276 819//276
f 1208//276 819//276 1209//276
f 1209//277 819//277 805//277
f 1209//278 805//278 1210//278
f 1210//279 805//279 804//279
f 1210//279 804//279 1211//279
f 1211//280 804//280 803//280
f 1211//281 803//281 1206//281
f 1207//282 1212//282 1213//282
f 1213//282 1212//282 1214//282
f 1212//7 1215//7 816//7
f 816//7 1215//7 820//7
f 1215//283 1216//283 1217//283
f 1217//283 1216//283 1218//283
f 1219//284 788//284 787//284
f 1219//285 787//285 1220//285
f 1220//286 787//286 786//286
f 1220//286 786//286 1221//286
f 1221//287 786//287 770//287
f 1221//288 770//288 1222//288
f 1222//289 770//289 769//289
f 1222//290 769//290 1223//290
f 1223//291 769//291 822//291
f 1223//291 822//291 1224//291
f 1224//292 822//292 821//292
f 1224//292 821//292 1216//292
f 1219//293 1225//293 1226//293
f 1226//293 1225//293 1227//293
f 1228//294 1229//294 1230//294
f 1228//294 1230//294 1231//294
f 1231//295 1230//295 1232//295
f 1231//295 1232//295 1233//295
f 1233//296 1232//296 1234//296
f 1233//296 1234//296 1235//296
f 1235//297 1234//297 1236//297
f 1235//298 1236//298 1237//298
f 1237//299 1236//299 1238//299
f 1237//300 1238//300 1239//300
f 1239//301 1238//301 1240//301
f 1239//301 1240//301 1225//301
f 1241//302 812//302 811//302
f 1241//302 811//302 1242//302
f 1242//303 811//303 810//303
f 1242//303 810//303 1243//303
f 1243//304 810//304 783//304
f 1243//305 783//305 1244//305
f 1244//306 783//306 782//306
f 1244//306 782//306 1228//306
f 1241//307 1245//307 812//307
f 812//307 1245//307 772//307
f 1246//308 789//308 768//308
f 1246//308 768//308 1247//308
f 1247//309 768//309 773//309
f 1247//309 773//309 1248//309
f 1248//310 773//310 772//310
f 1248//310 772//310 1245//310
f 1249//311 776//311 791//311
f 1249//311 791//311 1250//311
f 1250//312 791//312 790//312
f 1250//312 790//312 1251//312
f 1251//313 790//313 789//313
f 1251//313 789//313 1246//313
f 1183//314 767//314 766//314
f 1183//314 766//314 1252//314
f 1252//315 766//315 778//315
f 1252//315 778//315 1253//315
f 1253//316 778//316 777//316
f 1253//316 777//316 1254//316
f 1254//317 777//317 776//317
f 1254//317 776//317 1249//317
f 1221//15 1222//15 1223//15
f 1237//15 1239//15 1225//15
f 1215//15 1212//15 1216//15
f 1216//15 1212//15 1207//15
f 1207//15 1208//15 1216//15
f 1216//15 1208//15 1209//15
f 1216//15 1209//15 1224//15
f 1224//15 1209//15 1210//15
f 1224//15 1210//15 1223//15
f 1223//15 1210//15 1211//15
f 1223//15 1211//15 1221//15
f 1235//15 1237//15 1205//15
f 1205//15 1237//15 1225//15
f 1205//15 1225//15 1206//15
f 1206//15 1225//15 1219//15
f 1206//15 1219//15 1211//15
f 1211//15 1219//15 1220//15
f 1211//15 1220//15 1221//15
f 1245//15 1241//15 1197//15
f 1197//15 1241//15 1199//15
f 1245//15 1197//15 1248//15
f 1248//15 1197//15 1198//15
f 1248//15 1198//15 1247//15
f 1247//15 1198//15 1192//15
f 1247//15 1192//15 1246//15
f 1246//15 1192//15 1194//15
f 1246//15 1194//15 1251//15
f 1251//15 1194//15 1195//15
f 1251//15 1195//15 1250//15
f 1250//15 1195//15 1196//15
f 1250//15 1196//15 1249//15
f 1196//15 1188//15 1249//15
f 1249//15 1188//15 1189//15
f 1249//15 1189//15 1254//15
f 1254//15 1189//15 1190//15
f 1254//15 1190//15 1253//15
f 1253//15 1190//15 1191//15
f 1253//15 1191//15 1252//15
f 1252//15 1191//15 1186//15
f 1252//15 1186//15 1183//15
f 1183//15 1186//15 1187//15
f 1183//15 1187//15 1184//15
f 1184//15 1187//15 1185//15
f 1241//15 1242//15 1199//15
f 1199//15 1242//15 1243//15
f 1199//15 1243//15 1204//15
f 1204//15 1243//15 1244//15
f 1204//15 1244//15 1203//15
f 1203//15 1244//15 1228//15
f 1203//15 1228//15 1202//15
f 1202//15 1228//15 1231//15
f 1202//15 1231//15 1205//15
f 1205//15 1231//15 1233//15
f 1205//15 1233//15 1235//15
f 1255//157 1256//157 463//157
f 463//158 1256//158 465//158
f 1257//159 475//159 473//159
f 1257//159 473//159 1258//159
f 1258//160 473//160 477//160
f 1258//160 477//160 1259//160
f 1259//161 477//161 465//161
f 1259//161 465//161 1256//161
f 1257//162 1260//162 1261//162
f 1261//162 1260//162 1262//162
f 1263//318 472//318 474//318
f 1263//163 474//163 1264//163
f 1264//164 474//164 476//164
f 1264//164 476//164 1260//164
f 1263//165 1265//165 472//165
f 472//165 1265//165 478//165
f 1266//166 464//166 466//166
f 1266//166 466//166 1267//166
f 1267//169 466//169 478//169
f 1267//169 478//169 1265//169
f 1266//319 1268//319 1269//319
f 1269//170 1268//170 1270//170
f 1268//171 1271//171 420//171
f 420//171 1271//171 467//171
f 1272//172 439//172 437//172
f 1272//172 437//172 1273//172
f 1273//320 437//320 436//320
f 1273//174 436//174 1274//174
f 1274//176 436//176 438//176
f 1274//321 438//321 1275//321
f 1275//178 438//178 440//178
f 1275//178 440//178 1276//178
f 1276//322 440//322 468//322
f 1276//323 468//323 1277//323
f 1277//324 468//324 425//324
f 1277//325 425//325 1278//325
f 1278//326 425//326 424//326
f 1278//326 424//326 1279//326
f 1279//184 424//184 423//184
f 1279//184 423//184 1280//184
f 1280//327 423//327 422//327
f 1280//186 422//186 1281//186
f 1281//187 422//187 467//187
f 1281//187 467//187 1271//187
f 1272//188 1282//188 1283//188
f 1283//188 1282//188 1284//188
f 1282//189 1285//189 441//189
f 441//189 1285//189 442//189
f 1285//192 1286//192 442//192
f 442//192 1286//192 469//192
f 1286//10 1287//10 1288//10
f 1288//10 1287//10 1289//10
f 1290//194 451//194 450//194
f 1290//194 450//194 1291//194
f 1291//328 450//328 479//328
f 1291//195 479//195 1287//195
f 1290//196 1292//196 1293//196
f 1293//196 1292//196 1294//196
f 1295//198 407//198 405//198
f 1295//197 405//197 1296//197
f 1296//329 405//329 404//329
f 1296//330 404//330 1297//330
f 1297//331 404//331 410//331
f 1297//202 410//202 1298//202
f 1298//203 410//203 409//203
f 1298//332 409//332 1299//332
f 1299//204 409//204 416//204
f 1299//333 416//333 1300//333
f 1300//334 416//334 452//334
f 1300//334 452//334 1292//334
f 1295//206 1301//206 1302//206
f 1302//206 1301//206 1303//206
f 1304//207 401//207 406//207
f 1304//207 406//207 1305//207
f 1305//208 406//208 408//208
f 1305//208 408//208 1301//208
f 1304//209 1306//209 401//209
f 401//209 1306//209 402//209
f 1307//210 429//210 449//210
f 1307//210 449//210 1308//210
f 1308//211 449//211 448//211
f 1308//211 448//211 1309//211
f 1309//212 448//212 403//212
f 1309//212 403//212 1310//212
f 1310//213 403//213 402//213
f 1310//213 402//213 1306//213
f 1311//214 434//214 433//214
f 1311//214 433//214 1312//214
f 1312//215 433//215 432//215
f 1312//215 432//215 1313//215
f 1313//216 432//216 431//216
f 1313//216 431//216 1314//216
f 1314//217 431//217 429//217
f 1314//217 429//217 1307//217
f 1315//218 398//218 418//218
f 1315//218 418//218 1316//218
f 1316//219 418//219 417//219
f 1316//219 417//219 1317//219
f 1317//335 417//335 435//335
f 1317//220 435//220 1318//220
f 1318//221 435//221 434//221
f 1318//221 434//221 1311//221
f 1315//222 1319//222 398//222
f 398//222 1319//222 399//222
f 1319//7 1320//7 399//7
f 399//7 1320//7 415//7
f 1321//223 445//223 446//223
f 1321//223 446//223 1322//223
f 1322//224 446//224 447//224
f 1322//224 447//224 1323//224
f 1323//225 447//225 426//225
f 1323//225 426//225 1324//225
f 1324//226 426//226 415//226
f 1324//226 415//226 1320//226
f 1325//227 428//227 427//227
f 1325//227 427//227 1326//227
f 1326//228 427//228 444//228
f 1326//228 444//228 1327//228
f 1327//229 444//229 443//229
f 1327//229 443//229 1328//229
f 1328//230 443//230 445//230
f 1328//230 445//230 1321//230
f 1329//231 457//231 413//231
f 1329//231 413//231 1330//231
f 1330//232 413//232 412//232
f 1330//232 412//232 1331//232
f 1331//233 412//233 414//233
f 1331//233 414//233 1332//233
f 1332//234 414//234 428//234
f 1332//234 428//234 1325//234
f 1329//235 1333//235 457//235
f 457//336 1333//336 458//336
f 1333//236 1334//236 1335//236
f 1335//236 1334//236 1336//236
f 1337//237 470//237 461//237
f 1337//237 461//237 1338//237
f 1338//238 461//238 460//238
f 1338//238 460//238 1339//238
f 1339//337 460//337 459//337
f 1339//337 459//337 1340//337
f 1340//338 459//338 453//338
f 1340//339 453//339 1341//339
f 1341//340 453//340 454//340
f 1341//341 454//341 1342//341
f 1342//342 454//342 455//342
f 1342//343 455//343 1343//343
f 1343//246 455//246 456//246
f 1343//246 456//246 1334//246
f 1337//247 1344//247 470//247
f 470//247 1344//247 471//247
f 1345//248 462//248 421//248
f 1345//248 421//248 1346//248
f 1346//344 421//344 471//344
f 1346//344 471//344 1344//344
f 1345//250 1255//250 462//250
f 462//251 1255//251 463//251
f 1286//15 1285//15 1260//15
f 1291//15 1287//15 1286//15
f 1300//15 1292//15 1260//15
f 1333//15 1344//15 1337//15
f 1260//15 1292//15 1286//15
f 1286//15 1292//15 1290//15
f 1286//15 1290//15 1291//15
f 1333//15 1337//15 1334//15
f 1278//15 1279//15 1280//15
f 1301//15 1260//15 1305//15
f 1305//15 1260//15 1257//15
f 1305//15 1257//15 1304//15
f 1274//15 1271//15 1273//15
f 1273//15 1271//15 1268//15
f 1273//15 1268//15 1272//15
f 1272//15 1268//15 1266//15
f 1272//15 1266//15 1282//15
f 1282//15 1266//15 1267//15
f 1324//15 1320//15 1319//15
f 1267//15 1265//15 1282//15
f 1282//15 1265//15 1263//15
f 1282//15 1263//15 1285//15
f 1285//15 1263//15 1264//15
f 1285//15 1264//15 1260//15
f 1275//252 1276//252 1277//252
f 1344//15 1333//15 1306//15
f 1306//15 1333//15 1329//15
f 1306//15 1329//15 1310//15
f 1310//15 1329//15 1330//15
f 1310//15 1330//15 1309//15
f 1309//15 1330//15 1331//15
f 1309//15 1331//15 1308//15
f 1319//15 1315//15 1324//15
f 1324//15 1315//15 1316//15
f 1324//15 1316//15 1323//15
f 1323//15 1316//15 1317//15
f 1323//15 1317//15 1322//15
f 1322//15 1317//15 1318//15
f 1322//15 1318//15 1321//15
f 1345//15 1346//15 1255//15
f 1255//15 1346//15 1344//15
f 1255//15 1344//15 1256//15
f 1256//15 1344//15 1306//15
f 1256//15 1306//15 1259//15
f 1259//15 1306//15 1304//15
f 1259//15 1304//15 1258//15
f 1258//15 1304//15 1257//15
f 1301//15 1295//15 1260//15
f 1260//15 1295//15 1296//15
f 1260//15 1296//15 1297//15
f 1277//15 1278//15 1275//15
f 1275//15 1278//15 1280//15
f 1275//15 1280//15 1274//15
f 1274//15 1280//15 1281//15
f 1274//15 1281//15 1271//15
f 1341//15 1342//15 1340//15
f 1340//15 1342//15 1343//15
f 1340//15 1343//15 1339//15
f 1339//15 1343//15 1334//15
f 1339//15 1334//15 1338//15
f 1338//15 1334//15 1337//15
f 1297//15 1298//15 1260//15
f 1260//15 1298//15 1299//15
f 1260//15 1299//15 1300//15
f 1318//15 1311//15 1321//15
f 1321//15 1311//15 1312//15
f 1321//15 1312//15 1328//15
f 1328//15 1312//15 1313//15
f 1328//15 1313//15 1327//15
f 1327//15 1313//15 1314//15
f 1327//15 1314//15 1326//15
f 1326//15 1314//15 1307//15
f 1326//15 1307//15 1325//15
f 1325//15 1307//15 1308//15
f 1325//15 1308//15 1332//15
f 1332//15 1308//15 1331//15
f 1347//158 1348//158 1349//158
f 1349//157 1348//157 1350//157
f 1351//159 684//159 683//159
f 1351//159 683//159 1352//159
f 1352//160 683//160 682//160
f 1352//160 682//160 1353//160
f 1353//161 682//161 674//161
f 1353//161 674//161 1348//161
f 1351//162 1354//162 684//162
f 684//162 1354//162 723//162
f 1355//163 746//163 724//163
f 1355//163 724//163 1356//163
f 1356//164 724//164 723//164
f 1356//164 723//164 1354//164
f 1355//165 1357//165 1358//165
f 1358//165 1357//165 1359//165
f 1360//166 749//166 748//166
f 1360//167 748//167 1361//167
f 1361//168 748//168 747//168
f 1361//169 747//169 1357//169
f 1360//170 1362//170 749//170
f 749//170 1362//170 750//170
f 1362//171 1363//171 750//171
f 750//171 1363//171 751//171
f 1364//173 737//173 739//173
f 1364//173 739//173 1365//173
f 1365//174 739//174 740//174
f 1365//320 740//320 1366//320
f 1366//321 740//321 738//321
f 1366//176 738//176 1367//176
f 1367//177 738//177 736//177
f 1367//177 736//177 1368//177
f 1368//323 736//323 734//323
f 1368//345 734//345 1369//345
f 1369//181 734//181 733//181
f 1369//181 733//181 1370//181
f 1370//346 733//346 732//346
f 1370//347 732//347 1371//347
f 1371//184 732//184 731//184
f 1371//184 731//184 1372//184
f 1372//186 731//186 730//186
f 1372//185 730//185 1373//185
f 1373//348 730//348 751//348
f 1373//187 751//187 1363//187
f 1364//188 1374//188 1375//188
f 1375//188 1374//188 1376//188
f 1374//190 1377//190 1376//190
f 1376//189 1377//189 1378//189
f 1377//192 1379//192 752//192
f 752//191 1379//191 753//191
f 1379//10 1380//10 753//10
f 753//10 1380//10 754//10
f 1381//193 741//193 755//193
f 1381//194 755//194 1382//194
f 1382//195 755//195 754//195
f 1382//195 754//195 1380//195
f 1381//196 1383//196 741//196
f 741//196 1383//196 742//196
f 1384//197 727//197 729//197
f 1384//198 729//198 1385//198
f 1385//349 729//349 726//349
f 1385//349 726//349 1386//349
f 1386//201 726//201 725//201
f 1386//202 725//202 1387//202
f 1387//203 725//203 745//203
f 1387//203 745//203 1388//203
f 1388//204 745//204 744//204
f 1388//204 744//204 1389//204
f 1389//205 744//205 742//205
f 1389//205 742//205 1383//205
f 1384//206 1390//206 727//206
f 727//206 1390//206 728//206
f 1391//207 668//207 669//207
f 1391//207 669//207 1392//207
f 1392//208 669//208 728//208
f 1392//208 728//208 1390//208
f 1391//209 1393//209 1394//209
f 1394//209 1393//209 1395//209
f 1396//210 702//210 681//210
f 1396//210 681//210 1397//210
f 1397//211 681//211 680//211
f 1397//211 680//211 1398//211
f 1398//212 680//212 667//212
f 1398//212 667//212 1399//212
f 1399//213 667//213 666//213
f 1399//213 666//213 1393//213
f 1400//214 691//214 689//214
f 1400//214 689//214 1401//214
f 1401//215 689//215 688//215
f 1401//215 688//215 1402//215
f 1402//216 688//216 703//216
f 1402//216 703//216 1403//216
f 1403//217 703//217 702//217
f 1403//217 702//217 1396//217
f 1404//218 693//218 671//218
f 1404//218 671//218 1405//218
f 1405//219 671//219 670//219
f 1405//219 670//219 1406//219
f 1406//335 670//335 692//335
f 1406//335 692//335 1407//335
f 1407//221 692//221 691//221
f 1407//221 691//221 1400//221
f 1404//222 1408//222 1409//222
f 1409//222 1408//222 1410//222
f 1408//7 1411//7 694//7
f 694//7 1411//7 678//7
f 1412//223 698//223 699//223
f 1412//223 699//223 1413//223
f 1413//224 699//224 700//224
f 1413//224 700//224 1414//224
f 1414//225 700//225 685//225
f 1414//225 685//225 1415//225
f 1415//226 685//226 678//226
f 1415//226 678//226 1411//226
f 1416//227 687//227 686//227
f 1416//227 686//227 1417//227
f 1417//228 686//228 697//228
f 1417//228 697//228 1418//228
f 1418//350 697//350 696//350
f 1418//229 696//229 1419//229
f 1419//230 696//230 698//230
f 1419//230 698//230 1412//230
f 1420//231 708//231 676//231
f 1420//231 676//231 1421//231
f 1421//232 676//232 675//232
f 1421//232 675//232 1422//232
f 1422//233 675//233 677//233
f 1422//233 677//233 1423//233
f 1423//234 677//234 687//234
f 1423//234 687//234 1416//234
f 1420//235 1424//235 708//235
f 708//235 1424//235 709//235
f 1424//236 1425//236 709//236
f 709//236 1425//236 707//236
f 1426//351 713//351 712//351
f 1426//351 712//351 1427//351
f 1427//352 712//352 711//352
f 1427//352 711//352 1428//352
f 1428//240 711//240 710//240
f 1428//353 710//353 1429//353
f 1429//354 710//354 704//354
f 1429//338 704//338 1430//338
f 1430//355 704//355 705//355
f 1430//356 705//356 1431//356
f 1431//243 705//243 706//243
f 1431//243 706//243 1432//243
f 1432//245 706//245 707//245
f 1432//246 707//246 1425//246
f 1426//247 1433//247 713//247
f 713//247 1433//247 714//247
f 1434//248 672//248 695//248
f 1434//248 695//248 1435//248
f 1435//344 695//344 714//344
f 1435//344 714//344 1433//344
f 1434//251 1347//251 672//251
f 672//251 1347//251 673//251
f 1379//15 1377//15 1354//15
f 1382//15 1380//15 1379//15
f 1389//15 1383//15 1354//15
f 1424//15 1433//15 1426//15
f 1354//15 1383//15 1379//15
f 1379//15 1383//15 1381//15
f 1379//15 1381//15 1382//15
f 1424//15 1426//15 1425//15
f 1370//15 1371//15 1372//15
f 1390//15 1354//15 1392//15
f 1392//15 1354//15 1351//15
f 1392//15 1351//15 1391//15
f 1366//15 1363//15 1365//15
f 1365//15 1363//15 1362//15
f 1365//15 1362//15 1364//15
f 1364//15 1362//15 1360//15
f 1364//15 1360//15 1374//15
f 1374//15 1360//15 1361//15
f 1415//15 1411//15 1408//15
f 1361//15 1357//15 1374//15
f 1374//15 1357//15 1355//15
f 1374//15 1355//15 1377//15
f 1377//15 1355//15 1356//15
f 1377//15 1356//15 1354//15
f 1367//15 1368//15 1369//15
f 1433//15 1424//15 1393//15
f 1393//15 1424//15 1420//15
f 1393//15 1420//15 1399//15
f 1399//15 1420//15 1421//15
f 1399//15 1421//15 1398//15
f 1398//15 1421//15 1422//15
f 1398//15 1422//15 1397//15
f 1408//15 1404//15 1415//15
f 1415//15 1404//15 1405//15
f 1415//15 1405//15 1414//15
f 1414//15 1405//15 1406//15
f 1414//15 1406//15 1413//15
f 1413//15 1406//15 1407//15
f 1413//15 1407//15 1412//15
f 1434//15 1435//15 1347//15
f 1347//15 1435//15 1433//15
f 1347//15 1433//15 1348//15
f 1348//15 1433//15 1393//15
f 1348//15 1393//15 1353//15
f 1353//15 1393//15 1391//15
f 1353//15 1391//15 1352//15
f 1352//15 1391//15 1351//15
f 1390//15 1384//15 1354//15
f 1354//15 1384//15 1385//15
f 1354//15 1385//15 1386//15
f 1369//15 1370//15 1367//15
f 1367//15 1370//15 1372//15
f 1367//15 1372//15 1366//15
f 1366//15 1372//15 1373//15
f 1366//15 1373//15 1363//15
f 1430//15 1431//15 1429//15
f 1429//357 1431//357 1432//357
f 1429//15 1432//15 1428//15
f 1428//15 1432//15 1425//15
f 1428//15 1425//15 1427//15
f 1427//15 1425//15 1426//15
f 1386//15 1387//15 1354//15
f 1354//15 1387//15 1388//15
f 1354//15 1388//15 1389//15
f 1407//15 1400//15 1412//15
f 1412//15 1400//15 1401//15
f 1412//15 1401//15 1419//15
f 1419//15 1401//15 1402//15
f 1419//15 1402//15 1418//15
f 1418//15 1402//15 1403//15
f 1418//15 1403//15 1417//15
f 1417//15 1403//15 1396//15
f 1417//15 1396//15 1416//15
f 1416//15 1396//15 1397//15
f 1416//15 1397//15 1423//15
f 1423//15 1397//15 1422//15
f 1436//158 1437//158 1438//158
f 1438//157 1437//157 1439//157
f 1440//159 350//159 349//159
f 1440//159 349//159 1441//159
f 1441//160 349//160 325//160
f 1441//160 325//160 1442//160
f 1442//161 325//161 324//161
f 1442//161 324//161 1437//161
f 1440//162 1443//162 350//162
f 350//162 1443//162 364//162
f 1444//163 383//163 365//163
f 1444//163 365//163 1445//163
f 1445//164 365//164 364//164
f 1445//164 364//164 1443//164
f 1444//165 1446//165 1447//165
f 1447//165 1446//165 1448//165
f 1449//166 386//166 385//166
f 1449//167 385//167 1450//167
f 1450//168 385//168 384//168
f 1450//169 384//169 1446//169
f 1449//170 1451//170 386//170
f 386//170 1451//170 387//170
f 1451//171 1452//171 387//171
f 387//171 1452//171 388//171
f 1453//173 393//173 392//173
f 1453//173 392//173 1454//173
f 1454//174 392//174 394//174
f 1454//320 394//320 1455//320
f 1455//321 394//321 395//321
f 1455//176 395//176 1456//176
f 1456//177 395//177 374//177
f 1456//177 374//177 1457//177
f 1457//323 374//323 372//323
f 1457//345 372//345 1458//345
f 1458//181 372//181 370//181
f 1458//181 370//181 1459//181
f 1459//346 370//346 369//346
f 1459//347 369//347 1460//347
f 1460//184 369//184 379//184
f 1460//184 379//184 1461//184
f 1461//358 379//358 380//358
f 1461//359 380//359 1462//359
f 1462//187 380//187 388//187
f 1462//187 388//187 1452//187
f 1453//188 1463//188 1464//188
f 1464//188 1463//188 1465//188
f 1463//189 1466//189 1465//189
f 1465//189 1466//189 1467//189
f 1466//192 1468//192 390//192
f 390//191 1468//191 391//191
f 1468//10 1469//10 391//10
f 391//10 1469//10 396//10
f 1470//193 375//193 397//193
f 1470//194 397//194 1471//194
f 1471//328 397//328 396//328
f 1471//328 396//328 1469//328
f 1470//196 1472//196 375//196
f 375//196 1472//196 376//196
f 1473//197 314//197 368//197
f 1473//198 368//198 1474//198
f 1474//349 368//349 367//349
f 1474//349 367//349 1475//349
f 1475//201 367//201 366//201
f 1475//202 366//202 1476//202
f 1476//203 366//203 378//203
f 1476//203 378//203 1477//203
f 1477//204 378//204 377//204
f 1477//204 377//204 1478//204
f 1478//205 377//205 376//205
f 1478//205 376//205 1472//205
f 1473//206 1479//206 314//206
f 314//206 1479//206 315//206
f 1480//207 381//207 316//207
f 1480//207 316//207 1481//207
f 1481//208 316//208 315//208
f 1481//208 315//208 1479//208
f 1480//209 1482//209 1483//209
f 1483//209 1482//209 1484//209
f 1485//210 347//210 346//210
f 1485//210 346//210 1486//210
f 1486//211 346//211 318//211
f 1486//211 318//211 1487//211
f 1487//360 318//360 317//360
f 1487//212 317//212 1488//212
f 1488//213 317//213 382//213
f 1488//213 382//213 1482//213
f 1489//214 334//214 335//214
f 1489//214 335//214 1490//214
f 1490//215 335//215 322//215
f 1490//215 322//215 1491//215
f 1491//216 322//216 348//216
f 1491//216 348//216 1492//216
f 1492//217 348//217 347//217
f 1492//217 347//217 1485//217
f 1493//218 338//218 339//218
f 1493//218 339//218 1494//218
f 1494//219 339//219 340//219
f 1494//219 340//219 1495//219
f 1495//335 340//335 333//335
f 1495//335 333//335 1496//335
f 1496//221 333//221 334//221
f 1496//221 334//221 1489//221
f 1493//222 1497//222 1498//222
f 1498//222 1497//222 1499//222
f 1497//7 1500//7 336//7
f 336//7 1500//7 329//7
f 1501//223 343//223 344//223
f 1501//223 344//223 1502//223
f 1502//224 344//224 345//224
f 1502//224 345//224 1503//224
f 1503//225 345//225 330//225
f 1503//225 330//225 1504//225
f 1504//226 330//226 329//226
f 1504//226 329//226 1500//226
f 1505//227 332//227 331//227
f 1505//227 331//227 1506//227
f 1506//228 331//228 342//228
f 1506//228 342//228 1507//228
f 1507//350 342//350 341//350
f 1507//229 341//229 1508//229
f 1508//230 341//230 343//230
f 1508//230 343//230 1501//230
f 1509//231 359//231 327//231
f 1509//231 327//231 1510//231
f 1510//232 327//232 326//232
f 1510//232 326//232 1511//232
f 1511//233 326//233 328//233
f 1511//233 328//233 1512//233
f 1512//234 328//234 332//234
f 1512//234 332//234 1505//234
f 1509//235 1513//235 359//235
f 359//235 1513//235 360//235
f 1513//236 1514//236 360//236
f 360//236 1514//236 358//236
f 1515//351 363//351 362//351
f 1515//351 362//351 1516//351
f 1516//352 362//352 361//352
f 1516//352 361//352 1517//352
f 1517//240 361//240 354//240
f 1517//353 354//353 1518//353
f 1518//354 354//354 355//354
f 1518//338 355//338 1519//338
f 1519//341 355//341 356//341
f 1519//340 356//340 1520//340
f 1520//361 356//361 357//361
f 1520//361 357//361 1521//361
f 1521//245 357//245 358//245
f 1521//246 358//246 1514//246
f 1515//247 1522//247 363//247
f 363//247 1522//247 353//247
f 1523//248 351//248 352//248
f 1523//248 352//248 1524//248
f 1524//344 352//344 353//344
f 1524//344 353//344 1522//344
f 1523//251 1436//251 351//251
f 351//251 1436//251 323//251
f 1468//15 1466//15 1443//15
f 1471//15 1469//15 1468//15
f 1478//15 1472//15 1443//15
f 1513//15 1522//15 1515//15
f 1443//15 1472//15 1468//15
f 1468//15 1472//15 1470//15
f 1468//15 1470//15 1471//15
f 1513//15 1515//15 1514//15
f 1459//15 1460//15 1461//15
f 1479//15 1443//15 1481//15
f 1481//15 1443//15 1440//15
f 1481//15 1440//15 1480//15
f 1455//15 1452//15 1454//15
f 1454//15 1452//15 1451//15
f 1454//15 1451//15 1453//15
f 1453//15 1451//15 1449//15
f 1453//15 1449//15 1463//15
f 1463//15 1449//15 1450//15
f 1504//15 1500//15 1497//15
f 1450//15 1446//15 1463//15
f 1463//15 1446//15 1444//15
f 1463//15 1444//15 1466//15
f 1466//15 1444//15 1445//15
f 1466//15 1445//15 1443//15
f 1456//15 1457//15 1458//15
f 1522//15 1513//15 1482//15
f 1482//15 1513//15 1509//15
f 1482//15 1509//15 1488//15
f 1488//15 1509//15 1510//15
f 1488//15 1510//15 1487//15
f 1487//15 1510//15 1511//15
f 1487//15 1511//15 1486//15
f 1497//15 1493//15 1504//15
f 1504//15 1493//15 1494//15
f 1504//15 1494//15 1503//15
f 1503//15 1494//15 1495//15
f 1503//15 1495//15 1502//15
f 1502//15 1495//15 1496//15
f 1502//15 1496//15 1501//15
f 1523//15 1524//15 1436//15
f 1436//15 1524//15 1522//15
f 1436//15 1522//15 1437//15
f 1437//15 1522//15 1482//15
f 1437//15 1482//15 1442//15
f 1442//15 1482//15 1480//15
f 1442//15 1480//15 1441//15
f 1441//15 1480//15 1440//15
f 1479//15 1473//15 1443//15
f 1443//15 1473//15 1474//15
f 1443//15 1474//15 1475//15
f 1458//15 1459//15 1456//15
f 1456//15 1459//15 1461//15
f 1456//15 1461//15 1455//15
f 1455//15 1461//15 1462//15
f 1455//15 1462//15 1452//15
f 1519//15 1520//15 1518//15
f 1518//357 1520//357 1521//357
f 1518//15 1521//15 1517//15
f 1517//15 1521//15 1514//15
f 1517//15 1514//15 1516//15
f 1516//15 1514//15 1515//15
f 1475//15 1476//15 1443//15
f 1443//15 1476//15 1477//15
f 1443//15 1477//15 1478//15
f 1496//15 1489//15 1501//15
f 1501//15 1489//15 1490//15
f 1501//15 1490//15 1508//15
f 1508//15 1490//15 1491//15
f 1508//15 1491//15 1507//15
f 1507//15 1491//15 1492//15
f 1507//15 1492//15 1506//15
f 1506//15 1492//15 1485//15
f 1506//15 1485//15 1505//15
f 1505//15 1485//15 1486//15
f 1505//15 1486//15 1512//15
f 1512//15 1486//15 1511//15
