v -0.04500000 -0.02800000 -0.06000000
v -0.04500000 -0.02800000 -0.06000000
v -0.04500000 -0.02800000 -0.06000000
v -0.04500000 -0.02800000 -0.06000000
v -0.04500000 -0.02100000 -0.06000000
v -0.04500000 -0.02100000 -0.06000000
v -0.04500000 -0.02100000 -0.06000000
v -0.04500000 -0.02100000 -0.06000000
v -0.04500000 -0.02800000 -0.06500000
v -0.04500000 -0.02800000 -0.06500000
v -0.04500000 -0.02800000 -0.06500000
v -0.04500000 -0.02800000 -0.06500000
v -0.04500000 -0.02100000 -0.06500000
v -0.04500000 -0.02100000 -0.06500000
v -0.04500000 -0.02100000 -0.06500000
v -0.04500000 -0.02100000 -0.06500000
v -0.04495100 -0.02830900 -0.06500000
v -0.04495100 -0.02830900 -0.06500000
v -0.04495100 -0.02830900 -0.06500000
v -0.04495100 -0.02830900 -0.06000000
v -0.04495100 -0.02830900 -0.06000000
v -0.04495100 -0.02830900 -0.06000000
v -0.04480900 -0.02858800 -0.06500000
v -0.04480900 -0.02858800 -0.06500000
v -0.04480900 -0.02858800 -0.06500000
v -0.04480900 -0.02858800 -0.06000000
v -0.04480900 -0.02858800 -0.06000000
v -0.04480900 -0.02858800 -0.06000000
v -0.04458800 -0.02880900 -0.06500000
v -0.04458800 -0.02880900 -0.06500000
v -0.04458800 -0.02880900 -0.06500000
v -0.04458800 -0.02880900 -0.06000000
v -0.04458800 -0.02880900 -0.06000000
v -0.04458800 -0.02880900 -0.06000000
v -0.04430900 -0.02895100 -0.06500000
v -0.04430900 -0.02895100 -0.06500000
v -0.04430900 -0.02895100 -0.06500000
v -0.04430900 -0.02895100 -0.06000000
v -0.04430900 -0.02895100 -0.06000000
v -0.04430900 -0.02895100 -0.06000000
v -0.04400000 -0.02900000 -0.06500000
v -0.04400000 -0.02900000 -0.06500000
v -0.04400000 -0.02900000 -0.06500000
v -0.04400000 -0.02900000 -0.06500000
v -0.04400000 -0.02900000 -0.06000000
v -0.04400000 -0.02900000 -0.06000000
v -0.04400000 -0.02900000 -0.06000000
v -0.04400000 -0.02900000 -0.06000000
v -0.03600000 -0.02900000 -0.06000000
v -0.03600000 -0.02900000 -0.06000000
v -0.03600000 -0.02900000 -0.06000000
v -0.03600000 -0.02900000 -0.06000000
v -0.03600000 -0.02900000 -0.06500000
v -0.03600000 -0.02900000 -0.06500000
v -0.03600000 -0.02900000 -0.06500000
v -0.03600000 -0.02900000 -0.06500000
v -0.03569100 -0.02895100 -0.06500000
v -0.03569100 -0.02895100 -0.06500000
v -0.03569100 -0.02895100 -0.06500000
v -0.03569100 -0.02895100 -0.06000000
v -0.03569100 -0.02895100 -0.06000000
v -0.03569100 -0.02895100 -0.06000000
v -0.03541200 -0.02880900 -0.06500000
v -0.03541200 -0.02880900 -0.06500000
v -0.03541200 -0.02880900 -0.06500000
v -0.03541200 -0.02880900 -0.06000000
v -0.03541200 -0.02880900 -0.06000000
v -0.03541200 -0.02880900 -0.06000000
v -0.03519100 -0.02858800 -0.06500000
v -0.03519100 -0.02858800 -0.06500000
v -0.03519100 -0.02858800 -0.06500000
v -0.03519100 -0.02858800 -0.06000000
v -0.03519100 -0.02858800 -0.06000000
v -0.03519100 -0.02858800 -0.06000000
v -0.03504900 -0.02830900 -0.06500000
v -0.03504900 -0.02830900 -0.06500000
v -0.03504900 -0.02830900 -0.06500000
v -0.03504900 -0.02830900 -0.06000000
v -0.03504900 -0.02830900 -0.06000000
v -0.03504900 -0.02830900 -0.06000000
v -0.03500000 -0.02800000 -0.06500000
v -0.03500000 -0.02800000 -0.06500000
v -0.03500000 -0.02800000 -0.06500000
v -0.03500000 -0.02800000 -0.06500000
v -0.03500000 -0.02800000 -0.06000000
v -0.03500000 -0.02800000 -0.06000000
v -0.03500000 -0.02800000 -0.06000000
v -0.03500000 -0.02800000 -0.06000000
v -0.03500000 -0.02100000 -0.06000000
v -0.03500000 -0.02100000 -0.06000000
v -0.03500000 -0.02100000 -0.06000000
v -0.03500000 -0.02100000 -0.06000000
v -0.03500000 -0.02100000 -0.06500000
v -0.03500000 -0.02100000 -0.06500000
v -0.03500000 -0.02100000 -0.06500000
v -0.03500000 -0.02100000 -0.06500000
v -0.03909100 -0.02300500 -0.06000000
v -0.03909100 -0.02300500 -0.06000000
v -0.03909100 -0.02300500 -0.06000000
v -0.03872100 -0.02330600 -0.06000000
v -0.03872100 -0.02330600 -0.06000000
v -0.03872100 -0.02330600 -0.06000000
v -0.04155400 -0.02369500 -0.06000000
v -0.04155400 -0.02369500 -0.06000000
v -0.04155400 -0.02369500 -0.06000000
v -0.04127900 -0.02330600 -0.06000000
v -0.04127900 -0.02330600 -0.06000000
v -0.04127900 -0.02330600 -0.06000000
v -0.04090900 -0.02300500 -0.06000000
v -0.04090900 -0.02300500 -0.06000000
v -0.04090900 -0.02300500 -0.06000000
v -0.04047200 -0.02281500 -0.06000000
v -0.04047200 -0.02281500 -0.06000000
v -0.04047200 -0.02281500 -0.06000000
v -0.04000000 -0.02275000 -0.06000000
v -0.04000000 -0.02275000 -0.06000000
v -0.04000000 -0.02275000 -0.06000000
v -0.04000000 -0.02275000 -0.06000000
v -0.04000000 -0.02275000 -0.06000000
v -0.03952800 -0.02281500 -0.06000000
v -0.03952800 -0.02281500 -0.06000000
v -0.03952800 -0.02281500 -0.06000000
v -0.03844600 -0.02369500 -0.06000000
v -0.03844600 -0.02369500 -0.06000000
v -0.03844600 -0.02369500 -0.06000000
v -0.03828700 -0.02414400 -0.06000000
v -0.03828700 -0.02414400 -0.06000000
v -0.03828700 -0.02414400 -0.06000000
v -0.03825400 -0.02461900 -0.06000000
v -0.03825400 -0.02461900 -0.06000000
v -0.03825400 -0.02461900 -0.06000000
v -0.04143000 -0.02550900 -0.06000000
v -0.04143000 -0.02550900 -0.06000000
v -0.04143000 -0.02550900 -0.06000000
v -0.04110400 -0.02585700 -0.06000000
v -0.04110400 -0.02585700 -0.06000000
v -0.04110400 -0.02585700 -0.06000000
v -0.04069700 -0.02610500 -0.06000000
v -0.04069700 -0.02610500 -0.06000000
v -0.04069700 -0.02610500 -0.06000000
v -0.03930300 -0.02610500 -0.06000000
v -0.03930300 -0.02610500 -0.06000000
v -0.03930300 -0.02610500 -0.06000000
v -0.03976200 -0.02623400 -0.06000000
v -0.03976200 -0.02623400 -0.06000000
v -0.03976200 -0.02623400 -0.06000000
v -0.04000000 -0.02625000 -0.06000000
v -0.04000000 -0.02625000 -0.06000000
v -0.04000000 -0.02625000 -0.06000000
v -0.04000000 -0.02625000 -0.06000000
v -0.04000000 -0.02625000 -0.06000000
v -0.04000000 -0.02625000 -0.06000000
v -0.04023800 -0.02623400 -0.06000000
v -0.04023800 -0.02623400 -0.06000000
v -0.04023800 -0.02623400 -0.06000000
v -0.04164900 -0.02508600 -0.06000000
v -0.04164900 -0.02508600 -0.06000000
v -0.04164900 -0.02508600 -0.06000000
v -0.04174600 -0.02461900 -0.06000000
v -0.04174600 -0.02461900 -0.06000000
v -0.04174600 -0.02461900 -0.06000000
v -0.04171300 -0.02414400 -0.06000000
v -0.04171300 -0.02414400 -0.06000000
v -0.04171300 -0.02414400 -0.06000000
v -0.03889600 -0.02585700 -0.06000000
v -0.03889600 -0.02585700 -0.06000000
v -0.03889600 -0.02585700 -0.06000000
v -0.03889600 -0.02585700 -0.06000000
v -0.03835100 -0.02508600 -0.06000000
v -0.03835100 -0.02508600 -0.06000000
v -0.03835100 -0.02508600 -0.06000000
v -0.03857000 -0.02550900 -0.06000000
v -0.03857000 -0.02550900 -0.06000000
v -0.03857000 -0.02550900 -0.06000000
v -0.04090900 -0.02300500 -0.06500000
v -0.04090900 -0.02300500 -0.06500000
v -0.04090900 -0.02300500 -0.06500000
v -0.04127900 -0.02330600 -0.06500000
v -0.04127900 -0.02330600 -0.06500000
v -0.04127900 -0.02330600 -0.06500000
v -0.03828700 -0.02414400 -0.06500000
v -0.03828700 -0.02414400 -0.06500000
v -0.03828700 -0.02414400 -0.06500000
v -0.03844600 -0.02369500 -0.06500000
v -0.03844600 -0.02369500 -0.06500000
v -0.03844600 -0.02369500 -0.06500000
v -0.03872100 -0.02330600 -0.06500000
v -0.03872100 -0.02330600 -0.06500000
v -0.03872100 -0.02330600 -0.06500000
v -0.03909100 -0.02300500 -0.06500000
v -0.03909100 -0.02300500 -0.06500000
v -0.03909100 -0.02300500 -0.06500000
v -0.03952800 -0.02281500 -0.06500000
v -0.03952800 -0.02281500 -0.06500000
v -0.03952800 -0.02281500 -0.06500000
v -0.04000000 -0.02275000 -0.06500000
v -0.04000000 -0.02275000 -0.06500000
v -0.04000000 -0.02275000 -0.06500000
v -0.04000000 -0.02275000 -0.06500000
v -0.04000000 -0.02275000 -0.06500000
v -0.04047200 -0.02281500 -0.06500000
v -0.04047200 -0.02281500 -0.06500000
v -0.04047200 -0.02281500 -0.06500000
v -0.04155400 -0.02369500 -0.06500000
v -0.04155400 -0.02369500 -0.06500000
v -0.04155400 -0.02369500 -0.06500000
v -0.04171300 -0.02414400 -0.06500000
v -0.04171300 -0.02414400 -0.06500000
v -0.04171300 -0.02414400 -0.06500000
v -0.04174600 -0.02461900 -0.06500000
v -0.04174600 -0.02461900 -0.06500000
v -0.04174600 -0.02461900 -0.06500000
v -0.03976200 -0.02623400 -0.06500000
v -0.03976200 -0.02623400 -0.06500000
v -0.03976200 -0.02623400 -0.06500000
v -0.03976200 -0.02623400 -0.06500000
v -0.04023800 -0.02623400 -0.06500000
v -0.04023800 -0.02623400 -0.06500000
v -0.04023800 -0.02623400 -0.06500000
v -0.04023800 -0.02623400 -0.06500000
v -0.04069700 -0.02610500 -0.06500000
v -0.04069700 -0.02610500 -0.06500000
v -0.04069700 -0.02610500 -0.06500000
v -0.03825400 -0.02461900 -0.06500000
v -0.03825400 -0.02461900 -0.06500000
v -0.03825400 -0.02461900 -0.06500000
v -0.03835100 -0.02508600 -0.06500000
v -0.03835100 -0.02508600 -0.06500000
v -0.03835100 -0.02508600 -0.06500000
v -0.04110400 -0.02585700 -0.06500000
v -0.04110400 -0.02585700 -0.06500000
v -0.04110400 -0.02585700 -0.06500000
v -0.04164900 -0.02508600 -0.06500000
v -0.04164900 -0.02508600 -0.06500000
v -0.04164900 -0.02508600 -0.06500000
v -0.04143000 -0.02550900 -0.06500000
v -0.04143000 -0.02550900 -0.06500000
v -0.04143000 -0.02550900 -0.06500000
v -0.03930300 -0.02610500 -0.06500000
v -0.03930300 -0.02610500 -0.06500000
v -0.03930300 -0.02610500 -0.06500000
v -0.03889600 -0.02585700 -0.06500000
v -0.03889600 -0.02585700 -0.06500000
v -0.03889600 -0.02585700 -0.06500000
v -0.03857000 -0.02550900 -0.06500000
v -0.03857000 -0.02550900 -0.06500000
v -0.03857000 -0.02550900 -0.06500000
v -0.03857000 -0.02550900 -0.06500000
v -0.03500000 0.02800000 -0.06000000
v -0.03500000 0.02800000 -0.06000000
v -0.03500000 0.02800000 -0.06000000
v -0.03500000 0.02800000 -0.06000000
v -0.03500000 0.02800000 -0.06500000
v -0.03500000 0.02800000 -0.06500000
v -0.03500000 0.02800000 -0.06500000
v -0.03500000 0.02800000 -0.06500000
v -0.03504900 0.02830900 -0.06500000
v -0.03504900 0.02830900 -0.06500000
v -0.03504900 0.02830900 -0.06500000
v -0.03504900 0.02830900 -0.06000000
v -0.03504900 0.02830900 -0.06000000
v -0.03504900 0.02830900 -0.06000000
v -0.03519100 0.02858800 -0.06500000
v -0.03519100 0.02858800 -0.06500000
v -0.03519100 0.02858800 -0.06500000
v -0.03519100 0.02858800 -0.06000000
v -0.03519100 0.02858800 -0.06000000
v -0.03519100 0.02858800 -0.06000000
v -0.03541200 0.02880900 -0.06500000
v -0.03541200 0.02880900 -0.06500000
v -0.03541200 0.02880900 -0.06500000
v -0.03541200 0.02880900 -0.06000000
v -0.03541200 0.02880900 -0.06000000
v -0.03541200 0.02880900 -0.06000000
v -0.03569100 0.02895100 -0.06500000
v -0.03569100 0.02895100 -0.06500000
v -0.03569100 0.02895100 -0.06500000
v -0.03569100 0.02895100 -0.06000000
v -0.03569100 0.02895100 -0.06000000
v -0.03569100 0.02895100 -0.06000000
v -0.03600000 0.02900000 -0.06500000
v -0.03600000 0.02900000 -0.06500000
v -0.03600000 0.02900000 -0.06500000
v -0.03600000 0.02900000 -0.06500000
v -0.03600000 0.02900000 -0.06000000
v -0.03600000 0.02900000 -0.06000000
v -0.03600000 0.02900000 -0.06000000
v -0.03600000 0.02900000 -0.06000000
v -0.04400000 0.02900000 -0.06000000
v -0.04400000 0.02900000 -0.06000000
v -0.04400000 0.02900000 -0.06000000
v -0.04400000 0.02900000 -0.06000000
v -0.04400000 0.02900000 -0.06500000
v -0.04400000 0.02900000 -0.06500000
v -0.04400000 0.02900000 -0.06500000
v -0.04400000 0.02900000 -0.06500000
v -0.04430900 0.02895100 -0.06500000
v -0.04430900 0.02895100 -0.06500000
v -0.04430900 0.02895100 -0.06500000
v -0.04430900 0.02895100 -0.06000000
v -0.04430900 0.02895100 -0.06000000
v -0.04430900 0.02895100 -0.06000000
v -0.04458800 0.02880900 -0.06500000
v -0.04458800 0.02880900 -0.06500000
v -0.04458800 0.02880900 -0.06500000
v -0.04458800 0.02880900 -0.06000000
v -0.04458800 0.02880900 -0.06000000
v -0.04458800 0.02880900 -0.06000000
v -0.04480900 0.02858800 -0.06500000
v -0.04480900 0.02858800 -0.06500000
v -0.04480900 0.02858800 -0.06500000
v -0.04480900 0.02858800 -0.06000000
v -0.04480900 0.02858800 -0.06000000
v -0.04480900 0.02858800 -0.06000000
v -0.04495100 0.02830900 -0.06500000
v -0.04495100 0.02830900 -0.06500000
v -0.04495100 0.02830900 -0.06500000
v -0.04495100 0.02830900 -0.06000000
v -0.04495100 0.02830900 -0.06000000
v -0.04495100 0.02830900 -0.06000000
v -0.04500000 0.02800000 -0.06500000
v -0.04500000 0.02800000 -0.06500000
v -0.04500000 0.02800000 -0.06500000
v -0.04500000 0.02800000 -0.06500000
v -0.04500000 0.02800000 -0.06000000
v -0.04500000 0.02800000 -0.06000000
v -0.04500000 0.02800000 -0.06000000
v -0.04500000 0.02800000 -0.06000000
v -0.04500000 0.02100000 -0.06000000
v -0.04500000 0.02100000 -0.06000000
v -0.04500000 0.02100000 -0.06000000
v -0.04500000 0.02100000 -0.06000000
v -0.04500000 0.02100000 -0.06500000
v -0.04500000 0.02100000 -0.06500000
v -0.04500000 0.02100000 -0.06500000
v -0.04500000 0.02100000 -0.06500000
v -0.03500000 0.02100000 -0.06000000
v -0.03500000 0.02100000 -0.06000000
v -0.03500000 0.02100000 -0.06000000
v -0.03500000 0.02100000 -0.06000000
v -0.03500000 0.02100000 -0.06500000
v -0.03500000 0.02100000 -0.06500000
v -0.03500000 0.02100000 -0.06500000
v -0.03500000 0.02100000 -0.06500000
v -0.04090900 0.02300500 -0.06000000
v -0.04090900 0.02300500 -0.06000000
v -0.04090900 0.02300500 -0.06000000
v -0.04127900 0.02330600 -0.06000000
v -0.04127900 0.02330600 -0.06000000
v -0.04127900 0.02330600 -0.06000000
v -0.03909100 0.02300500 -0.06000000
v -0.03909100 0.02300500 -0.06000000
v -0.03909100 0.02300500 -0.06000000
v -0.03952800 0.02281500 -0.06000000
v -0.03952800 0.02281500 -0.06000000
v -0.03952800 0.02281500 -0.06000000
v -0.04000000 0.02275000 -0.06000000
v -0.04000000 0.02275000 -0.06000000
v -0.04000000 0.02275000 -0.06000000
v -0.04000000 0.02275000 -0.06000000
v -0.04000000 0.02275000 -0.06000000
v -0.04047200 0.02281500 -0.06000000
v -0.04047200 0.02281500 -0.06000000
v -0.04047200 0.02281500 -0.06000000
v -0.03828700 0.02414400 -0.06000000
v -0.03828700 0.02414400 -0.06000000
v -0.03828700 0.02414400 -0.06000000
v -0.03844600 0.02369500 -0.06000000
v -0.03844600 0.02369500 -0.06000000
v -0.03844600 0.02369500 -0.06000000
v -0.03872100 0.02330600 -0.06000000
v -0.03872100 0.02330600 -0.06000000
v -0.03872100 0.02330600 -0.06000000
v -0.04155400 0.02369500 -0.06000000
v -0.04155400 0.02369500 -0.06000000
v -0.04155400 0.02369500 -0.06000000
v -0.04171300 0.02414400 -0.06000000
v -0.04171300 0.02414400 -0.06000000
v -0.04171300 0.02414400 -0.06000000
v -0.04174600 0.02461900 -0.06000000
v -0.04174600 0.02461900 -0.06000000
v -0.04174600 0.02461900 -0.06000000
v -0.03976200 0.02623400 -0.06000000
v -0.03976200 0.02623400 -0.06000000
v -0.03976200 0.02623400 -0.06000000
v -0.03930300 0.02610500 -0.06000000
v -0.03930300 0.02610500 -0.06000000
v -0.03930300 0.02610500 -0.06000000
v -0.03889600 0.02585700 -0.06000000
v -0.03889600 0.02585700 -0.06000000
v -0.03889600 0.02585700 -0.06000000
v -0.03825400 0.02461900 -0.06000000
v -0.03825400 0.02461900 -0.06000000
v -0.03825400 0.02461900 -0.06000000
v -0.03835100 0.02508600 -0.06000000
v -0.03835100 0.02508600 -0.06000000
v -0.03835100 0.02508600 -0.06000000
v -0.03857000 0.02550900 -0.06000000
v -0.03857000 0.02550900 -0.06000000
v -0.03857000 0.02550900 -0.06000000
v -0.03857000 0.02550900 -0.06000000
v -0.04110400 0.02585700 -0.06000000
v -0.04110400 0.02585700 -0.06000000
v -0.04110400 0.02585700 -0.06000000
v -0.04164900 0.02508600 -0.06000000
v -0.04164900 0.02508600 -0.06000000
v -0.04164900 0.02508600 -0.06000000
v -0.04143000 0.02550900 -0.06000000
v -0.04143000 0.02550900 -0.06000000
v -0.04143000 0.02550900 -0.06000000
v -0.04069700 0.02610500 -0.06000000
v -0.04069700 0.02610500 -0.06000000
v -0.04069700 0.02610500 -0.06000000
v -0.04023800 0.02623400 -0.06000000
v -0.04023800 0.02623400 -0.06000000
v -0.04023800 0.02623400 -0.06000000
v -0.04000000 0.02625000 -0.06000000
v -0.04000000 0.02625000 -0.06000000
v -0.04000000 0.02625000 -0.06000000
v -0.04000000 0.02625000 -0.06000000
v -0.04000000 0.02625000 -0.06000000
v -0.04000000 0.02625000 -0.06000000
v -0.03909100 0.02300500 -0.06500000
v -0.03909100 0.02300500 -0.06500000
v -0.03909100 0.02300500 -0.06500000
v -0.03872100 0.02330600 -0.06500000
v -0.03872100 0.02330600 -0.06500000
v -0.03872100 0.02330600 -0.06500000
v -0.04171300 0.02414400 -0.06500000
v -0.04171300 0.02414400 -0.06500000
v -0.04171300 0.02414400 -0.06500000
v -0.04155400 0.02369500 -0.06500000
v -0.04155400 0.02369500 -0.06500000
v -0.04155400 0.02369500 -0.06500000
v -0.04127900 0.02330600 -0.06500000
v -0.04127900 0.02330600 -0.06500000
v -0.04127900 0.02330600 -0.06500000
v -0.04090900 0.02300500 -0.06500000
v -0.04090900 0.02300500 -0.06500000
v -0.04090900 0.02300500 -0.06500000
v -0.04023800 0.02623400 -0.06500000
v -0.04023800 0.02623400 -0.06500000
v -0.04023800 0.02623400 -0.06500000
v -0.04023800 0.02623400 -0.06500000
v -0.03976200 0.02623400 -0.06500000
v -0.03976200 0.02623400 -0.06500000
v -0.03976200 0.02623400 -0.06500000
v -0.03976200 0.02623400 -0.06500000
v -0.03930300 0.02610500 -0.06500000
v -0.03930300 0.02610500 -0.06500000
v -0.03930300 0.02610500 -0.06500000
v -0.04047200 0.02281500 -0.06500000
v -0.04047200 0.02281500 -0.06500000
v -0.04047200 0.02281500 -0.06500000
v -0.04000000 0.02275000 -0.06500000
v -0.04000000 0.02275000 -0.06500000
v -0.04000000 0.02275000 -0.06500000
v -0.04000000 0.02275000 -0.06500000
v -0.04000000 0.02275000 -0.06500000
v -0.03952800 0.02281500 -0.06500000
v -0.03952800 0.02281500 -0.06500000
v -0.03952800 0.02281500 -0.06500000
v -0.04174600 0.02461900 -0.06500000
v -0.04174600 0.02461900 -0.06500000
v -0.04174600 0.02461900 -0.06500000
v -0.04164900 0.02508600 -0.06500000
v -0.04164900 0.02508600 -0.06500000
v -0.04164900 0.02508600 -0.06500000
v -0.04069700 0.02610500 -0.06500000
v -0.04069700 0.02610500 -0.06500000
v -0.04069700 0.02610500 -0.06500000
v -0.04110400 0.02585700 -0.06500000
v -0.04110400 0.02585700 -0.06500000
v -0.04110400 0.02585700 -0.06500000
v -0.03844600 0.02369500 -0.06500000
v -0.03844600 0.02369500 -0.06500000
v -0.03844600 0.02369500 -0.06500000
v -0.03828700 0.02414400 -0.06500000
v -0.03828700 0.02414400 -0.06500000
v -0.03828700 0.02414400 -0.06500000
v -0.03825400 0.02461900 -0.06500000
v -0.03825400 0.02461900 -0.06500000
v -0.03825400 0.02461900 -0.06500000
v -0.04143000 0.02550900 -0.06500000
v -0.04143000 0.02550900 -0.06500000
v -0.04143000 0.02550900 -0.06500000
v -0.03889600 0.02585700 -0.06500000
v -0.03889600 0.02585700 -0.06500000
v -0.03889600 0.02585700 -0.06500000
v -0.03889600 0.02585700 -0.06500000
v -0.03835100 0.02508600 -0.06500000
v -0.03835100 0.02508600 -0.06500000
v -0.03835100 0.02508600 -0.06500000
v -0.03857000 0.02550900 -0.06500000
v -0.03857000 0.02550900 -0.06500000
v -0.03857000 0.02550900 -0.06500000
v 0.03500000 -0.02800000 -0.06000000
v 0.03500000 -0.02800000 -0.06000000
v 0.03500000 -0.02800000 -0.06000000
v 0.03500000 -0.02800000 -0.06000000
v 0.03500000 -0.02800000 -0.06500000
v 0.03500000 -0.02800000 -0.06500000
v 0.03500000 -0.02800000 -0.06500000
v 0.03500000 -0.02800000 -0.06500000
v 0.03504900 -0.02830900 -0.06500000
v 0.03504900 -0.02830900 -0.06500000
v 0.03504900 -0.02830900 -0.06500000
v 0.03504900 -0.02830900 -0.06000000
v 0.03504900 -0.02830900 -0.06000000
v 0.03504900 -0.02830900 -0.06000000
v 0.03519100 -0.02858800 -0.06500000
v 0.03519100 -0.02858800 -0.06500000
v 0.03519100 -0.02858800 -0.06500000
v 0.03519100 -0.02858800 -0.06000000
v 0.03519100 -0.02858800 -0.06000000
v 0.03519100 -0.02858800 -0.06000000
v 0.03541200 -0.02880900 -0.06500000
v 0.03541200 -0.02880900 -0.06500000
v 0.03541200 -0.02880900 -0.06500000
v 0.03541200 -0.02880900 -0.06000000
v 0.03541200 -0.02880900 -0.06000000
v 0.03541200 -0.02880900 -0.06000000
v 0.03569100 -0.02895100 -0.06500000
v 0.03569100 -0.02895100 -0.06500000
v 0.03569100 -0.02895100 -0.06500000
v 0.03569100 -0.02895100 -0.06000000
v 0.03569100 -0.02895100 -0.06000000
v 0.03569100 -0.02895100 -0.06000000
v 0.03600000 -0.02900000 -0.06500000
v 0.03600000 -0.02900000 -0.06500000
v 0.03600000 -0.02900000 -0.06500000
v 0.03600000 -0.02900000 -0.06500000
v 0.03600000 -0.02900000 -0.06000000
v 0.03600000 -0.02900000 -0.06000000
v 0.03600000 -0.02900000 -0.06000000
v 0.03600000 -0.02900000 -0.06000000
v 0.04400000 -0.02900000 -0.06000000
v 0.04400000 -0.02900000 -0.06000000
v 0.04400000 -0.02900000 -0.06000000
v 0.04400000 -0.02900000 -0.06000000
v 0.04400000 -0.02900000 -0.06500000
v 0.04400000 -0.02900000 -0.06500000
v 0.04400000 -0.02900000 -0.06500000
v 0.04400000 -0.02900000 -0.06500000
v 0.04430900 -0.02895100 -0.06500000
v 0.04430900 -0.02895100 -0.06500000
v 0.04430900 -0.02895100 -0.06500000
v 0.04430900 -0.02895100 -0.06000000
v 0.04430900 -0.02895100 -0.06000000
v 0.04430900 -0.02895100 -0.06000000
v 0.04458800 -0.02880900 -0.06500000
v 0.04458800 -0.02880900 -0.06500000
v 0.04458800 -0.02880900 -0.06500000
v 0.04458800 -0.02880900 -0.06000000
v 0.04458800 -0.02880900 -0.06000000
v 0.04458800 -0.02880900 -0.06000000
v 0.04480900 -0.02858800 -0.06500000
v 0.04480900 -0.02858800 -0.06500000
v 0.04480900 -0.02858800 -0.06500000
v 0.04480900 -0.02858800 -0.06000000
v 0.04480900 -0.02858800 -0.06000000
v 0.04480900 -0.02858800 -0.06000000
v 0.04495100 -0.02830900 -0.06500000
v 0.04495100 -0.02830900 -0.06500000
v 0.04495100 -0.02830900 -0.06500000
v 0.04495100 -0.02830900 -0.06000000
v 0.04495100 -0.02830900 -0.06000000
v 0.04495100 -0.02830900 -0.06000000
v 0.04500000 -0.02800000 -0.06500000
v 0.04500000 -0.02800000 -0.06500000
v 0.04500000 -0.02800000 -0.06500000
v 0.04500000 -0.02800000 -0.06500000
v 0.04500000 -0.02800000 -0.06000000
v 0.04500000 -0.02800000 -0.06000000
v 0.04500000 -0.02800000 -0.06000000
v 0.04500000 -0.02800000 -0.06000000
v 0.04500000 -0.02100000 -0.06000000
v 0.04500000 -0.02100000 -0.06000000
v 0.04500000 -0.02100000 -0.06000000
v 0.04500000 -0.02100000 -0.06000000
v 0.04500000 -0.02100000 -0.06500000
v 0.04500000 -0.02100000 -0.06500000
v 0.04500000 -0.02100000 -0.06500000
v 0.04500000 -0.02100000 -0.06500000
v 0.03500000 -0.02100000 -0.06000000
v 0.03500000 -0.02100000 -0.06000000
v 0.03500000 -0.02100000 -0.06000000
v 0.03500000 -0.02100000 -0.06000000
v 0.03500000 -0.02100000 -0.06500000
v 0.03500000 -0.02100000 -0.06500000
v 0.03500000 -0.02100000 -0.06500000
v 0.03500000 -0.02100000 -0.06500000
v 0.04090900 -0.02300500 -0.06000000
v 0.04090900 -0.02300500 -0.06000000
v 0.04090900 -0.02300500 -0.06000000
v 0.04127900 -0.02330600 -0.06000000
v 0.04127900 -0.02330600 -0.06000000
v 0.04127900 -0.02330600 -0.06000000
v 0.03909100 -0.02300500 -0.06000000
v 0.03909100 -0.02300500 -0.06000000
v 0.03909100 -0.02300500 -0.06000000
v 0.03952800 -0.02281500 -0.06000000
v 0.03952800 -0.02281500 -0.06000000
v 0.03952800 -0.02281500 -0.06000000
v 0.04000000 -0.02275000 -0.06000000
v 0.04000000 -0.02275000 -0.06000000
v 0.04000000 -0.02275000 -0.06000000
v 0.04000000 -0.02275000 -0.06000000
v 0.04000000 -0.02275000 -0.06000000
v 0.04047200 -0.02281500 -0.06000000
v 0.04047200 -0.02281500 -0.06000000
v 0.04047200 -0.02281500 -0.06000000
v 0.03976200 -0.02623400 -0.06000000
v 0.03976200 -0.02623400 -0.06000000
v 0.03976200 -0.02623400 -0.06000000
v 0.04023800 -0.02623400 -0.06000000
v 0.04023800 -0.02623400 -0.06000000
v 0.04023800 -0.02623400 -0.06000000
v 0.04069700 -0.02610500 -0.06000000
v 0.04069700 -0.02610500 -0.06000000
v 0.04069700 -0.02610500 -0.06000000
v 0.03828700 -0.02414400 -0.06000000
v 0.03828700 -0.02414400 -0.06000000
v 0.03828700 -0.02414400 -0.06000000
v 0.03844600 -0.02369500 -0.06000000
v 0.03844600 -0.02369500 -0.06000000
v 0.03844600 -0.02369500 -0.06000000
v 0.03872100 -0.02330600 -0.06000000
v 0.03872100 -0.02330600 -0.06000000
v 0.03872100 -0.02330600 -0.06000000
v 0.04155400 -0.02369500 -0.06000000
v 0.04155400 -0.02369500 -0.06000000
v 0.04155400 -0.02369500 -0.06000000
v 0.04171300 -0.02414400 -0.06000000
v 0.04171300 -0.02414400 -0.06000000
v 0.04171300 -0.02414400 -0.06000000
v 0.04174600 -0.02461900 -0.06000000
v 0.04174600 -0.02461900 -0.06000000
v 0.04174600 -0.02461900 -0.06000000
v 0.03930300 -0.02610500 -0.06000000
v 0.03930300 -0.02610500 -0.06000000
v 0.03930300 -0.02610500 -0.06000000
v 0.03889600 -0.02585700 -0.06000000
v 0.03889600 -0.02585700 -0.06000000
v 0.03889600 -0.02585700 -0.06000000
v 0.03825400 -0.02461900 -0.06000000
v 0.03825400 -0.02461900 -0.06000000
v 0.03825400 -0.02461900 -0.06000000
v 0.03835100 -0.02508600 -0.06000000
v 0.03835100 -0.02508600 -0.06000000
v 0.03835100 -0.02508600 -0.06000000
v 0.04110400 -0.02585700 -0.06000000
v 0.04110400 -0.02585700 -0.06000000
v 0.04110400 -0.02585700 -0.06000000
v 0.04164900 -0.02508600 -0.06000000
v 0.04164900 -0.02508600 -0.06000000
v 0.04164900 -0.02508600 -0.06000000
v 0.04143000 -0.02550900 -0.06000000
v 0.04143000 -0.02550900 -0.06000000
v 0.04143000 -0.02550900 -0.06000000
v 0.03857000 -0.02550900 -0.06000000
v 0.03857000 -0.02550900 -0.06000000
v 0.03857000 -0.02550900 -0.06000000
v 0.03857000 -0.02550900 -0.06000000
v 0.03909100 -0.02300500 -0.06500000
v 0.03909100 -0.02300500 -0.06500000
v 0.03909100 -0.02300500 -0.06500000
v 0.03872100 -0.02330600 -0.06500000
v 0.03872100 -0.02330600 -0.06500000
v 0.03872100 -0.02330600 -0.06500000
v 0.04171300 -0.02414400 -0.06500000
v 0.04171300 -0.02414400 -0.06500000
v 0.04171300 -0.02414400 -0.06500000
v 0.04155400 -0.02369500 -0.06500000
v 0.04155400 -0.02369500 -0.06500000
v 0.04155400 -0.02369500 -0.06500000
v 0.04127900 -0.02330600 -0.06500000
v 0.04127900 -0.02330600 -0.06500000
v 0.04127900 -0.02330600 -0.06500000
v 0.04090900 -0.02300500 -0.06500000
v 0.04090900 -0.02300500 -0.06500000
v 0.04090900 -0.02300500 -0.06500000
v 0.04047200 -0.02281500 -0.06500000
v 0.04047200 -0.02281500 -0.06500000
v 0.04047200 -0.02281500 -0.06500000
v 0.04000000 -0.02275000 -0.06500000
v 0.04000000 -0.02275000 -0.06500000
v 0.04000000 -0.02275000 -0.06500000
v 0.04000000 -0.02275000 -0.06500000
v 0.04000000 -0.02275000 -0.06500000
v 0.03952800 -0.02281500 -0.06500000
v 0.03952800 -0.02281500 -0.06500000
v 0.03952800 -0.02281500 -0.06500000
v 0.03844600 -0.02369500 -0.06500000
v 0.03844600 -0.02369500 -0.06500000
v 0.03844600 -0.02369500 -0.06500000
v 0.03828700 -0.02414400 -0.06500000
v 0.03828700 -0.02414400 -0.06500000
v 0.03828700 -0.02414400 -0.06500000
v 0.03825400 -0.02461900 -0.06500000
v 0.03825400 -0.02461900 -0.06500000
v 0.03825400 -0.02461900 -0.06500000
v 0.04023800 -0.02623400 -0.06500000
v 0.04023800 -0.02623400 -0.06500000
v 0.04023800 -0.02623400 -0.06500000
v 0.03976200 -0.02623400 -0.06500000
v 0.03976200 -0.02623400 -0.06500000
v 0.03976200 -0.02623400 -0.06500000
v 0.03930300 -0.02610500 -0.06500000
v 0.03930300 -0.02610500 -0.06500000
v 0.03930300 -0.02610500 -0.06500000
v 0.04174600 -0.02461900 -0.06500000
v 0.04174600 -0.02461900 -0.06500000
v 0.04174600 -0.02461900 -0.06500000
v 0.04164900 -0.02508600 -0.06500000
v 0.04164900 -0.02508600 -0.06500000
v 0.04164900 -0.02508600 -0.06500000
v 0.03889600 -0.02585700 -0.06500000
v 0.03889600 -0.02585700 -0.06500000
v 0.03889600 -0.02585700 -0.06500000
v 0.03889600 -0.02585700 -0.06500000
v 0.03835100 -0.02508600 -0.06500000
v 0.03835100 -0.02508600 -0.06500000
v 0.03835100 -0.02508600 -0.06500000
v 0.03857000 -0.02550900 -0.06500000
v 0.03857000 -0.02550900 -0.06500000
v 0.03857000 -0.02550900 -0.06500000
v 0.04069700 -0.02610500 -0.06500000
v 0.04069700 -0.02610500 -0.06500000
v 0.04069700 -0.02610500 -0.06500000
v 0.04110400 -0.02585700 -0.06500000
v 0.04110400 -0.02585700 -0.06500000
v 0.04110400 -0.02585700 -0.06500000
v 0.04143000 -0.02550900 -0.06500000
v 0.04143000 -0.02550900 -0.06500000
v 0.04143000 -0.02550900 -0.06500000
v 0.04500000 0.02800000 -0.06000000
v 0.04500000 0.02800000 -0.06000000
v 0.04500000 0.02800000 -0.06000000
v 0.04500000 0.02800000 -0.06000000
v 0.04500000 0.02800000 -0.06500000
v 0.04500000 0.02800000 -0.06500000
v 0.04500000 0.02800000 -0.06500000
v 0.04500000 0.02800000 -0.06500000
v 0.04500000 0.02800000 -0.06500000
v 0.04495100 0.02830900 -0.06500000
v 0.04495100 0.02830900 -0.06500000
v 0.04495100 0.02830900 -0.06500000
v 0.04495100 0.02830900 -0.06000000
v 0.04495100 0.02830900 -0.06000000
v 0.04495100 0.02830900 -0.06000000
v 0.04480900 0.02858800 -0.06500000
v 0.04480900 0.02858800 -0.06500000
v 0.04480900 0.02858800 -0.06500000
v 0.04480900 0.02858800 -0.06000000
v 0.04480900 0.02858800 -0.06000000
v 0.04480900 0.02858800 -0.06000000
v 0.04458800 0.02880900 -0.06500000
v 0.04458800 0.02880900 -0.06500000
v 0.04458800 0.02880900 -0.06500000
v 0.04458800 0.02880900 -0.06000000
v 0.04458800 0.02880900 -0.06000000
v 0.04458800 0.02880900 -0.06000000
v 0.04430900 0.02895100 -0.06500000
v 0.04430900 0.02895100 -0.06500000
v 0.04430900 0.02895100 -0.06500000
v 0.04430900 0.02895100 -0.06000000
v 0.04430900 0.02895100 -0.06000000
v 0.04430900 0.02895100 -0.06000000
v 0.04400000 0.02900000 -0.06500000
v 0.04400000 0.02900000 -0.06500000
v 0.04400000 0.02900000 -0.06500000
v 0.04400000 0.02900000 -0.06500000
v 0.04400000 0.02900000 -0.06000000
v 0.04400000 0.02900000 -0.06000000
v 0.04400000 0.02900000 -0.06000000
v 0.04400000 0.02900000 -0.06000000
v 0.03600000 0.02900000 -0.06000000
v 0.03600000 0.02900000 -0.06000000
v 0.03600000 0.02900000 -0.06000000
v 0.03600000 0.02900000 -0.06000000
v 0.03600000 0.02900000 -0.06500000
v 0.03600000 0.02900000 -0.06500000
v 0.03600000 0.02900000 -0.06500000
v 0.03600000 0.02900000 -0.06500000
v 0.03569100 0.02895100 -0.06500000
v 0.03569100 0.02895100 -0.06500000
v 0.03569100 0.02895100 -0.06500000
v 0.03569100 0.02895100 -0.06000000
v 0.03569100 0.02895100 -0.06000000
v 0.03569100 0.02895100 -0.06000000
v 0.03541200 0.02880900 -0.06500000
v 0.03541200 0.02880900 -0.06500000
v 0.03541200 0.02880900 -0.06500000
v 0.03541200 0.02880900 -0.06000000
v 0.03541200 0.02880900 -0.06000000
v 0.03541200 0.02880900 -0.06000000
v 0.03519100 0.02858800 -0.06500000
v 0.03519100 0.02858800 -0.06500000
v 0.03519100 0.02858800 -0.06500000
v 0.03519100 0.02858800 -0.06000000
v 0.03519100 0.02858800 -0.06000000
v 0.03519100 0.02858800 -0.06000000
v 0.03504900 0.02830900 -0.06500000
v 0.03504900 0.02830900 -0.06500000
v 0.03504900 0.02830900 -0.06500000
v 0.03504900 0.02830900 -0.06000000
v 0.03504900 0.02830900 -0.06000000
v 0.03504900 0.02830900 -0.06000000
v 0.03500000 0.02800000 -0.06500000
v 0.03500000 0.02800000 -0.06500000
v 0.03500000 0.02800000 -0.06500000
v 0.03500000 0.02800000 -0.06500000
v 0.03500000 0.02800000 -0.06000000
v 0.03500000 0.02800000 -0.06000000
v 0.03500000 0.02800000 -0.06000000
v 0.03500000 0.02800000 -0.06000000
v 0.03500000 0.02100000 -0.06000000
v 0.03500000 0.02100000 -0.06000000
v 0.03500000 0.02100000 -0.06000000
v 0.03500000 0.02100000 -0.06000000
v 0.03500000 0.02100000 -0.06500000
v 0.03500000 0.02100000 -0.06500000
v 0.03500000 0.02100000 -0.06500000
v 0.03500000 0.02100000 -0.06500000
v 0.04500000 0.02100000 -0.06000000
v 0.04500000 0.02100000 -0.06000000
v 0.04500000 0.02100000 -0.06000000
v 0.04500000 0.02100000 -0.06000000
v 0.04500000 0.02100000 -0.06500000
v 0.04500000 0.02100000 -0.06500000
v 0.04500000 0.02100000 -0.06500000
v 0.04500000 0.02100000 -0.06500000
v 0.03909100 0.02300500 -0.06000000
v 0.03909100 0.02300500 -0.06000000
v 0.03909100 0.02300500 -0.06000000
v 0.03872100 0.02330600 -0.06000000
v 0.03872100 0.02330600 -0.06000000
v 0.03872100 0.02330600 -0.06000000
v 0.04090900 0.02300500 -0.06000000
v 0.04090900 0.02300500 -0.06000000
v 0.04090900 0.02300500 -0.06000000
v 0.04047200 0.02281500 -0.06000000
v 0.04047200 0.02281500 -0.06000000
v 0.04047200 0.02281500 -0.06000000
v 0.04000000 0.02275000 -0.06000000
v 0.04000000 0.02275000 -0.06000000
v 0.04000000 0.02275000 -0.06000000
v 0.04000000 0.02275000 -0.06000000
v 0.04000000 0.02275000 -0.06000000
v 0.03952800 0.02281500 -0.06000000
v 0.03952800 0.02281500 -0.06000000
v 0.03952800 0.02281500 -0.06000000
v 0.04171300 0.02414400 -0.06000000
v 0.04171300 0.02414400 -0.06000000
v 0.04171300 0.02414400 -0.06000000
v 0.04155400 0.02369500 -0.06000000
v 0.04155400 0.02369500 -0.06000000
v 0.04155400 0.02369500 -0.06000000
v 0.04127900 0.02330600 -0.06000000
v 0.04127900 0.02330600 -0.06000000
v 0.04127900 0.02330600 -0.06000000
v 0.03844600 0.02369500 -0.06000000
v 0.03844600 0.02369500 -0.06000000
v 0.03844600 0.02369500 -0.06000000
v 0.03828700 0.02414400 -0.06000000
v 0.03828700 0.02414400 -0.06000000
v 0.03828700 0.02414400 -0.06000000
v 0.03825400 0.02461900 -0.06000000
v 0.03825400 0.02461900 -0.06000000
v 0.03825400 0.02461900 -0.06000000
v 0.04110400 0.02585700 -0.06000000
v 0.04110400 0.02585700 -0.06000000
v 0.04110400 0.02585700 -0.06000000
v 0.04069700 0.02610500 -0.06000000
v 0.04069700 0.02610500 -0.06000000
v 0.04069700 0.02610500 -0.06000000
v 0.04174600 0.02461900 -0.06000000
v 0.04174600 0.02461900 -0.06000000
v 0.04174600 0.02461900 -0.06000000
v 0.04164900 0.02508600 -0.06000000
v 0.04164900 0.02508600 -0.06000000
v 0.04164900 0.02508600 -0.06000000
v 0.04143000 0.02550900 -0.06000000
v 0.04143000 0.02550900 -0.06000000
v 0.04143000 0.02550900 -0.06000000
v 0.03930300 0.02610500 -0.06000000
v 0.03930300 0.02610500 -0.06000000
v 0.03930300 0.02610500 -0.06000000
v 0.03889600 0.02585700 -0.06000000
v 0.03889600 0.02585700 -0.06000000
v 0.03889600 0.02585700 -0.06000000
v 0.03889600 0.02585700 -0.06000000
v 0.03835100 0.02508600 -0.06000000
v 0.03835100 0.02508600 -0.06000000
v 0.03835100 0.02508600 -0.06000000
v 0.03857000 0.02550900 -0.06000000
v 0.03857000 0.02550900 -0.06000000
v 0.03857000 0.02550900 -0.06000000
v 0.03976200 0.02623400 -0.06000000
v 0.03976200 0.02623400 -0.06000000
v 0.03976200 0.02623400 -0.06000000
v 0.04000000 0.02625000 -0.06000000
v 0.04000000 0.02625000 -0.06000000
v 0.04000000 0.02625000 -0.06000000
v 0.04000000 0.02625000 -0.06000000
v 0.04000000 0.02625000 -0.06000000
v 0.04000000 0.02625000 -0.06000000
v 0.04023800 0.02623400 -0.06000000
v 0.04023800 0.02623400 -0.06000000
v 0.04023800 0.02623400 -0.06000000
v 0.04090900 0.02300500 -0.06500000
v 0.04090900 0.02300500 -0.06500000
v 0.04090900 0.02300500 -0.06500000
v 0.04127900 0.02330600 -0.06500000
v 0.04127900 0.02330600 -0.06500000
v 0.04127900 0.02330600 -0.06500000
v 0.03828700 0.02414400 -0.06500000
v 0.03828700 0.02414400 -0.06500000
v 0.03828700 0.02414400 -0.06500000
v 0.03844600 0.02369500 -0.06500000
v 0.03844600 0.02369500 -0.06500000
v 0.03844600 0.02369500 -0.06500000
v 0.03872100 0.02330600 -0.06500000
v 0.03872100 0.02330600 -0.06500000
v 0.03872100 0.02330600 -0.06500000
v 0.03909100 0.02300500 -0.06500000
v 0.03909100 0.02300500 -0.06500000
v 0.03909100 0.02300500 -0.06500000
v 0.03976200 0.02623400 -0.06500000
v 0.03976200 0.02623400 -0.06500000
v 0.03976200 0.02623400 -0.06500000
v 0.03976200 0.02623400 -0.06500000
v 0.04023800 0.02623400 -0.06500000
v 0.04023800 0.02623400 -0.06500000
v 0.04023800 0.02623400 -0.06500000
v 0.04023800 0.02623400 -0.06500000
v 0.04069700 0.02610500 -0.06500000
v 0.04069700 0.02610500 -0.06500000
v 0.04069700 0.02610500 -0.06500000
v 0.03952800 0.02281500 -0.06500000
v 0.03952800 0.02281500 -0.06500000
v 0.03952800 0.02281500 -0.06500000
v 0.04000000 0.02275000 -0.06500000
v 0.04000000 0.02275000 -0.06500000
v 0.04000000 0.02275000 -0.06500000
v 0.04000000 0.02275000 -0.06500000
v 0.04000000 0.02275000 -0.06500000
v 0.04047200 0.02281500 -0.06500000
v 0.04047200 0.02281500 -0.06500000
v 0.04047200 0.02281500 -0.06500000
v 0.03825400 0.02461900 -0.06500000
v 0.03825400 0.02461900 -0.06500000
v 0.03825400 0.02461900 -0.06500000
v 0.03835100 0.02508600 -0.06500000
v 0.03835100 0.02508600 -0.06500000
v 0.03835100 0.02508600 -0.06500000
v 0.03930300 0.02610500 -0.06500000
v 0.03930300 0.02610500 -0.06500000
v 0.03930300 0.02610500 -0.06500000
v 0.03889600 0.02585700 -0.06500000
v 0.03889600 0.02585700 -0.06500000
v 0.03889600 0.02585700 -0.06500000
v 0.04155400 0.02369500 -0.06500000
v 0.04155400 0.02369500 -0.06500000
v 0.04155400 0.02369500 -0.06500000
v 0.04171300 0.02414400 -0.06500000
v 0.04171300 0.02414400 -0.06500000
v 0.04171300 0.02414400 -0.06500000
v 0.04174600 0.02461900 -0.06500000
v 0.04174600 0.02461900 -0.06500000
v 0.04174600 0.02461900 -0.06500000
v 0.03857000 0.02550900 -0.06500000
v 0.03857000 0.02550900 -0.06500000
v 0.03857000 0.02550900 -0.06500000
v 0.03857000 0.02550900 -0.06500000
v 0.04110400 0.02585700 -0.06500000
v 0.04110400 0.02585700 -0.06500000
v 0.04110400 0.02585700 -0.06500000
v 0.04164900 0.02508600 -0.06500000
v 0.04164900 0.02508600 -0.06500000
v 0.04164900 0.02508600 -0.06500000
v 0.04143000 0.02550900 -0.06500000
v 0.04143000 0.02550900 -0.06500000
v 0.04143000 0.02550900 -0.06500000
v 0.03667600 0.01578500 0.00000000
v 0.03667600 0.01578500 0.00000000
v 0.03667600 0.01578500 0.00000000
v 0.03666800 0.01573100 0.00000000
v 0.03666800 0.01573100 0.00000000
v 0.03666800 0.01573100 0.00000000
v 0.05550000 0.01573600 0.00000000
v 0.05550000 0.01573600 0.00000000
v -0.04797000 0.01080500 0.00000000
v -0.04797000 0.01080500 0.00000000
v -0.04797000 0.01080500 0.00000000
v -0.04442100 0.01388100 0.00000000
v -0.04442100 0.01388100 0.00000000
v -0.04442100 0.01388100 0.00000000
v -0.04421600 0.01573600 0.00000000
v -0.04014900 0.01583200 0.00000000
v -0.04014900 0.01583200 0.00000000
v -0.04014900 0.01583200 0.00000000
v -0.04421600 0.01614600 0.00000000
v -0.00450800 0.01535200 0.00000000
v -0.00450800 0.01535200 0.00000000
v -0.00450800 0.01535200 0.00000000
v -0.00887800 0.01573600 0.00000000
v -0.00865000 0.01346000 0.00000000
v -0.00865000 0.01346000 0.00000000
v -0.00865000 0.01346000 0.00000000
v 0.03661200 0.01570500 0.00000000
v 0.03661200 0.01570500 0.00000000
v 0.03661200 0.01570500 0.00000000
v 0.03659900 0.01573600 0.00000000
v 0.03659900 0.01573600 0.00000000
v 0.03586200 0.01573600 0.00000000
v -0.03528800 0.01977300 0.00000000
v -0.03528800 0.01977300 0.00000000
v -0.03528800 0.01977300 0.00000000
v -0.03534300 0.01972700 0.00000000
v -0.03534300 0.01972700 0.00000000
v -0.03534300 0.01972700 0.00000000
v -0.03547300 0.01940500 0.00000000
v -0.03547300 0.01940500 0.00000000
v -0.03547300 0.01940500 0.00000000
v -0.03557200 0.01878900 0.00000000
v -0.03557200 0.01878900 0.00000000
v -0.03557200 0.01878900 0.00000000
v -0.03557200 0.01878900 0.00000000
v -0.03543700 0.01869200 0.00000000
v -0.03543700 0.01869200 0.00000000
v -0.03543700 0.01869200 0.00000000
v -0.03490500 0.01954200 0.00000000
v -0.03550000 0.01650000 0.00000000
v -0.03550000 0.01650000 0.00000000
v -0.03550000 0.01650000 0.00000000
v -0.03489400 0.01648900 0.00000000
v -0.03489400 0.01648900 0.00000000
v -0.03489400 0.01648900 0.00000000
v -0.03489400 0.01648900 0.00000000
v -0.03549200 0.01689500 0.00000000
v -0.03549200 0.01689500 0.00000000
v -0.03549200 0.01689500 0.00000000
v -0.03596200 0.01878600 0.00000000
v -0.03596200 0.01878600 0.00000000
v -0.03589700 0.01881000 0.00000000
v -0.03589700 0.01881000 0.00000000
v -0.03576100 0.01909300 0.00000000
v -0.03576100 0.01909300 0.00000000
v -0.03576100 0.01909300 0.00000000
v -0.03558000 0.01860200 0.00000000
v -0.03558000 0.01860200 0.00000000
v -0.03558000 0.01860200 0.00000000
v -0.03566500 0.01864800 0.00000000
v -0.03566500 0.01864800 0.00000000
v -0.03566500 0.01864800 0.00000000
v -0.03544900 0.01843100 0.00000000
v -0.03544900 0.01843100 0.00000000
v -0.03544900 0.01843100 0.00000000
v -0.03633500 0.01776900 0.00000000
v -0.03633500 0.01776900 0.00000000
v -0.03633500 0.01776900 0.00000000
v -0.03622400 0.01725000 0.00000000
v -0.03622400 0.01725000 0.00000000
v -0.03622400 0.01725000 0.00000000
v -0.03534800 0.01760700 0.00000000
v -0.03534800 0.01760700 0.00000000
v -0.03534800 0.01760700 0.00000000
v -0.03534800 0.01807600 0.00000000
v -0.03534800 0.01807600 0.00000000
v -0.03534800 0.01807600 0.00000000
v -0.03603800 0.01682900 0.00000000
v -0.03603800 0.01682900 0.00000000
v -0.03603800 0.01682900 0.00000000
v -0.03579600 0.01679200 0.00000000
v -0.03579600 0.01679200 0.00000000
v -0.03579600 0.01679200 0.00000000
v -0.03567200 0.01680500 0.00000000
v -0.03567200 0.01680500 0.00000000
v -0.03567200 0.01680500 0.00000000
v -0.03639000 0.01776900 0.00000000
v -0.03639000 0.01776900 0.00000000
v -0.04421600 0.01954200 0.00000000
v -0.03638500 0.01757200 0.00000000
v -0.03638500 0.01757200 0.00000000
v -0.03630700 0.01714100 0.00000000
v -0.03630700 0.01714100 0.00000000
v -0.03630700 0.01714100 0.00000000
v -0.03613800 0.01689600 0.00000000
v -0.03613800 0.01689600 0.00000000
v -0.03613800 0.01689600 0.00000000
v -0.03560100 0.01703800 0.00000000
v -0.03560100 0.01703800 0.00000000
v -0.03560100 0.01703800 0.00000000
v -0.03560100 0.01703800 0.00000000
v -0.03547200 0.01717000 0.00000000
v -0.03547200 0.01717000 0.00000000
v -0.03547200 0.01717000 0.00000000
v -0.03580600 0.01697800 0.00000000
v -0.03580600 0.01697800 0.00000000
v -0.03580600 0.01697800 0.00000000
v -0.03596300 0.01699700 0.00000000
v -0.03596300 0.01699700 0.00000000
v -0.03596300 0.01699700 0.00000000
v -0.03608800 0.01706600 0.00000000
v -0.03608800 0.01706600 0.00000000
v -0.03608800 0.01706600 0.00000000
v -0.03524800 0.01831600 0.00000000
v -0.03524800 0.01831600 0.00000000
v -0.03524800 0.01831600 0.00000000
v -0.03519200 0.01780400 0.00000000
v -0.03519200 0.01780400 0.00000000
v -0.03519200 0.01780400 0.00000000
v -0.03530800 0.01716200 0.00000000
v -0.03530800 0.01716200 0.00000000
v -0.03530800 0.01716200 0.00000000
v -0.03569900 0.01923000 0.00000000
v -0.03569900 0.01923000 0.00000000
v -0.03569900 0.01923000 0.00000000
v -0.03563500 0.01938000 0.00000000
v -0.03563500 0.01938000 0.00000000
v -0.03563500 0.01938000 0.00000000
v -0.03600200 0.01877000 0.00000000
v -0.03600200 0.01877000 0.00000000
v -0.03600200 0.01877000 0.00000000
v -0.03600500 0.01874400 0.00000000
v -0.03600500 0.01874400 0.00000000
v -0.03600500 0.01874400 0.00000000
v -0.03599300 0.01872000 0.00000000
v -0.03599300 0.01872000 0.00000000
v -0.03599300 0.01872000 0.00000000
v -0.03588300 0.01851500 0.00000000
v -0.03588300 0.01851500 0.00000000
v -0.03588300 0.01851500 0.00000000
v -0.03588300 0.01851500 0.00000000
v -0.03587900 0.01851400 0.00000000
v -0.03587900 0.01851400 0.00000000
v -0.03587900 0.01851400 0.00000000
v -0.03587900 0.01851400 0.00000000
v -0.03587600 0.01851400 0.00000000
v -0.03587600 0.01851400 0.00000000
v -0.03587600 0.01851400 0.00000000
v -0.03587600 0.01851400 0.00000000
v -0.03587300 0.01851600 0.00000000
v -0.03587300 0.01851600 0.00000000
v -0.03587300 0.01851600 0.00000000
v -0.03583600 0.01857400 0.00000000
v -0.03583600 0.01857400 0.00000000
v -0.03583600 0.01857400 0.00000000
v -0.03583600 0.01857400 0.00000000
v -0.03572100 0.01864900 0.00000000
v -0.03572100 0.01864900 0.00000000
v -0.03572100 0.01864900 0.00000000
v -0.03580100 0.01864000 0.00000000
v -0.03580100 0.01864000 0.00000000
v -0.03580100 0.01864000 0.00000000
v -0.03588800 0.01851900 0.00000000
v -0.03588800 0.01851900 0.00000000
v -0.03588800 0.01851900 0.00000000
v -0.03590300 0.01854600 0.00000000
v -0.03590300 0.01854600 0.00000000
v -0.03590300 0.01854600 0.00000000
v -0.03591200 0.01856400 0.00000000
v -0.03591200 0.01856400 0.00000000
v -0.03591200 0.01856400 0.00000000
v -0.03547400 0.01980800 0.00000000
v -0.03547400 0.01980800 0.00000000
v -0.03547400 0.01980800 0.00000000
v -0.03569300 0.01979000 0.00000000
v -0.03569300 0.01979000 0.00000000
v -0.03569300 0.01979000 0.00000000
v -0.03523000 0.01983100 0.00000000
v -0.03523000 0.01983100 0.00000000
v -0.03523000 0.01983100 0.00000000
v -0.03523000 0.01983100 0.00000000
v -0.03523500 0.01982000 0.00000000
v -0.03523500 0.01982000 0.00000000
v -0.03523500 0.01982000 0.00000000
v -0.03524300 0.01981000 0.00000000
v -0.03524300 0.01981000 0.00000000
v -0.03524300 0.01981000 0.00000000
v -0.03524300 0.01981000 0.00000000
v -0.03643100 0.01991900 0.00000000
v -0.03643100 0.01991900 0.00000000
v -0.03643100 0.01991900 0.00000000
v -0.03643100 0.01991900 0.00000000
v -0.03643000 0.01992400 0.00000000
v -0.03643000 0.01992400 0.00000000
v -0.03643000 0.01992400 0.00000000
v -0.04421600 0.02100000 0.00000000
v -0.04421600 0.02100000 0.00000000
v -0.03642700 0.01992700 0.00000000
v -0.03642700 0.01992700 0.00000000
v -0.03642700 0.01992700 0.00000000
v -0.03642700 0.01992700 0.00000000
v -0.03490500 0.02100000 0.00000000
v -0.03490500 0.02100000 0.00000000
v -0.03642200 0.01992800 0.00000000
v -0.03642200 0.01992800 0.00000000
v -0.03642200 0.01992800 0.00000000
v -0.03534800 0.01999900 0.00000000
v -0.03534800 0.01999900 0.00000000
v -0.03534800 0.01999900 0.00000000
v -0.03525200 0.01987800 0.00000000
v -0.03525200 0.01987800 0.00000000
v -0.03525200 0.01987800 0.00000000
v -0.03523400 0.01985100 0.00000000
v -0.03523400 0.01985100 0.00000000
v -0.03523400 0.01985100 0.00000000
v -0.03523100 0.01984300 0.00000000
v -0.03523100 0.01984300 0.00000000
v -0.03523100 0.01984300 0.00000000
v -0.03643000 0.01991300 0.00000000
v -0.03643000 0.01991300 0.00000000
v -0.03643000 0.01991300 0.00000000
v -0.03642500 0.01990000 0.00000000
v -0.03642500 0.01990000 0.00000000
v -0.03642500 0.01990000 0.00000000
v -0.03642500 0.01990000 0.00000000
v -0.03561500 0.01908800 0.00000000
v -0.03561500 0.01908800 0.00000000
v -0.03576600 0.01880100 0.00000000
v -0.03576600 0.01880100 0.00000000
v -0.03591200 0.01977300 0.00000000
v -0.03591200 0.01977300 0.00000000
v -0.03606300 0.01974700 0.00000000
v -0.03606300 0.01974700 0.00000000
v -0.03606300 0.01974700 0.00000000
v -0.03614600 0.01972500 0.00000000
v -0.03614600 0.01972500 0.00000000
v -0.03614600 0.01972500 0.00000000
v -0.03614600 0.01972500 0.00000000
v -0.03622900 0.01970200 0.00000000
v -0.03622900 0.01970200 0.00000000
v -0.03622900 0.01970200 0.00000000
v -0.03627900 0.01968200 0.00000000
v -0.03627900 0.01968200 0.00000000
v -0.03627900 0.01968200 0.00000000
v -0.03640500 0.01986800 0.00000000
v -0.03640500 0.01986800 0.00000000
v -0.03640500 0.01986800 0.00000000
v -0.03613400 0.01991300 0.00000000
v -0.03549900 0.01998900 0.00000000
v -0.03549900 0.01998900 0.00000000
v -0.03549900 0.01998900 0.00000000
v -0.03544900 0.02003400 0.00000000
v -0.03544900 0.02003400 0.00000000
v -0.03544900 0.02003400 0.00000000
v -0.03635600 0.01990500 0.00000000
v -0.03635600 0.01990500 0.00000000
v -0.03635600 0.01990500 0.00000000
v -0.03629500 0.01990800 0.00000000
v -0.03629500 0.01990800 0.00000000
v -0.03639400 0.01991800 0.00000000
v -0.03639400 0.01991800 0.00000000
v -0.03639400 0.01991800 0.00000000
v -0.03639400 0.01991800 0.00000000
v -0.03640800 0.01992600 0.00000000
v -0.03640800 0.01992600 0.00000000
v -0.03640800 0.01992600 0.00000000
v -0.03640800 0.01992600 0.00000000
v -0.03540900 0.02007500 0.00000000
v -0.03540900 0.02007500 0.00000000
v -0.03540900 0.02007500 0.00000000
v -0.03537800 0.02003700 0.00000000
v -0.03537800 0.02003700 0.00000000
v -0.03537800 0.02003700 0.00000000
v -0.03537800 0.02003700 0.00000000
v -0.00171000 0.01707200 0.00000000
v -0.00171000 0.01707200 0.00000000
v -0.00171000 0.01707200 0.00000000
v -0.00171500 0.01726900 0.00000000
v -0.00171500 0.01726900 0.00000000
v -0.00171500 0.01726900 0.00000000
v -0.00887800 0.01954200 0.00000000
v -0.00093900 0.01858800 0.00000000
v -0.00093900 0.01858800 0.00000000
v -0.00093900 0.01858800 0.00000000
v -0.00109100 0.01830100 0.00000000
v -0.00109100 0.01830100 0.00000000
v -0.00109100 0.01830100 0.00000000
v -0.00089700 0.01828900 0.00000000
v -0.00089700 0.01828900 0.00000000
v -0.00089700 0.01828900 0.00000000
v -0.00055900 0.01932000 0.00000000
v -0.00055900 0.01932000 0.00000000
v -0.00055900 0.01932000 0.00000000
v -0.00055900 0.01932000 0.00000000
v -0.00056700 0.01931000 0.00000000
v -0.00056700 0.01931000 0.00000000
v -0.00056700 0.01931000 0.00000000
v -0.00056700 0.01931000 0.00000000
v -0.00079800 0.01890500 0.00000000
v -0.00079800 0.01890500 0.00000000
v -0.00079800 0.01890500 0.00000000
v -0.00061300 0.01927300 0.00000000
v -0.00061300 0.01927300 0.00000000
v -0.00066800 0.01922700 0.00000000
v -0.00066800 0.01922700 0.00000000
v -0.00055600 0.01934300 0.00000000
v -0.00055600 0.01934300 0.00000000
v -0.00055600 0.01934300 0.00000000
v -0.00055600 0.01934300 0.00000000
v -0.00055400 0.01933100 0.00000000
v -0.00055400 0.01933100 0.00000000
v -0.00055400 0.01933100 0.00000000
v -0.00055400 0.01933100 0.00000000
v -0.00023900 0.01954200 0.00000000
v -0.00090500 0.01810200 0.00000000
v -0.00090500 0.01810200 0.00000000
v -0.00090500 0.01810200 0.00000000
v -0.00099000 0.01814800 0.00000000
v -0.00099000 0.01814800 0.00000000
v -0.00099000 0.01814800 0.00000000
v -0.00077300 0.01793100 0.00000000
v -0.00077300 0.01793100 0.00000000
v -0.00077300 0.01793100 0.00000000
v -0.00166000 0.01726900 0.00000000
v -0.00166000 0.01726900 0.00000000
v -0.00166000 0.01726900 0.00000000
v -0.00055900 0.01935100 0.00000000
v -0.00055900 0.01935100 0.00000000
v -0.00055900 0.01935100 0.00000000
v -0.00055900 0.01935100 0.00000000
v -0.00146200 0.01639600 0.00000000
v -0.00146200 0.01639600 0.00000000
v -0.00146200 0.01639600 0.00000000
v -0.00163200 0.01664100 0.00000000
v -0.00163200 0.01664100 0.00000000
v -0.00163200 0.01664100 0.00000000
v -0.00887800 0.01614600 0.00000000
v -0.00160400 0.01918200 0.00000000
v -0.00160400 0.01918200 0.00000000
v -0.00132900 0.01824400 0.00000000
v -0.00132900 0.01824400 0.00000000
v -0.00132900 0.01824400 0.00000000
v -0.00175000 0.01940000 0.00000000
v -0.00175000 0.01940000 0.00000000
v -0.00175000 0.01940000 0.00000000
v -0.00175000 0.01940000 0.00000000
v -0.00175500 0.01941300 0.00000000
v -0.00175500 0.01941300 0.00000000
v -0.00175500 0.01941300 0.00000000
v -0.00175600 0.01941900 0.00000000
v -0.00175600 0.01941900 0.00000000
v -0.00175600 0.01941900 0.00000000
v -0.00175400 0.01942400 0.00000000
v -0.00175400 0.01942400 0.00000000
v -0.00175400 0.01942400 0.00000000
v -0.00175400 0.01942400 0.00000000
v -0.00154900 0.01675000 0.00000000
v -0.00154900 0.01675000 0.00000000
v -0.00154900 0.01675000 0.00000000
v -0.00067200 0.01710700 0.00000000
v -0.00067200 0.01710700 0.00000000
v -0.00067200 0.01710700 0.00000000
v -0.00067300 0.01757600 0.00000000
v -0.00067300 0.01757600 0.00000000
v -0.00067300 0.01757600 0.00000000
v -0.00051600 0.01730400 0.00000000
v -0.00051600 0.01730400 0.00000000
v -0.00051600 0.01730400 0.00000000
v -0.00023900 0.01614600 0.00000000
v -0.00063300 0.01666200 0.00000000
v -0.00063300 0.01666200 0.00000000
v -0.00063300 0.01666200 0.00000000
v -0.00081700 0.01639500 0.00000000
v -0.00081700 0.01639500 0.00000000
v -0.00081700 0.01639500 0.00000000
v -0.00099700 0.01630500 0.00000000
v -0.00099700 0.01630500 0.00000000
v -0.00099700 0.01630500 0.00000000
v -0.00112000 0.01629200 0.00000000
v -0.00112000 0.01629200 0.00000000
v -0.00112000 0.01629200 0.00000000
v -0.00136300 0.01632900 0.00000000
v -0.00136300 0.01632900 0.00000000
v -0.00136300 0.01632900 0.00000000
v -0.00136300 0.01632900 0.00000000
v -0.00171900 0.01941800 0.00000000
v -0.00171900 0.01941800 0.00000000
v -0.00171900 0.01941800 0.00000000
v -0.00171900 0.01941800 0.00000000
v -0.00168100 0.01940500 0.00000000
v -0.00168100 0.01940500 0.00000000
v -0.00168100 0.01940500 0.00000000
v -0.00173300 0.01942600 0.00000000
v -0.00173300 0.01942600 0.00000000
v -0.00173300 0.01942600 0.00000000
v -0.00173300 0.01942600 0.00000000
v -0.00161900 0.01940800 0.00000000
v -0.00161900 0.01940800 0.00000000
v -0.00174700 0.01942800 0.00000000
v -0.00174700 0.01942800 0.00000000
v -0.00174700 0.01942800 0.00000000
v -0.00145800 0.01941300 0.00000000
v -0.00145800 0.01941300 0.00000000
v -0.00082400 0.01948900 0.00000000
v -0.00082400 0.01948900 0.00000000
v -0.00082400 0.01948900 0.00000000
v -0.00092600 0.01653800 0.00000000
v -0.00092600 0.01653800 0.00000000
v -0.00092600 0.01653800 0.00000000
v -0.00079700 0.01667000 0.00000000
v -0.00079700 0.01667000 0.00000000
v -0.00079700 0.01667000 0.00000000
v -0.00113100 0.01647800 0.00000000
v -0.00113100 0.01647800 0.00000000
v -0.00113100 0.01647800 0.00000000
v -0.00128800 0.01649700 0.00000000
v -0.00128800 0.01649700 0.00000000
v -0.00128800 0.01649700 0.00000000
v -0.00141300 0.01656600 0.00000000
v -0.00141300 0.01656600 0.00000000
v -0.00141300 0.01656600 0.00000000
v -0.00076100 0.01819200 0.00000000
v -0.00076100 0.01819200 0.00000000
v -0.00076100 0.01819200 0.00000000
v -0.00057200 0.01781600 0.00000000
v -0.00057200 0.01781600 0.00000000
v -0.00057200 0.01781600 0.00000000
v -0.00070300 0.01953700 0.00000000
v -0.00070300 0.01953700 0.00000000
v -0.00070300 0.01953700 0.00000000
v -0.00067300 0.01949900 0.00000000
v -0.00067300 0.01949900 0.00000000
v -0.00057700 0.01937800 0.00000000
v -0.00057700 0.01937800 0.00000000
v -0.00120300 0.01801400 0.00000000
v -0.00120300 0.01801400 0.00000000
v -0.00120300 0.01801400 0.00000000
v -0.00120300 0.01801400 0.00000000
v -0.00120100 0.01801400 0.00000000
v -0.00120100 0.01801400 0.00000000
v -0.00120100 0.01801400 0.00000000
v -0.00120100 0.01801400 0.00000000
v -0.00119800 0.01801600 0.00000000
v -0.00119800 0.01801600 0.00000000
v -0.00119800 0.01801600 0.00000000
v -0.00119800 0.01801600 0.00000000
v -0.00116100 0.01807400 0.00000000
v -0.00116100 0.01807400 0.00000000
v -0.00104500 0.01814900 0.00000000
v -0.00104500 0.01814900 0.00000000
v -0.00104500 0.01814900 0.00000000
v -0.00104500 0.01814900 0.00000000
v -0.00112600 0.01814000 0.00000000
v -0.00112600 0.01814000 0.00000000
v -0.00120700 0.01801500 0.00000000
v -0.00120700 0.01801500 0.00000000
v -0.00120700 0.01801500 0.00000000
v -0.00121200 0.01801900 0.00000000
v -0.00121200 0.01801900 0.00000000
v -0.00121200 0.01801900 0.00000000
v -0.00122800 0.01804600 0.00000000
v -0.00122800 0.01804600 0.00000000
v -0.00122800 0.01804600 0.00000000
v -0.00132700 0.01827000 0.00000000
v -0.00132700 0.01827000 0.00000000
v -0.00132700 0.01827000 0.00000000
v -0.00132700 0.01827000 0.00000000
v -0.00128700 0.01828600 0.00000000
v -0.00128700 0.01828600 0.00000000
v -0.00128700 0.01828600 0.00000000
v -0.00128700 0.01828600 0.00000000
v -0.00155400 0.01920200 0.00000000
v -0.00155400 0.01920200 0.00000000
v -0.00122100 0.01831000 0.00000000
v -0.00122100 0.01831000 0.00000000
v -0.00122100 0.01831000 0.00000000
v -0.00147100 0.01922500 0.00000000
v -0.00147100 0.01922500 0.00000000
v -0.00147100 0.01922500 0.00000000
v -0.00173000 0.01936800 0.00000000
v -0.00173000 0.01936800 0.00000000
v -0.00173000 0.01936800 0.00000000
v -0.00175100 0.01942700 0.00000000
v -0.00175100 0.01942700 0.00000000
v -0.00175100 0.01942700 0.00000000
v -0.00175100 0.01942700 0.00000000
v -0.00077400 0.01953400 0.00000000
v -0.00077400 0.01953400 0.00000000
v -0.00123700 0.01806400 0.00000000
v -0.00123700 0.01806400 0.00000000
v -0.00123700 0.01806400 0.00000000
v -0.00131700 0.01822000 0.00000000
v -0.00131700 0.01822000 0.00000000
v -0.00131700 0.01822000 0.00000000
v -0.00123700 0.01927300 0.00000000
v -0.00123700 0.01927300 0.00000000
v -0.00123700 0.01927300 0.00000000
v -0.00102300 0.01873000 0.00000000
v -0.00102300 0.01873000 0.00000000
v -0.00102300 0.01873000 0.00000000
v -0.00101800 0.01929000 0.00000000
v -0.00101800 0.01929000 0.00000000
v -0.00101800 0.01929000 0.00000000
v -0.00101800 0.01929000 0.00000000
v -0.00095900 0.01888000 0.00000000
v -0.00095900 0.01888000 0.00000000
v -0.00079800 0.01930800 0.00000000
v -0.00079800 0.01930800 0.00000000
v -0.00108600 0.01859300 0.00000000
v -0.00108600 0.01859300 0.00000000
v -0.00108600 0.01859300 0.00000000
v -0.00138700 0.01924700 0.00000000
v -0.00138700 0.01924700 0.00000000
v -0.00138700 0.01924700 0.00000000
v -0.00073300 0.01957500 0.00000000
v -0.00073300 0.01957500 0.00000000
v -0.00073300 0.01957500 0.00000000
v -0.00023900 0.02100000 0.00000000
v -0.00023900 0.02100000 0.00000000
v -0.00887800 0.02100000 0.00000000
v -0.00887800 0.02100000 0.00000000
v 0.03424700 0.01676900 0.00000000
v 0.03424700 0.01676900 0.00000000
v 0.02710300 0.01954200 0.00000000
v 0.03425200 0.01657200 0.00000000
v 0.03425200 0.01657200 0.00000000
v 0.02710300 0.01614600 0.00000000
v 0.03540700 0.01884300 0.00000000
v 0.03540700 0.01884300 0.00000000
v 0.03540700 0.01884300 0.00000000
v 0.03540800 0.01883100 0.00000000
v 0.03540800 0.01883100 0.00000000
v 0.03540800 0.01883100 0.00000000
v 0.03540800 0.01883100 0.00000000
v 0.03586200 0.01954200 0.00000000
v 0.03502300 0.01808800 0.00000000
v 0.03502300 0.01808800 0.00000000
v 0.03487100 0.01780100 0.00000000
v 0.03487100 0.01780100 0.00000000
v 0.03506600 0.01778900 0.00000000
v 0.03506600 0.01778900 0.00000000
v 0.03506600 0.01778900 0.00000000
v 0.03540300 0.01882000 0.00000000
v 0.03540300 0.01882000 0.00000000
v 0.03540300 0.01882000 0.00000000
v 0.03540300 0.01882000 0.00000000
v 0.03539500 0.01881000 0.00000000
v 0.03539500 0.01881000 0.00000000
v 0.03539500 0.01881000 0.00000000
v 0.03539500 0.01881000 0.00000000
v 0.03516400 0.01840500 0.00000000
v 0.03516400 0.01840500 0.00000000
v 0.03516400 0.01840500 0.00000000
v 0.03535000 0.01877300 0.00000000
v 0.03535000 0.01877300 0.00000000
v 0.03535000 0.01877300 0.00000000
v 0.03529400 0.01872700 0.00000000
v 0.03529400 0.01872700 0.00000000
v 0.03529400 0.01872700 0.00000000
v 0.03540300 0.01885100 0.00000000
v 0.03540300 0.01885100 0.00000000
v 0.03540300 0.01885100 0.00000000
v 0.03505700 0.01760200 0.00000000
v 0.03505700 0.01760200 0.00000000
v 0.03505700 0.01760200 0.00000000
v 0.03497300 0.01764800 0.00000000
v 0.03497300 0.01764800 0.00000000
v 0.03497300 0.01764800 0.00000000
v 0.03518900 0.01743100 0.00000000
v 0.03518900 0.01743100 0.00000000
v 0.03518900 0.01743100 0.00000000
v 0.03430200 0.01676900 0.00000000
v 0.03430200 0.01676900 0.00000000
v 0.03430200 0.01676900 0.00000000
v 0.03528900 0.01707600 0.00000000
v 0.03528900 0.01707600 0.00000000
v 0.03528900 0.01707600 0.00000000
v 0.03520100 0.01769200 0.00000000
v 0.03520100 0.01769200 0.00000000
v 0.03520100 0.01769200 0.00000000
v 0.03539000 0.01731600 0.00000000
v 0.03539000 0.01731600 0.00000000
v 0.03539000 0.01731600 0.00000000
v 0.03586200 0.01614600 0.00000000
v 0.03435800 0.01868200 0.00000000
v 0.03435800 0.01868200 0.00000000
v 0.03435800 0.01868200 0.00000000
v 0.03463300 0.01774400 0.00000000
v 0.03463300 0.01774400 0.00000000
v 0.03463300 0.01774400 0.00000000
v 0.03421200 0.01890000 0.00000000
v 0.03421200 0.01890000 0.00000000
v 0.03421200 0.01890000 0.00000000
v 0.03421200 0.01890000 0.00000000
v 0.03420700 0.01891300 0.00000000
v 0.03420700 0.01891300 0.00000000
v 0.03420700 0.01891300 0.00000000
v 0.03420600 0.01891900 0.00000000
v 0.03420600 0.01891900 0.00000000
v 0.03420600 0.01891900 0.00000000
v 0.03420800 0.01892400 0.00000000
v 0.03420800 0.01892400 0.00000000
v 0.03420800 0.01892400 0.00000000
v 0.03420800 0.01892400 0.00000000
v 0.03421100 0.01892700 0.00000000
v 0.03421100 0.01892700 0.00000000
v 0.03421100 0.01892700 0.00000000
v 0.03421100 0.01892700 0.00000000
v 0.03421600 0.01892800 0.00000000
v 0.03421600 0.01892800 0.00000000
v 0.03421600 0.01892800 0.00000000
v 0.03421600 0.01892800 0.00000000
v 0.03529000 0.01660700 0.00000000
v 0.03529000 0.01660700 0.00000000
v 0.03529000 0.01660700 0.00000000
v 0.03441300 0.01625000 0.00000000
v 0.03441300 0.01625000 0.00000000
v 0.03441300 0.01625000 0.00000000
v 0.03516500 0.01617000 0.00000000
v 0.03516500 0.01617000 0.00000000
v 0.03516500 0.01617000 0.00000000
v 0.03522900 0.01907500 0.00000000
v 0.03522900 0.01907500 0.00000000
v 0.03522900 0.01907500 0.00000000
v 0.03525900 0.01903700 0.00000000
v 0.03525900 0.01903700 0.00000000
v 0.03525900 0.01903700 0.00000000
v 0.03525900 0.01903700 0.00000000
v 0.03528900 0.01899900 0.00000000
v 0.03528900 0.01899900 0.00000000
v 0.03528900 0.01899900 0.00000000
v 0.03538500 0.01887800 0.00000000
v 0.03538500 0.01887800 0.00000000
v 0.03538500 0.01887800 0.00000000
v 0.03475900 0.01751400 0.00000000
v 0.03475900 0.01751400 0.00000000
v 0.03475900 0.01751400 0.00000000
v 0.03476100 0.01751400 0.00000000
v 0.03476100 0.01751400 0.00000000
v 0.03476100 0.01751400 0.00000000
v 0.03476400 0.01751600 0.00000000
v 0.03476400 0.01751600 0.00000000
v 0.03476400 0.01751600 0.00000000
v 0.03476400 0.01751600 0.00000000
v 0.03480100 0.01757400 0.00000000
v 0.03480100 0.01757400 0.00000000
v 0.03480100 0.01757400 0.00000000
v 0.03480100 0.01757400 0.00000000
v 0.03491700 0.01764900 0.00000000
v 0.03491700 0.01764900 0.00000000
v 0.03491700 0.01764900 0.00000000
v 0.03483600 0.01764000 0.00000000
v 0.03483600 0.01764000 0.00000000
v 0.03483600 0.01764000 0.00000000
v 0.03475500 0.01751500 0.00000000
v 0.03475500 0.01751500 0.00000000
v 0.03475500 0.01751500 0.00000000
v 0.03475500 0.01751500 0.00000000
v 0.03475000 0.01751900 0.00000000
v 0.03475000 0.01751900 0.00000000
v 0.03475000 0.01751900 0.00000000
v 0.03473400 0.01754600 0.00000000
v 0.03473400 0.01754600 0.00000000
v 0.03473400 0.01754600 0.00000000
v 0.03463500 0.01777000 0.00000000
v 0.03463500 0.01777000 0.00000000
v 0.03463500 0.01777000 0.00000000
v 0.03463500 0.01777000 0.00000000
v 0.03467500 0.01778600 0.00000000
v 0.03467500 0.01778600 0.00000000
v 0.03440800 0.01870200 0.00000000
v 0.03440800 0.01870200 0.00000000
v 0.03440800 0.01870200 0.00000000
v 0.03474100 0.01781000 0.00000000
v 0.03474100 0.01781000 0.00000000
v 0.03449100 0.01872500 0.00000000
v 0.03449100 0.01872500 0.00000000
v 0.03449100 0.01872500 0.00000000
v 0.03449100 0.01872500 0.00000000
v 0.03423200 0.01886800 0.00000000
v 0.03423200 0.01886800 0.00000000
v 0.03423200 0.01886800 0.00000000
v 0.03472500 0.01756400 0.00000000
v 0.03472500 0.01756400 0.00000000
v 0.03472500 0.01756400 0.00000000
v 0.03464500 0.01772000 0.00000000
v 0.03464500 0.01772000 0.00000000
v 0.03464500 0.01772000 0.00000000
v 0.03472500 0.01877300 0.00000000
v 0.03472500 0.01877300 0.00000000
v 0.03493900 0.01823000 0.00000000
v 0.03493900 0.01823000 0.00000000
v 0.03493900 0.01823000 0.00000000
v 0.03494500 0.01879000 0.00000000
v 0.03494500 0.01879000 0.00000000
v 0.03494500 0.01879000 0.00000000
v 0.03500300 0.01838000 0.00000000
v 0.03500300 0.01838000 0.00000000
v 0.03500300 0.01838000 0.00000000
v 0.03516400 0.01880800 0.00000000
v 0.03516400 0.01880800 0.00000000
v 0.03516400 0.01880800 0.00000000
v 0.03487700 0.01809300 0.00000000
v 0.03487700 0.01809300 0.00000000
v 0.03487700 0.01809300 0.00000000
v 0.03457500 0.01874700 0.00000000
v 0.03457500 0.01874700 0.00000000
v 0.03457500 0.01874700 0.00000000
v 0.03424400 0.01891800 0.00000000
v 0.03424400 0.01891800 0.00000000
v 0.03424400 0.01891800 0.00000000
v 0.03428100 0.01890500 0.00000000
v 0.03428100 0.01890500 0.00000000
v 0.03428100 0.01890500 0.00000000
v 0.03428100 0.01890500 0.00000000
v 0.03422900 0.01892600 0.00000000
v 0.03422900 0.01892600 0.00000000
v 0.03422900 0.01892600 0.00000000
v 0.03422900 0.01892600 0.00000000
v 0.03434300 0.01890800 0.00000000
v 0.03434300 0.01890800 0.00000000
v 0.03450400 0.01891300 0.00000000
v 0.03518800 0.01903400 0.00000000
v 0.03518800 0.01903400 0.00000000
v 0.03518800 0.01903400 0.00000000
v 0.03513800 0.01898900 0.00000000
v 0.03513800 0.01898900 0.00000000
v 0.03513800 0.01898900 0.00000000
v 0.03483100 0.01597800 0.00000000
v 0.03483100 0.01597800 0.00000000
v 0.03483100 0.01597800 0.00000000
v 0.03503600 0.01603800 0.00000000
v 0.03503600 0.01603800 0.00000000
v 0.03503600 0.01603800 0.00000000
v 0.03467400 0.01599700 0.00000000
v 0.03467400 0.01599700 0.00000000
v 0.03467400 0.01599700 0.00000000
v 0.03454900 0.01606600 0.00000000
v 0.03454900 0.01606600 0.00000000
v 0.03454900 0.01606600 0.00000000
v 0.03544600 0.01680400 0.00000000
v 0.03544600 0.01680400 0.00000000
v 0.03544600 0.01680400 0.00000000
v 0.03532900 0.01616200 0.00000000
v 0.03532900 0.01616200 0.00000000
v 0.03532900 0.01616200 0.00000000
v 0.03514500 0.01589500 0.00000000
v 0.03514500 0.01589500 0.00000000
v 0.03514500 0.01589500 0.00000000
v 0.02710300 0.01573600 0.00000000
v 0.03450000 0.01589600 0.00000000
v 0.03450000 0.01589600 0.00000000
v 0.03450000 0.01589600 0.00000000
v 0.03433000 0.01614100 0.00000000
v 0.03433000 0.01614100 0.00000000
v 0.03433000 0.01614100 0.00000000
v 0.03496500 0.01580500 0.00000000
v 0.03496500 0.01580500 0.00000000
v 0.03496500 0.01580500 0.00000000
v 0.03484200 0.01579200 0.00000000
v 0.03484200 0.01579200 0.00000000
v 0.03484200 0.01579200 0.00000000
v 0.03459900 0.01582900 0.00000000
v 0.03459900 0.01582900 0.00000000
v 0.03459900 0.01582900 0.00000000
v 0.05462100 0.02012100 0.00000000
v 0.05462100 0.02012100 0.00000000
v 0.05462100 0.02012100 0.00000000
v 0.05364800 0.02077200 0.00000000
v 0.05364800 0.02077200 0.00000000
v 0.05364800 0.02077200 0.00000000
v 0.05527200 0.01914800 0.00000000
v 0.05527200 0.01914800 0.00000000
v 0.05527200 0.01914800 0.00000000
v 0.05250000 0.02100000 0.00000000
v 0.05250000 0.02100000 0.00000000
v 0.05250000 0.02100000 0.00000000
v 0.03655500 0.01668800 0.00000000
v 0.03655500 0.01668800 0.00000000
v 0.03655500 0.01668800 0.00000000
v 0.03655900 0.01866100 0.00000000
v 0.03655900 0.01866100 0.00000000
v 0.03629700 0.01843500 0.00000000
v 0.03655500 0.01659600 0.00000000
v 0.03655500 0.01659600 0.00000000
v 0.03655500 0.01659600 0.00000000
v 0.03652100 0.01623800 0.00000000
v 0.03652100 0.01623800 0.00000000
v 0.03652100 0.01623800 0.00000000
v 0.03659000 0.01892300 0.00000000
v 0.03659000 0.01892300 0.00000000
v 0.03659000 0.01892300 0.00000000
v 0.03665000 0.01903400 0.00000000
v 0.03665000 0.01903400 0.00000000
v 0.03665000 0.01903400 0.00000000
v 0.03670500 0.01903400 0.00000000
v 0.03670500 0.01903400 0.00000000
v 0.03670500 0.01903400 0.00000000
v 0.03627700 0.01852000 0.00000000
v 0.03627700 0.01852000 0.00000000
v 0.03644800 0.01871100 0.00000000
v 0.03644800 0.01871100 0.00000000
v 0.03644800 0.01871100 0.00000000
v 0.05364800 -0.02077200 0.00000000
v 0.05364800 -0.02077200 0.00000000
v 0.05364800 -0.02077200 0.00000000
v 0.05462100 -0.02012100 0.00000000
v 0.05462100 -0.02012100 0.00000000
v 0.05462100 -0.02012100 0.00000000
v 0.05250000 -0.02100000 0.00000000
v 0.05250000 -0.02100000 0.00000000
v 0.05250000 -0.02100000 0.00000000
v 0.05527200 -0.01914800 0.00000000
v 0.05527200 -0.01914800 0.00000000
v 0.05527200 -0.01914800 0.00000000
v 0.03586200 -0.02100000 0.00000000
v 0.03586200 -0.02100000 0.00000000
v -0.05527200 -0.01914800 0.00000000
v -0.05527200 -0.01914800 0.00000000
v -0.05527200 -0.01914800 0.00000000
v -0.05462100 -0.02012100 0.00000000
v -0.05462100 -0.02012100 0.00000000
v -0.05462100 -0.02012100 0.00000000
v -0.05364800 -0.02077200 0.00000000
v -0.05364800 -0.02077200 0.00000000
v -0.05364800 -0.02077200 0.00000000
v -0.05250000 -0.02100000 0.00000000
v -0.05250000 -0.02100000 0.00000000
v -0.05250000 -0.02100000 0.00000000
v -0.04421600 -0.01875000 0.00000000
v -0.05550000 -0.01800000 0.00000000
v -0.05550000 -0.01800000 0.00000000
v -0.05550000 -0.01800000 0.00000000
v -0.04421600 -0.01575000 0.00000000
v -0.05550000 -0.01575000 0.00000000
v -0.05550000 -0.01575000 0.00000000
v -0.05364800 0.02077200 0.00000000
v -0.05364800 0.02077200 0.00000000
v -0.05364800 0.02077200 0.00000000
v -0.05462100 0.02012100 0.00000000
v -0.05462100 0.02012100 0.00000000
v -0.05462100 0.02012100 0.00000000
v -0.05250000 0.02100000 0.00000000
v -0.05250000 0.02100000 0.00000000
v -0.05250000 0.02100000 0.00000000
v -0.05527200 0.01914800 0.00000000
v -0.05527200 0.01914800 0.00000000
v -0.05527200 0.01914800 0.00000000
v 0.02710300 -0.01575000 0.00000000
v 0.02712000 -0.01303900 0.00000000
v 0.02712000 -0.01303900 0.00000000
v 0.02712000 -0.01303900 0.00000000
v 0.01800000 -0.01575000 0.00000000
v 0.02378600 -0.01015000 0.00000000
v 0.02378600 -0.01015000 0.00000000
v 0.02378600 -0.01015000 0.00000000
v 0.02140100 -0.00643900 0.00000000
v 0.02140100 -0.00643900 0.00000000
v 0.02140100 -0.00643900 0.00000000
v 0.02015800 -0.00220600 0.00000000
v 0.02015800 -0.00220600 0.00000000
v 0.02015800 -0.00220600 0.00000000
v 0.01800000 0.01573600 0.00000000
v 0.02015800 0.00220600 0.00000000
v 0.02015800 0.00220600 0.00000000
v 0.02015800 0.00220600 0.00000000
v 0.02140100 0.00643900 0.00000000
v 0.02140100 0.00643900 0.00000000
v 0.02140100 0.00643900 0.00000000
v 0.03664300 0.01568000 0.00000000
v 0.03664300 0.01568000 0.00000000
v 0.03664300 0.01568000 0.00000000
v 0.03664300 0.01568000 0.00000000
v 0.03663500 0.01568100 0.00000000
v 0.03663500 0.01568100 0.00000000
v 0.03663500 0.01568100 0.00000000
v 0.03663500 0.01568100 0.00000000
v 0.03986700 0.01487200 0.00000000
v 0.03986700 0.01487200 0.00000000
v 0.03986700 0.01487200 0.00000000
v 0.03550000 0.01550000 0.00000000
v 0.03550000 0.01550000 0.00000000
v 0.03550000 0.01550000 0.00000000
v 0.03113300 0.01487200 0.00000000
v 0.03113300 0.01487200 0.00000000
v 0.03113300 0.01487200 0.00000000
v 0.02712000 0.01303900 0.00000000
v 0.02712000 0.01303900 0.00000000
v 0.02712000 0.01303900 0.00000000
v 0.02378600 0.01015000 0.00000000
v 0.02378600 0.01015000 0.00000000
v 0.02378600 0.01015000 0.00000000
v 0.03665500 0.01568900 0.00000000
v 0.03665500 0.01568900 0.00000000
v 0.03665500 0.01568900 0.00000000
v 0.03665100 0.01568300 0.00000000
v 0.03665100 0.01568300 0.00000000
v 0.03665100 0.01568300 0.00000000
v 0.03664700 0.01568000 0.00000000
v 0.03664700 0.01568000 0.00000000
v 0.03664700 0.01568000 0.00000000
v 0.03664700 0.01568000 0.00000000
v 0.04388000 0.01303900 0.00000000
v 0.04388000 0.01303900 0.00000000
v 0.04388000 0.01303900 0.00000000
v 0.04721400 0.01015000 0.00000000
v 0.04721400 0.01015000 0.00000000
v 0.04721400 0.01015000 0.00000000
v 0.03666100 0.01570400 0.00000000
v 0.03666100 0.01570400 0.00000000
v 0.03666100 0.01570400 0.00000000
v 0.04959900 0.00643900 0.00000000
v 0.04959900 0.00643900 0.00000000
v 0.04959900 0.00643900 0.00000000
v 0.05084200 0.00220600 0.00000000
v 0.05084200 0.00220600 0.00000000
v 0.05084200 0.00220600 0.00000000
v 0.05550000 -0.01575000 0.00000000
v 0.05550000 -0.01575000 0.00000000
v 0.05084200 -0.00220600 0.00000000
v 0.05084200 -0.00220600 0.00000000
v 0.05084200 -0.00220600 0.00000000
v 0.04959900 -0.00643900 0.00000000
v 0.04959900 -0.00643900 0.00000000
v 0.04959900 -0.00643900 0.00000000
v 0.04721400 -0.01015000 0.00000000
v 0.04721400 -0.01015000 0.00000000
v 0.04721400 -0.01015000 0.00000000
v 0.04388000 -0.01303900 0.00000000
v 0.04388000 -0.01303900 0.00000000
v 0.04388000 -0.01303900 0.00000000
v 0.03986700 -0.01487200 0.00000000
v 0.03986700 -0.01487200 0.00000000
v 0.03986700 -0.01487200 0.00000000
v 0.03586200 -0.01575000 0.00000000
v 0.03550000 -0.01550000 0.00000000
v 0.03550000 -0.01550000 0.00000000
v 0.03550000 -0.01550000 0.00000000
v 0.03113300 -0.01487200 0.00000000
v 0.03113300 -0.01487200 0.00000000
v 0.03113300 -0.01487200 0.00000000
v -0.00887800 -0.01575000 0.00000000
v -0.02303000 -0.01080500 0.00000000
v -0.02303000 -0.01080500 0.00000000
v -0.02303000 -0.01080500 0.00000000
v -0.02618900 -0.01575000 0.00000000
v -0.02657900 -0.01388100 0.00000000
v -0.02657900 -0.01388100 0.00000000
v -0.02657900 -0.01388100 0.00000000
v -0.03085100 -0.01583200 0.00000000
v -0.03085100 -0.01583200 0.00000000
v -0.03085100 -0.01583200 0.00000000
v -0.02618900 0.01573600 0.00000000
v -0.02657900 0.01388100 0.00000000
v -0.02657900 0.01388100 0.00000000
v -0.02657900 0.01388100 0.00000000
v -0.02303000 0.01080500 0.00000000
v -0.02303000 0.01080500 0.00000000
v -0.02303000 0.01080500 0.00000000
v -0.01209200 0.01047800 0.00000000
v -0.01209200 0.01047800 0.00000000
v -0.01209200 0.01047800 0.00000000
v -0.02049100 0.00685400 0.00000000
v -0.02049100 0.00685400 0.00000000
v -0.02049100 0.00685400 0.00000000
v 0.00000000 -0.01600000 0.00000000
v -0.00450800 -0.01535200 0.00000000
v -0.00450800 -0.01535200 0.00000000
v -0.00450800 -0.01535200 0.00000000
v -0.00865000 -0.01346000 0.00000000
v -0.00865000 -0.01346000 0.00000000
v -0.00865000 -0.01346000 0.00000000
v -0.01209200 -0.01047800 0.00000000
v -0.01209200 -0.01047800 0.00000000
v -0.01209200 -0.01047800 0.00000000
v -0.02049100 -0.00685400 0.00000000
v -0.02049100 -0.00685400 0.00000000
v -0.02049100 -0.00685400 0.00000000
v -0.01455400 -0.00664700 0.00000000
v -0.01455400 -0.00664700 0.00000000
v -0.01455400 -0.00664700 0.00000000
v -0.01916800 -0.00234800 0.00000000
v -0.01916800 -0.00234800 0.00000000
v -0.01916800 -0.00234800 0.00000000
v -0.01583700 -0.00227700 0.00000000
v -0.01583700 -0.00227700 0.00000000
v -0.01583700 -0.00227700 0.00000000
v -0.01916800 0.00234800 0.00000000
v -0.01916800 0.00234800 0.00000000
v -0.01916800 0.00234800 0.00000000
v -0.01583700 0.00227700 0.00000000
v -0.01583700 0.00227700 0.00000000
v -0.01583700 0.00227700 0.00000000
v -0.01455400 0.00664700 0.00000000
v -0.01455400 0.00664700 0.00000000
v -0.01455400 0.00664700 0.00000000
v 0.00000000 0.01600000 0.00000000
v 0.00000000 0.01600000 0.00000000
v 0.00000000 0.01600000 0.00000000
v 0.00450800 0.01535200 0.00000000
v 0.00450800 0.01535200 0.00000000
v 0.00450800 0.01535200 0.00000000
v 0.00865000 0.01346000 0.00000000
v 0.00865000 0.01346000 0.00000000
v 0.00865000 0.01346000 0.00000000
v 0.01209200 0.01047800 0.00000000
v 0.01209200 0.01047800 0.00000000
v 0.01209200 0.01047800 0.00000000
v 0.01455400 0.00664700 0.00000000
v 0.01455400 0.00664700 0.00000000
v 0.01455400 0.00664700 0.00000000
v 0.01209200 -0.01047800 0.00000000
v 0.01209200 -0.01047800 0.00000000
v 0.01209200 -0.01047800 0.00000000
v 0.00865000 -0.01346000 0.00000000
v 0.00865000 -0.01346000 0.00000000
v 0.00865000 -0.01346000 0.00000000
v 0.00450800 -0.01535200 0.00000000
v 0.00450800 -0.01535200 0.00000000
v 0.00450800 -0.01535200 0.00000000
v 0.01583700 0.00227700 0.00000000
v 0.01583700 0.00227700 0.00000000
v 0.01583700 0.00227700 0.00000000
v 0.01583700 -0.00227700 0.00000000
v 0.01583700 -0.00227700 0.00000000
v 0.01583700 -0.00227700 0.00000000
v 0.01455400 -0.00664700 0.00000000
v 0.01455400 -0.00664700 0.00000000
v 0.01455400 -0.00664700 0.00000000
v -0.05550000 0.01573600 0.00000000
v -0.05550000 0.01573600 0.00000000
v -0.05183200 0.00234800 0.00000000
v -0.05183200 0.00234800 0.00000000
v -0.05183200 0.00234800 0.00000000
v -0.05050900 0.00685400 0.00000000
v -0.05050900 0.00685400 0.00000000
v -0.05050900 0.00685400 0.00000000
v -0.05183200 -0.00234800 0.00000000
v -0.05183200 -0.00234800 0.00000000
v -0.05183200 -0.00234800 0.00000000
v -0.05050900 -0.00685400 0.00000000
v -0.05050900 -0.00685400 0.00000000
v -0.05050900 -0.00685400 0.00000000
v -0.03395200 0.01880100 0.00000000
v -0.03395200 0.01880100 0.00000000
v -0.03375800 0.01878900 0.00000000
v -0.03375800 0.01878900 0.00000000
v -0.03375800 0.01878900 0.00000000
v -0.03380100 0.01908800 0.00000000
v -0.03380100 0.01908800 0.00000000
v -0.03366000 0.01940500 0.00000000
v -0.03366000 0.01940500 0.00000000
v -0.03366000 0.01940500 0.00000000
v -0.03432400 0.01689600 0.00000000
v -0.03432400 0.01689600 0.00000000
v -0.03432400 0.01689600 0.00000000
v -0.03449400 0.01714100 0.00000000
v -0.03449400 0.01714100 0.00000000
v -0.03449400 0.01714100 0.00000000
v -0.03418900 0.01877000 0.00000000
v -0.03418900 0.01877000 0.00000000
v -0.03418900 0.01877000 0.00000000
v -0.03414800 0.01878600 0.00000000
v -0.03414800 0.01878600 0.00000000
v -0.03408300 0.01881000 0.00000000
v -0.03408300 0.01881000 0.00000000
v -0.03376700 0.01860200 0.00000000
v -0.03376700 0.01860200 0.00000000
v -0.03376700 0.01860200 0.00000000
v -0.03385100 0.01864800 0.00000000
v -0.03385100 0.01864800 0.00000000
v -0.03385100 0.01864800 0.00000000
v -0.03363500 0.01843100 0.00000000
v -0.03363500 0.01843100 0.00000000
v -0.03363500 0.01843100 0.00000000
v -0.03452100 0.01776900 0.00000000
v -0.03452100 0.01776900 0.00000000
v -0.03452100 0.01776900 0.00000000
v -0.02618900 0.01954200 0.00000000
v -0.03362300 0.01869200 0.00000000
v -0.03362300 0.01869200 0.00000000
v -0.03362300 0.01869200 0.00000000
v -0.03343400 0.01831600 0.00000000
v -0.03343400 0.01831600 0.00000000
v -0.03343400 0.01831600 0.00000000
v -0.03394700 0.01909300 0.00000000
v -0.03394700 0.01909300 0.00000000
v -0.03394700 0.01909300 0.00000000
v -0.03388500 0.01923000 0.00000000
v -0.03388500 0.01923000 0.00000000
v -0.03388500 0.01923000 0.00000000
v -0.03382100 0.01938000 0.00000000
v -0.03382100 0.01938000 0.00000000
v -0.03382100 0.01938000 0.00000000
v -0.03441000 0.01725000 0.00000000
v -0.03441000 0.01725000 0.00000000
v -0.03441000 0.01725000 0.00000000
v -0.03353400 0.01760700 0.00000000
v -0.03353400 0.01760700 0.00000000
v -0.03353400 0.01760700 0.00000000
v -0.03353500 0.01807600 0.00000000
v -0.03353500 0.01807600 0.00000000
v -0.03353500 0.01807600 0.00000000
v -0.03367900 0.01689500 0.00000000
v -0.03367900 0.01689500 0.00000000
v -0.03367900 0.01689500 0.00000000
v -0.03385900 0.01680500 0.00000000
v -0.03385900 0.01680500 0.00000000
v -0.03385900 0.01680500 0.00000000
v -0.03085100 0.01583200 0.00000000
v -0.03085100 0.01583200 0.00000000
v -0.03085100 0.01583200 0.00000000
v -0.03398200 0.01679200 0.00000000
v -0.03398200 0.01679200 0.00000000
v -0.03398200 0.01679200 0.00000000
v -0.03422500 0.01682900 0.00000000
v -0.03422500 0.01682900 0.00000000
v -0.03422500 0.01682900 0.00000000
v -0.03457100 0.01757200 0.00000000
v -0.03457100 0.01757200 0.00000000
v -0.03457700 0.01776900 0.00000000
v -0.03457700 0.01776900 0.00000000
v -0.03419100 0.01874400 0.00000000
v -0.03419100 0.01874400 0.00000000
v -0.03419100 0.01874400 0.00000000
v -0.03378800 0.01703800 0.00000000
v -0.03378800 0.01703800 0.00000000
v -0.03378800 0.01703800 0.00000000
v -0.03378800 0.01703800 0.00000000
v -0.03365800 0.01717000 0.00000000
v -0.03365800 0.01717000 0.00000000
v -0.03365800 0.01717000 0.00000000
v -0.03399300 0.01697800 0.00000000
v -0.03399300 0.01697800 0.00000000
v -0.03399300 0.01697800 0.00000000
v -0.03414900 0.01699700 0.00000000
v -0.03414900 0.01699700 0.00000000
v -0.03414900 0.01699700 0.00000000
v -0.03427500 0.01706600 0.00000000
v -0.03427500 0.01706600 0.00000000
v -0.03427500 0.01706600 0.00000000
v -0.02618900 0.01614600 0.00000000
v -0.03337800 0.01780400 0.00000000
v -0.03337800 0.01780400 0.00000000
v -0.03337800 0.01780400 0.00000000
v -0.03349500 0.01716200 0.00000000
v -0.03349500 0.01716200 0.00000000
v -0.03349500 0.01716200 0.00000000
v -0.03406500 0.01851400 0.00000000
v -0.03406500 0.01851400 0.00000000
v -0.03406500 0.01851400 0.00000000
v -0.03406500 0.01851400 0.00000000
v -0.03406200 0.01851400 0.00000000
v -0.03406200 0.01851400 0.00000000
v -0.03406200 0.01851400 0.00000000
v -0.03406200 0.01851400 0.00000000
v -0.03405900 0.01851600 0.00000000
v -0.03405900 0.01851600 0.00000000
v -0.03405900 0.01851600 0.00000000
v -0.03402200 0.01857400 0.00000000
v -0.03402200 0.01857400 0.00000000
v -0.03402200 0.01857400 0.00000000
v -0.03402200 0.01857400 0.00000000
v -0.03390700 0.01864900 0.00000000
v -0.03390700 0.01864900 0.00000000
v -0.03390700 0.01864900 0.00000000
v -0.03398700 0.01864000 0.00000000
v -0.03398700 0.01864000 0.00000000
v -0.03398700 0.01864000 0.00000000
v -0.03406900 0.01851500 0.00000000
v -0.03406900 0.01851500 0.00000000
v -0.03406900 0.01851500 0.00000000
v -0.03406900 0.01851500 0.00000000
v -0.03407400 0.01851900 0.00000000
v -0.03407400 0.01851900 0.00000000
v -0.03407400 0.01851900 0.00000000
v -0.03408900 0.01854600 0.00000000
v -0.03408900 0.01854600 0.00000000
v -0.03408900 0.01854600 0.00000000
v -0.03409800 0.01856400 0.00000000
v -0.03409800 0.01856400 0.00000000
v -0.03409800 0.01856400 0.00000000
v -0.03417900 0.01872000 0.00000000
v -0.03417900 0.01872000 0.00000000
v -0.03417900 0.01872000 0.00000000
v 0.03657500 0.01580200 0.00000000
v 0.03657500 0.01580200 0.00000000
v 0.03651900 0.01598300 0.00000000
v 0.03651900 0.01598300 0.00000000
v 0.03651900 0.01598300 0.00000000
v 0.03647800 0.01610600 0.00000000
v 0.03647800 0.01610600 0.00000000
v 0.03647800 0.01610600 0.00000000
v 0.05550000 0.01800000 0.00000000
v 0.05550000 0.01800000 0.00000000
v 0.05550000 0.01800000 0.00000000
v 0.03670000 0.01636100 0.00000000
v 0.03670000 0.01636100 0.00000000
v 0.03670000 0.01636100 0.00000000
v 0.05550000 0.01614600 0.00000000
v 0.05550000 0.01614600 0.00000000
v 0.03669300 0.01601200 0.00000000
v 0.03669300 0.01601200 0.00000000
v 0.03669300 0.01601200 0.00000000
v 0.03668400 0.01585500 0.00000000
v 0.03668400 0.01585500 0.00000000
v 0.03668400 0.01585500 0.00000000
v -0.03366000 0.01980800 0.00000000
v -0.03366000 0.01980800 0.00000000
v -0.03366000 0.01980800 0.00000000
v -0.03387900 0.01979000 0.00000000
v -0.03387900 0.01979000 0.00000000
v -0.03387900 0.01979000 0.00000000
v -0.03341600 0.01983100 0.00000000
v -0.03341600 0.01983100 0.00000000
v -0.03341600 0.01983100 0.00000000
v -0.03341600 0.01983100 0.00000000
v -0.03342100 0.01982000 0.00000000
v -0.03342100 0.01982000 0.00000000
v -0.03342100 0.01982000 0.00000000
v -0.03347400 0.01977300 0.00000000
v -0.03347400 0.01977300 0.00000000
v -0.03347400 0.01977300 0.00000000
v -0.03352900 0.01972700 0.00000000
v -0.03352900 0.01972700 0.00000000
v -0.03352900 0.01972700 0.00000000
v -0.03342900 0.01981000 0.00000000
v -0.03342900 0.01981000 0.00000000
v -0.03342900 0.01981000 0.00000000
v -0.03342900 0.01981000 0.00000000
v -0.03461100 0.01990000 0.00000000
v -0.03461100 0.01990000 0.00000000
v -0.03461100 0.01990000 0.00000000
v -0.03461100 0.01990000 0.00000000
v -0.03461700 0.01991300 0.00000000
v -0.03461700 0.01991300 0.00000000
v -0.03461700 0.01991300 0.00000000
v -0.03461700 0.01991900 0.00000000
v -0.03461700 0.01991900 0.00000000
v -0.03461700 0.01991900 0.00000000
v -0.03461700 0.01991900 0.00000000
v -0.03461600 0.01992400 0.00000000
v -0.03461600 0.01992400 0.00000000
v -0.03461600 0.01992400 0.00000000
v -0.03461300 0.01992700 0.00000000
v -0.03461300 0.01992700 0.00000000
v -0.03461300 0.01992700 0.00000000
v -0.03461300 0.01992700 0.00000000
v -0.03432000 0.01991300 0.00000000
v -0.03460800 0.01992800 0.00000000
v -0.03460800 0.01992800 0.00000000
v -0.03460800 0.01992800 0.00000000
v -0.03448100 0.01990800 0.00000000
v -0.03448100 0.01990800 0.00000000
v -0.03459500 0.01992600 0.00000000
v -0.03459500 0.01992600 0.00000000
v -0.03459500 0.01992600 0.00000000
v -0.03459500 0.01992600 0.00000000
v -0.03454300 0.01990500 0.00000000
v -0.03454300 0.01990500 0.00000000
v -0.03454300 0.01990500 0.00000000
v -0.03458000 0.01991800 0.00000000
v -0.03458000 0.01991800 0.00000000
v -0.03458000 0.01991800 0.00000000
v -0.03458000 0.01991800 0.00000000
v -0.03353500 0.01999900 0.00000000
v -0.03353500 0.01999900 0.00000000
v -0.03353500 0.01999900 0.00000000
v -0.03343800 0.01987800 0.00000000
v -0.03343800 0.01987800 0.00000000
v -0.03343800 0.01987800 0.00000000
v -0.02618900 0.02100000 0.00000000
v -0.02618900 0.02100000 0.00000000
v -0.03342100 0.01985100 0.00000000
v -0.03342100 0.01985100 0.00000000
v -0.03342100 0.01985100 0.00000000
v -0.03341700 0.01984300 0.00000000
v -0.03341700 0.01984300 0.00000000
v -0.03341700 0.01984300 0.00000000
v -0.03409800 0.01977300 0.00000000
v -0.03409800 0.01977300 0.00000000
v -0.03424900 0.01974700 0.00000000
v -0.03424900 0.01974700 0.00000000
v -0.03424900 0.01974700 0.00000000
v -0.03433200 0.01972500 0.00000000
v -0.03433200 0.01972500 0.00000000
v -0.03433200 0.01972500 0.00000000
v -0.03433200 0.01972500 0.00000000
v -0.03441500 0.01970200 0.00000000
v -0.03441500 0.01970200 0.00000000
v -0.03441500 0.01970200 0.00000000
v -0.03446500 0.01968200 0.00000000
v -0.03446500 0.01968200 0.00000000
v -0.03446500 0.01968200 0.00000000
v -0.03459100 0.01986800 0.00000000
v -0.03459100 0.01986800 0.00000000
v -0.03459100 0.01986800 0.00000000
v -0.03459100 0.01986800 0.00000000
v -0.03368500 0.01998900 0.00000000
v -0.03368500 0.01998900 0.00000000
v -0.03368500 0.01998900 0.00000000
v -0.03363500 0.02003400 0.00000000
v -0.03363500 0.02003400 0.00000000
v -0.03363500 0.02003400 0.00000000
v -0.03359500 0.02007500 0.00000000
v -0.03359500 0.02007500 0.00000000
v -0.03359500 0.02007500 0.00000000
v -0.03356500 0.02003700 0.00000000
v -0.03356500 0.02003700 0.00000000
v -0.03356500 0.02003700 0.00000000
v -0.03356500 0.02003700 0.00000000
v -0.05550000 0.01614600 0.00000000
v -0.05550000 0.01614600 0.00000000
v -0.05550000 0.01800000 0.00000000
v -0.05550000 0.01800000 0.00000000
v -0.05550000 0.01800000 0.00000000
v 0.01800000 0.01614600 0.00000000
v -0.00887800 -0.01875000 0.00000000
v -0.02618900 -0.01875000 0.00000000
v -0.03490500 -0.01875000 0.00000000
v -0.03550000 -0.01650000 0.00000000
v -0.03550000 -0.01650000 0.00000000
v -0.03550000 -0.01650000 0.00000000
v -0.04014900 -0.01583200 0.00000000
v -0.04014900 -0.01583200 0.00000000
v -0.04014900 -0.01583200 0.00000000
v -0.04442100 -0.01388100 0.00000000
v -0.04442100 -0.01388100 0.00000000
v -0.04442100 -0.01388100 0.00000000
v -0.04797000 -0.01080500 0.00000000
v -0.04797000 -0.01080500 0.00000000
v -0.04797000 -0.01080500 0.00000000
v 0.00021400 0.01886000 0.00000000
v 0.00021400 0.01886000 0.00000000
v 0.00021400 0.01886000 0.00000000
v 0.00015400 0.01840100 0.00000000
v 0.00015400 0.01840100 0.00000000
v 0.00015400 0.01840100 0.00000000
v 0.00107700 0.01842400 0.00000000
v 0.00107700 0.01842400 0.00000000
v 0.00107700 0.01842400 0.00000000
v 0.00127200 0.01640200 0.00000000
v 0.00127200 0.01640200 0.00000000
v 0.00127200 0.01640200 0.00000000
v 0.00127200 0.01640200 0.00000000
v 0.00126300 0.01638100 0.00000000
v 0.00126300 0.01638100 0.00000000
v 0.00126300 0.01638100 0.00000000
v 0.00126300 0.01638100 0.00000000
v 0.00015000 0.01823500 0.00000000
v 0.00015000 0.01823500 0.00000000
v 0.00015000 0.01823500 0.00000000
v 0.00077400 0.01783800 0.00000000
v 0.00077400 0.01783800 0.00000000
v 0.00077400 0.01783800 0.00000000
v 0.00095700 0.01800800 0.00000000
v 0.00095700 0.01800800 0.00000000
v 0.00095700 0.01800800 0.00000000
v 0.00021200 0.01923100 0.00000000
v 0.00021200 0.01923100 0.00000000
v 0.00021200 0.01923100 0.00000000
v 0.00038900 0.01943800 0.00000000
v 0.00038900 0.01943800 0.00000000
v 0.00038900 0.01943800 0.00000000
v 0.00038900 0.01943800 0.00000000
v 0.00066300 0.01930200 0.00000000
v 0.00066300 0.01930200 0.00000000
v 0.00066300 0.01930200 0.00000000
v 0.00049900 0.01926700 0.00000000
v 0.00049900 0.01926700 0.00000000
v 0.00049900 0.01926700 0.00000000
v 0.00034300 0.01913700 0.00000000
v 0.00034300 0.01913700 0.00000000
v 0.00034300 0.01913700 0.00000000
v 0.00011900 0.01633700 0.00000000
v 0.00008400 0.01634200 0.00000000
v 0.00006400 0.01635700 0.00000000
v 0.00005300 0.01680000 0.00000000
v 0.00005300 0.01680000 0.00000000
v 0.00020100 0.01731600 0.00000000
v 0.00020100 0.01731600 0.00000000
v 0.00020100 0.01731600 0.00000000
v 0.00020100 0.01731600 0.00000000
v 0.00007400 0.01823500 0.00000000
v 0.00007400 0.01823500 0.00000000
v 0.00007400 0.01823500 0.00000000
v 0.00007400 0.01870300 0.00000000
v 0.00007400 0.01870300 0.00000000
v 0.00007400 0.01870300 0.00000000
v 0.00125500 0.01637500 0.00000000
v 0.00125500 0.01637500 0.00000000
v 0.00125500 0.01637500 0.00000000
v 0.00122400 0.01636700 0.00000000
v 0.00122400 0.01636700 0.00000000
v 0.00122400 0.01636700 0.00000000
v 0.00122400 0.01636700 0.00000000
v 0.00112100 0.01636200 0.00000000
v 0.00112100 0.01636200 0.00000000
v 0.00105000 0.01885900 0.00000000
v 0.00105000 0.01885900 0.00000000
v 0.00105000 0.01885900 0.00000000
v 0.00093200 0.01915500 0.00000000
v 0.00093200 0.01915500 0.00000000
v 0.00093200 0.01915500 0.00000000
v 0.00082900 0.01925800 0.00000000
v 0.00082900 0.01925800 0.00000000
v 0.00082900 0.01925800 0.00000000
v 0.00089000 0.01943000 0.00000000
v 0.00089000 0.01943000 0.00000000
v 0.00089000 0.01943000 0.00000000
v 0.01800000 0.01954200 0.00000000
v 0.00065300 0.01950900 0.00000000
v 0.00065300 0.01950900 0.00000000
v 0.00065300 0.01950900 0.00000000
v 0.00062000 0.01950700 0.00000000
v 0.00062000 0.01950700 0.00000000
v 0.00062000 0.01950700 0.00000000
v 0.00062000 0.01950700 0.00000000
v 0.00005700 0.01636700 0.00000000
v 0.00004300 0.01643100 0.00000000
v 0.00004400 0.01668500 0.00000000
v 0.00019000 0.01674000 0.00000000
v 0.00019000 0.01674000 0.00000000
v 0.00019000 0.01674000 0.00000000
v 0.00114900 0.01667900 0.00000000
v 0.00114900 0.01667900 0.00000000
v 0.00114900 0.01667900 0.00000000
v 0.00019900 0.01683800 0.00000000
v 0.00019900 0.01683800 0.00000000
v 0.00019900 0.01683800 0.00000000
v 0.00115600 0.01674000 0.00000000
v 0.00115600 0.01674000 0.00000000
v 0.00108000 0.01655900 0.00000000
v 0.00108000 0.01655900 0.00000000
v 0.00108000 0.01655900 0.00000000
v 0.00108000 0.01655900 0.00000000
v 0.00111000 0.01656400 0.00000000
v 0.00111000 0.01656400 0.00000000
v 0.00111000 0.01656400 0.00000000
v 0.00112500 0.01657500 0.00000000
v 0.00112500 0.01657500 0.00000000
v 0.00112500 0.01657500 0.00000000
v 0.00112500 0.01657500 0.00000000
v 0.00006400 0.01846900 0.00000000
v 0.00006400 0.01846900 0.00000000
v 0.00006400 0.01846900 0.00000000
v 0.00105200 0.01926900 0.00000000
v 0.00105200 0.01926900 0.00000000
v 0.00105200 0.01926900 0.00000000
v 0.00119700 0.01885900 0.00000000
v 0.00121200 0.01831000 0.00000000
v 0.00121200 0.01831000 0.00000000
v 0.00121200 0.01831000 0.00000000
v 0.00035300 0.01752500 0.00000000
v 0.00035300 0.01752500 0.00000000
v 0.00035300 0.01752500 0.00000000
v 0.00048100 0.01764100 0.00000000
v 0.00048100 0.01764100 0.00000000
v 0.00048100 0.01764100 0.00000000
v 0.00056700 0.01770600 0.00000000
v 0.00056700 0.01770600 0.00000000
v 0.00056700 0.01770600 0.00000000
v 0.00032600 0.01723700 0.00000000
v 0.00032600 0.01723700 0.00000000
v 0.00032600 0.01723700 0.00000000
v 0.00062200 0.01753000 0.00000000
v 0.00062200 0.01753000 0.00000000
v 0.00086900 0.01768600 0.00000000
v 0.00086900 0.01768600 0.00000000
v 0.00117700 0.01717800 0.00000000
v 0.00117700 0.01717800 0.00000000
v 0.00110900 0.01795900 0.00000000
v 0.00110900 0.01795900 0.00000000
v 0.00110900 0.01795900 0.00000000
v 0.00017900 0.01652900 0.00000000
v 0.00017900 0.01652900 0.00000000
v 0.00017900 0.01652900 0.00000000
v 0.00113300 0.01659300 0.00000000
v 0.00113300 0.01659300 0.00000000
v 0.00113300 0.01659300 0.00000000
v 0.00124700 0.01717800 0.00000000
v 0.00124700 0.01717800 0.00000000
v 0.00127200 0.01651400 0.00000000
v 0.00127200 0.01651400 0.00000000
v 0.00127500 0.01643800 0.00000000
v 0.00127500 0.01643800 0.00000000
v 0.00127500 0.01643800 0.00000000
v 0.03586200 0.02100000 0.00000000
v 0.03586200 0.02100000 0.00000000
v 0.02710300 0.02100000 0.00000000
v 0.02710300 0.02100000 0.00000000
v 0.01800000 0.02100000 0.00000000
v 0.01800000 0.02100000 0.00000000
v -0.00023900 -0.01875000 0.00000000
v 0.01800000 -0.01875000 0.00000000
v 0.02710300 -0.01875000 0.00000000
v 0.03586200 -0.01875000 0.00000000
v 0.05550000 -0.01800000 0.00000000
v 0.05550000 -0.01800000 0.00000000
v 0.05550000 -0.01800000 0.00000000
v -0.04421600 -0.02100000 0.00000000
v -0.04421600 -0.02100000 0.00000000
v -0.03490500 -0.02100000 0.00000000
v -0.03490500 -0.02100000 0.00000000
v -0.02618900 -0.02100000 0.00000000
v -0.02618900 -0.02100000 0.00000000
v -0.00887800 -0.02100000 0.00000000
v -0.00887800 -0.02100000 0.00000000
v -0.00023900 -0.02100000 0.00000000
v -0.00023900 -0.02100000 0.00000000
v 0.01800000 -0.02100000 0.00000000
v 0.01800000 -0.02100000 0.00000000
v 0.02710300 -0.02100000 0.00000000
v 0.02710300 -0.02100000 0.00000000
v 0.05250000 0.02100000 -0.06500000
v 0.05250000 0.02100000 -0.06500000
v 0.05250000 0.02100000 -0.06500000
v 0.05364800 0.02077200 -0.06500000
v 0.05364800 0.02077200 -0.06500000
v 0.05364800 0.02077200 -0.06500000
v 0.05462100 0.02012100 -0.06500000
v 0.05462100 0.02012100 -0.06500000
v 0.05462100 0.02012100 -0.06500000
v 0.05527200 0.01914800 -0.06500000
v 0.05527200 0.01914800 -0.06500000
v 0.05527200 0.01914800 -0.06500000
v 0.05550000 0.01800000 -0.06500000
v 0.05550000 0.01800000 -0.06500000
v 0.05550000 0.01800000 -0.06500000
v 0.05550000 -0.01800000 -0.06500000
v 0.05550000 -0.01800000 -0.06500000
v 0.05550000 -0.01800000 -0.06500000
v 0.05527200 -0.01914800 -0.06500000
v 0.05527200 -0.01914800 -0.06500000
v 0.05527200 -0.01914800 -0.06500000
v 0.05462100 -0.02012100 -0.06500000
v 0.05462100 -0.02012100 -0.06500000
v 0.05462100 -0.02012100 -0.06500000
v 0.05364800 -0.02077200 -0.06500000
v 0.05364800 -0.02077200 -0.06500000
v 0.05364800 -0.02077200 -0.06500000
v 0.05250000 -0.02100000 -0.06500000
v 0.05250000 -0.02100000 -0.06500000
v 0.05250000 -0.02100000 -0.06500000
v -0.05250000 -0.02100000 -0.06500000
v -0.05250000 -0.02100000 -0.06500000
v -0.05250000 -0.02100000 -0.06500000
v -0.05364800 -0.02077200 -0.06500000
v -0.05364800 -0.02077200 -0.06500000
v -0.05364800 -0.02077200 -0.06500000
v -0.05462100 -0.02012100 -0.06500000
v -0.05462100 -0.02012100 -0.06500000
v -0.05462100 -0.02012100 -0.06500000
v -0.05527200 -0.01914800 -0.06500000
v -0.05527200 -0.01914800 -0.06500000
v -0.05527200 -0.01914800 -0.06500000
v -0.05550000 -0.01800000 -0.06500000
v -0.05550000 -0.01800000 -0.06500000
v -0.05550000 -0.01800000 -0.06500000
v -0.05550000 0.01800000 -0.06500000
v -0.05550000 0.01800000 -0.06500000
v -0.05550000 0.01800000 -0.06500000
v -0.05527200 0.01914800 -0.06500000
v -0.05527200 0.01914800 -0.06500000
v -0.05527200 0.01914800 -0.06500000
v -0.05462100 0.02012100 -0.06500000
v -0.05462100 0.02012100 -0.06500000
v -0.05462100 0.02012100 -0.06500000
v -0.05364800 0.02077200 -0.06500000
v -0.05364800 0.02077200 -0.06500000
v -0.05364800 0.02077200 -0.06500000
v -0.05250000 0.02100000 -0.06500000
v -0.05250000 0.02100000 -0.06500000
v -0.05250000 0.02100000 -0.06500000
v -0.04492400 0.02838300 -0.06500000
v -0.04492400 0.02838300 -0.06500000
v -0.04492400 0.02838300 -0.06500000
v -0.04151600 0.02537500 -0.06500000
v -0.04151600 0.02537500 -0.06500000
v -0.04151600 0.02537500 -0.06500000
v -0.04175000 0.02450000 -0.06500000
v -0.04175000 0.02450000 -0.06500000
v -0.04175000 0.02450000 -0.06500000
v 0.04151600 -0.02362500 -0.06500000
v 0.04151600 -0.02362500 -0.06500000
v 0.04151600 -0.02362500 -0.06500000
v 0.04087500 -0.02298400 -0.06500000
v 0.04087500 -0.02298400 -0.06500000
v 0.04087500 -0.02298400 -0.06500000
v 0.04087500 0.02601600 -0.06500000
v 0.04087500 0.02601600 -0.06500000
v 0.04087500 0.02601600 -0.06500000
v 0.04492400 0.02838300 -0.06500000
v 0.04492400 0.02838300 -0.06500000
v 0.04492400 0.02838300 -0.06500000
v 0.04470700 0.02870700 -0.06500000
v 0.04470700 0.02870700 -0.06500000
v 0.04470700 0.02870700 -0.06500000
v 0.04470700 0.02870700 -0.06500000
v 0.04151600 0.02537500 -0.06500000
v 0.04151600 0.02537500 -0.06500000
v 0.04151600 0.02537500 -0.06500000
v -0.04470700 0.02870700 -0.06500000
v -0.04470700 0.02870700 -0.06500000
v -0.04470700 0.02870700 -0.06500000
v -0.04438300 0.02892400 -0.06500000
v -0.04438300 0.02892400 -0.06500000
v -0.04438300 0.02892400 -0.06500000
v -0.04087500 0.02601600 -0.06500000
v -0.04087500 0.02601600 -0.06500000
v -0.04087500 0.02601600 -0.06500000
v -0.04000000 0.02625000 -0.06500000
v -0.04000000 0.02625000 -0.06500000
v -0.04000000 0.02625000 -0.06500000
v -0.03912500 0.02601600 -0.06500000
v -0.03912500 0.02601600 -0.06500000
v -0.03912500 0.02601600 -0.06500000
v 0.03848400 0.02362500 -0.06500000
v 0.03848400 0.02362500 -0.06500000
v 0.03848400 0.02362500 -0.06500000
v 0.03912500 0.02298400 -0.06500000
v 0.03912500 0.02298400 -0.06500000
v 0.03912500 0.02298400 -0.06500000
v 0.04087500 0.02298400 -0.06500000
v 0.04087500 0.02298400 -0.06500000
v 0.04087500 0.02298400 -0.06500000
v 0.04151600 0.02362500 -0.06500000
v 0.04151600 0.02362500 -0.06500000
v 0.04151600 0.02362500 -0.06500000
v 0.04175000 0.02450000 -0.06500000
v 0.04175000 0.02450000 -0.06500000
v 0.04175000 0.02450000 -0.06500000
v 0.04438300 0.02892400 -0.06500000
v 0.04438300 0.02892400 -0.06500000
v 0.04438300 0.02892400 -0.06500000
v 0.03825000 0.02450000 -0.06500000
v 0.03825000 0.02450000 -0.06500000
v 0.03825000 0.02450000 -0.06500000
v 0.03912500 -0.02298400 -0.06500000
v 0.03912500 -0.02298400 -0.06500000
v 0.03912500 -0.02298400 -0.06500000
v 0.03848400 -0.02362500 -0.06500000
v 0.03848400 -0.02362500 -0.06500000
v 0.03848400 -0.02362500 -0.06500000
v 0.03825000 -0.02450000 -0.06500000
v 0.03825000 -0.02450000 -0.06500000
v 0.03825000 -0.02450000 -0.06500000
v 0.03848400 -0.02537500 -0.06500000
v 0.03848400 -0.02537500 -0.06500000
v 0.03848400 -0.02537500 -0.06500000
v 0.04175000 -0.02450000 -0.06500000
v 0.04175000 -0.02450000 -0.06500000
v 0.04175000 -0.02450000 -0.06500000
v 0.04151600 -0.02537500 -0.06500000
v 0.04151600 -0.02537500 -0.06500000
v 0.04151600 -0.02537500 -0.06500000
v 0.04492400 -0.02838300 -0.06500000
v 0.04492400 -0.02838300 -0.06500000
v 0.04492400 -0.02838300 -0.06500000
v -0.04151600 0.02362500 -0.06500000
v -0.04151600 0.02362500 -0.06500000
v -0.04151600 0.02362500 -0.06500000
v -0.04087500 0.02298400 -0.06500000
v -0.04087500 0.02298400 -0.06500000
v -0.04087500 0.02298400 -0.06500000
v -0.03825000 0.02450000 -0.06500000
v -0.03825000 0.02450000 -0.06500000
v -0.03825000 0.02450000 -0.06500000
v -0.03848400 0.02362500 -0.06500000
v -0.03848400 0.02362500 -0.06500000
v -0.03848400 0.02362500 -0.06500000
v -0.03912500 0.02298400 -0.06500000
v -0.03912500 0.02298400 -0.06500000
v -0.03912500 0.02298400 -0.06500000
v 0.03507600 0.02838300 -0.06500000
v 0.03507600 0.02838300 -0.06500000
v 0.03507600 0.02838300 -0.06500000
v 0.03848400 0.02537500 -0.06500000
v 0.03848400 0.02537500 -0.06500000
v 0.03848400 0.02537500 -0.06500000
v -0.04087500 -0.02298400 -0.06500000
v -0.04087500 -0.02298400 -0.06500000
v -0.04087500 -0.02298400 -0.06500000
v -0.04151600 -0.02362500 -0.06500000
v -0.04151600 -0.02362500 -0.06500000
v -0.04151600 -0.02362500 -0.06500000
v -0.04175000 -0.02450000 -0.06500000
v -0.04175000 -0.02450000 -0.06500000
v -0.04175000 -0.02450000 -0.06500000
v -0.04087500 -0.02601600 -0.06500000
v -0.04087500 -0.02601600 -0.06500000
v -0.04087500 -0.02601600 -0.06500000
v 0.03507600 -0.02838300 -0.06500000
v 0.03507600 -0.02838300 -0.06500000
v 0.03507600 -0.02838300 -0.06500000
v 0.03529300 -0.02870700 -0.06500000
v 0.03529300 -0.02870700 -0.06500000
v 0.03529300 -0.02870700 -0.06500000
v 0.03561700 -0.02892400 -0.06500000
v 0.03561700 -0.02892400 -0.06500000
v 0.03561700 -0.02892400 -0.06500000
v 0.03912500 -0.02601600 -0.06500000
v 0.03912500 -0.02601600 -0.06500000
v 0.03912500 -0.02601600 -0.06500000
v 0.04000000 -0.02625000 -0.06500000
v 0.04000000 -0.02625000 -0.06500000
v 0.04000000 -0.02625000 -0.06500000
v 0.04087500 -0.02601600 -0.06500000
v 0.04087500 -0.02601600 -0.06500000
v 0.04087500 -0.02601600 -0.06500000
v 0.04438300 -0.02892400 -0.06500000
v 0.04438300 -0.02892400 -0.06500000
v 0.04438300 -0.02892400 -0.06500000
v 0.04470700 -0.02870700 -0.06500000
v 0.04470700 -0.02870700 -0.06500000
v 0.04470700 -0.02870700 -0.06500000
v -0.03848400 0.02537500 -0.06500000
v -0.03848400 0.02537500 -0.06500000
v -0.03848400 0.02537500 -0.06500000
v -0.03529300 0.02870700 -0.06500000
v -0.03529300 0.02870700 -0.06500000
v -0.03529300 0.02870700 -0.06500000
v -0.03507600 0.02838300 -0.06500000
v -0.03507600 0.02838300 -0.06500000
v -0.03507600 0.02838300 -0.06500000
v -0.04151600 -0.02537500 -0.06500000
v -0.04151600 -0.02537500 -0.06500000
v -0.04151600 -0.02537500 -0.06500000
v -0.04470700 -0.02870700 -0.06500000
v -0.04470700 -0.02870700 -0.06500000
v -0.04470700 -0.02870700 -0.06500000
v -0.04492400 -0.02838300 -0.06500000
v -0.04492400 -0.02838300 -0.06500000
v -0.04492400 -0.02838300 -0.06500000
v -0.03561700 0.02892400 -0.06500000
v -0.03561700 0.02892400 -0.06500000
v -0.03561700 0.02892400 -0.06500000
v 0.04000000 0.02625000 -0.06500000
v 0.04000000 0.02625000 -0.06500000
v 0.04000000 0.02625000 -0.06500000
v 0.03912500 0.02601600 -0.06500000
v 0.03912500 0.02601600 -0.06500000
v 0.03912500 0.02601600 -0.06500000
v 0.03561700 0.02892400 -0.06500000
v 0.03561700 0.02892400 -0.06500000
v 0.03561700 0.02892400 -0.06500000
v 0.03529300 0.02870700 -0.06500000
v 0.03529300 0.02870700 -0.06500000
v 0.03529300 0.02870700 -0.06500000
v -0.04438300 -0.02892400 -0.06500000
v -0.04438300 -0.02892400 -0.06500000
v -0.04438300 -0.02892400 -0.06500000
v -0.03507600 -0.02838300 -0.06500000
v -0.03507600 -0.02838300 -0.06500000
v -0.03507600 -0.02838300 -0.06500000
v -0.03848400 -0.02537500 -0.06500000
v -0.03848400 -0.02537500 -0.06500000
v -0.03848400 -0.02537500 -0.06500000
v -0.03825000 -0.02450000 -0.06500000
v -0.03825000 -0.02450000 -0.06500000
v -0.03825000 -0.02450000 -0.06500000
v -0.03848400 -0.02362500 -0.06500000
v -0.03848400 -0.02362500 -0.06500000
v -0.03848400 -0.02362500 -0.06500000
v -0.03912500 -0.02298400 -0.06500000
v -0.03912500 -0.02298400 -0.06500000
v -0.03912500 -0.02298400 -0.06500000
v -0.04000000 -0.02625000 -0.06500000
v -0.04000000 -0.02625000 -0.06500000
v -0.04000000 -0.02625000 -0.06500000
v -0.03912500 -0.02601600 -0.06500000
v -0.03912500 -0.02601600 -0.06500000
v -0.03912500 -0.02601600 -0.06500000
v -0.03561700 -0.02892400 -0.06500000
v -0.03561700 -0.02892400 -0.06500000
v -0.03561700 -0.02892400 -0.06500000
v -0.03529300 -0.02870700 -0.06500000
v -0.03529300 -0.02870700 -0.06500000
v -0.03529300 -0.02870700 -0.06500000
v 0.03550000 -0.01550000 -0.05900000
v 0.03550000 -0.01550000 -0.05900000
v 0.03550000 -0.01550000 -0.05900000
v 0.03986700 -0.01487200 -0.05900000
v 0.03986700 -0.01487200 -0.05900000
v 0.03986700 -0.01487200 -0.05900000
v 0.04388000 -0.01303900 -0.05900000
v 0.04388000 -0.01303900 -0.05900000
v 0.04388000 -0.01303900 -0.05900000
v 0.04721400 -0.01015000 -0.05900000
v 0.04721400 -0.01015000 -0.05900000
v 0.04721400 -0.01015000 -0.05900000
v 0.04959900 -0.00643900 -0.05900000
v 0.04959900 -0.00643900 -0.05900000
v 0.04959900 -0.00643900 -0.05900000
v 0.05084200 -0.00220600 -0.05900000
v 0.05084200 -0.00220600 -0.05900000
v 0.05084200 -0.00220600 -0.05900000
v 0.05084200 0.00220600 -0.05900000
v 0.05084200 0.00220600 -0.05900000
v 0.05084200 0.00220600 -0.05900000
v 0.04959900 0.00643900 -0.05900000
v 0.04959900 0.00643900 -0.05900000
v 0.04959900 0.00643900 -0.05900000
v 0.04721400 0.01015000 -0.05900000
v 0.04721400 0.01015000 -0.05900000
v 0.04721400 0.01015000 -0.05900000
v 0.04388000 0.01303900 -0.05900000
v 0.04388000 0.01303900 -0.05900000
v 0.04388000 0.01303900 -0.05900000
v 0.03986700 0.01487200 -0.05900000
v 0.03986700 0.01487200 -0.05900000
v 0.03986700 0.01487200 -0.05900000
v 0.03550000 0.01550000 -0.05900000
v 0.03550000 0.01550000 -0.05900000
v 0.03550000 0.01550000 -0.05900000
v 0.03113300 0.01487200 -0.05900000
v 0.03113300 0.01487200 -0.05900000
v 0.03113300 0.01487200 -0.05900000
v 0.02712000 0.01303900 -0.05900000
v 0.02712000 0.01303900 -0.05900000
v 0.02712000 0.01303900 -0.05900000
v 0.02378600 0.01015000 -0.05900000
v 0.02378600 0.01015000 -0.05900000
v 0.02378600 0.01015000 -0.05900000
v 0.02140100 0.00643900 -0.05900000
v 0.02140100 0.00643900 -0.05900000
v 0.02140100 0.00643900 -0.05900000
v 0.02015800 0.00220600 -0.05900000
v 0.02015800 0.00220600 -0.05900000
v 0.02015800 0.00220600 -0.05900000
v 0.02015800 -0.00220600 -0.05900000
v 0.02015800 -0.00220600 -0.05900000
v 0.02015800 -0.00220600 -0.05900000
v 0.02140100 -0.00643900 -0.05900000
v 0.02140100 -0.00643900 -0.05900000
v 0.02140100 -0.00643900 -0.05900000
v 0.02378600 -0.01015000 -0.05900000
v 0.02378600 -0.01015000 -0.05900000
v 0.02378600 -0.01015000 -0.05900000
v 0.02712000 -0.01303900 -0.05900000
v 0.02712000 -0.01303900 -0.05900000
v 0.02712000 -0.01303900 -0.05900000
v 0.03113300 -0.01487200 -0.05900000
v 0.03113300 -0.01487200 -0.05900000
v 0.03113300 -0.01487200 -0.05900000
v 0.03550000 -0.00000000 -0.05900000
v 0.00000000 -0.01600000 -0.05900000
v 0.00000000 -0.01600000 -0.05900000
v 0.00000000 -0.01600000 0.00000000
v 0.00000000 -0.01600000 0.00000000
v 0.00450800 -0.01535200 -0.05900000
v 0.00450800 -0.01535200 -0.05900000
v 0.00450800 -0.01535200 -0.05900000
v 0.00865000 -0.01346000 -0.05900000
v 0.00865000 -0.01346000 -0.05900000
v 0.00865000 -0.01346000 -0.05900000
v 0.01209200 -0.01047800 -0.05900000
v 0.01209200 -0.01047800 -0.05900000
v 0.01209200 -0.01047800 -0.05900000
v 0.01455400 -0.00664700 -0.05900000
v 0.01455400 -0.00664700 -0.05900000
v 0.01455400 -0.00664700 -0.05900000
v 0.01583700 -0.00227700 -0.05900000
v 0.01583700 -0.00227700 -0.05900000
v 0.01583700 -0.00227700 -0.05900000
v 0.01583700 0.00227700 -0.05900000
v 0.01583700 0.00227700 -0.05900000
v 0.01583700 0.00227700 -0.05900000
v 0.01455400 0.00664700 -0.05900000
v 0.01455400 0.00664700 -0.05900000
v 0.01455400 0.00664700 -0.05900000
v 0.01209200 0.01047800 -0.05900000
v 0.01209200 0.01047800 -0.05900000
v 0.01209200 0.01047800 -0.05900000
v 0.00865000 0.01346000 -0.05900000
v 0.00865000 0.01346000 -0.05900000
v 0.00865000 0.01346000 -0.05900000
v 0.00450800 0.01535200 -0.05900000
v 0.00450800 0.01535200 -0.05900000
v 0.00450800 0.01535200 -0.05900000
v 0.00000000 0.01600000 -0.05900000
v 0.00000000 0.01600000 -0.05900000
v -0.00450800 0.01535200 -0.05900000
v -0.00450800 0.01535200 -0.05900000
v -0.00450800 0.01535200 -0.05900000
v -0.00865000 0.01346000 -0.05900000
v -0.00865000 0.01346000 -0.05900000
v -0.00865000 0.01346000 -0.05900000
v -0.01209200 0.01047800 -0.05900000
v -0.01209200 0.01047800 -0.05900000
v -0.01209200 0.01047800 -0.05900000
v -0.01455400 0.00664700 -0.05900000
v -0.01455400 0.00664700 -0.05900000
v -0.01455400 0.00664700 -0.05900000
v -0.01583700 0.00227700 -0.05900000
v -0.01583700 0.00227700 -0.05900000
v -0.01583700 0.00227700 -0.05900000
v -0.01583700 -0.00227700 -0.05900000
v -0.01583700 -0.00227700 -0.05900000
v -0.01583700 -0.00227700 -0.05900000
v -0.01455400 -0.00664700 -0.05900000
v -0.01455400 -0.00664700 -0.05900000
v -0.01455400 -0.00664700 -0.05900000
v -0.01209200 -0.01047800 -0.05900000
v -0.01209200 -0.01047800 -0.05900000
v -0.01209200 -0.01047800 -0.05900000
v -0.00865000 -0.01346000 -0.05900000
v -0.00865000 -0.01346000 -0.05900000
v -0.00865000 -0.01346000 -0.05900000
v -0.00450800 -0.01535200 -0.05900000
v -0.00450800 -0.01535200 -0.05900000
v -0.00450800 -0.01535200 -0.05900000
v 0.00000000 0.01600000 -0.05900000
v 0.00000000 0.00000000 -0.05900000
v 0.00000000 -0.01600000 -0.05900000
v -0.03085100 0.01583200 -0.05900000
v -0.03085100 0.01583200 -0.05900000
v -0.03085100 0.01583200 -0.05900000
v -0.03085100 0.01583200 -0.05900000
v -0.03550000 0.01650000 -0.05900000
v -0.03550000 0.01650000 -0.05900000
v -0.03550000 0.01650000 -0.05900000
v -0.03550000 0.01650000 -0.05900000
v -0.04014900 0.01583200 -0.05900000
v -0.04014900 0.01583200 -0.05900000
v -0.04014900 0.01583200 -0.05900000
v -0.04442100 0.01388100 -0.05900000
v -0.04442100 0.01388100 -0.05900000
v -0.04442100 0.01388100 -0.05900000
v -0.04797000 0.01080500 -0.05900000
v -0.04797000 0.01080500 -0.05900000
v -0.04797000 0.01080500 -0.05900000
v -0.05050900 0.00685400 -0.05900000
v -0.05050900 0.00685400 -0.05900000
v -0.05050900 0.00685400 -0.05900000
v -0.05183200 0.00234800 -0.05900000
v -0.05183200 0.00234800 -0.05900000
v -0.05183200 0.00234800 -0.05900000
v -0.05183200 -0.00234800 -0.05900000
v -0.05183200 -0.00234800 -0.05900000
v -0.05183200 -0.00234800 -0.05900000
v -0.05050900 -0.00685400 -0.05900000
v -0.05050900 -0.00685400 -0.05900000
v -0.05050900 -0.00685400 -0.05900000
v -0.04797000 -0.01080500 -0.05900000
v -0.04797000 -0.01080500 -0.05900000
v -0.04797000 -0.01080500 -0.05900000
v -0.04442100 -0.01388100 -0.05900000
v -0.04442100 -0.01388100 -0.05900000
v -0.04442100 -0.01388100 -0.05900000
v -0.04014900 -0.01583200 -0.05900000
v -0.04014900 -0.01583200 -0.05900000
v -0.04014900 -0.01583200 -0.05900000
v -0.03550000 -0.01650000 -0.05900000
v -0.03550000 -0.01650000 -0.05900000
v -0.03550000 -0.01650000 -0.05900000
v -0.03085100 -0.01583200 -0.05900000
v -0.03085100 -0.01583200 -0.05900000
v -0.03085100 -0.01583200 -0.05900000
v -0.02657900 -0.01388100 -0.05900000
v -0.02657900 -0.01388100 -0.05900000
v -0.02657900 -0.01388100 -0.05900000
v -0.02303000 -0.01080500 -0.05900000
v -0.02303000 -0.01080500 -0.05900000
v -0.02303000 -0.01080500 -0.05900000
v -0.02049100 -0.00685400 -0.05900000
v -0.02049100 -0.00685400 -0.05900000
v -0.02049100 -0.00685400 -0.05900000
v -0.01916800 -0.00234800 -0.05900000
v -0.01916800 -0.00234800 -0.05900000
v -0.01916800 -0.00234800 -0.05900000
v -0.01916800 0.00234800 -0.05900000
v -0.01916800 0.00234800 -0.05900000
v -0.01916800 0.00234800 -0.05900000
v -0.02049100 0.00685400 -0.05900000
v -0.02049100 0.00685400 -0.05900000
v -0.02049100 0.00685400 -0.05900000
v -0.02303000 0.01080500 -0.05900000
v -0.02303000 0.01080500 -0.05900000
v -0.02303000 0.01080500 -0.05900000
v -0.02657900 0.01388100 -0.05900000
v -0.02657900 0.01388100 -0.05900000
v -0.02657900 0.01388100 -0.05900000
v -0.03550000 0.00000000 -0.05900000
v 0.04438300 -0.02892400 -0.06000000
v 0.04438300 -0.02892400 -0.06000000
v 0.04438300 -0.02892400 -0.06000000
v 0.04470700 -0.02870700 -0.06000000
v 0.04470700 -0.02870700 -0.06000000
v 0.04470700 -0.02870700 -0.06000000
v 0.04492400 -0.02838300 -0.06000000
v 0.04492400 -0.02838300 -0.06000000
v 0.04492400 -0.02838300 -0.06000000
v 0.03507600 -0.02838300 -0.06000000
v 0.03507600 -0.02838300 -0.06000000
v 0.03507600 -0.02838300 -0.06000000
v 0.03529300 -0.02870700 -0.06000000
v 0.03529300 -0.02870700 -0.06000000
v 0.03529300 -0.02870700 -0.06000000
v 0.03561700 -0.02892400 -0.06000000
v 0.03561700 -0.02892400 -0.06000000
v 0.03561700 -0.02892400 -0.06000000
v 0.03848400 -0.02362500 -0.06000000
v 0.03848400 -0.02362500 -0.06000000
v 0.03848400 -0.02362500 -0.06000000
v 0.03825000 -0.02450000 -0.06000000
v 0.03825000 -0.02450000 -0.06000000
v 0.03825000 -0.02450000 -0.06000000
v 0.03848400 -0.02537500 -0.06000000
v 0.03848400 -0.02537500 -0.06000000
v 0.03848400 -0.02537500 -0.06000000
v 0.03912500 -0.02601600 -0.06000000
v 0.03912500 -0.02601600 -0.06000000
v 0.03912500 -0.02601600 -0.06000000
v 0.04000000 -0.02625000 -0.06000000
v 0.04000000 -0.02625000 -0.06000000
v 0.04000000 -0.02625000 -0.06000000
v 0.04175000 -0.02450000 -0.06000000
v 0.04175000 -0.02450000 -0.06000000
v 0.04175000 -0.02450000 -0.06000000
v 0.04151600 -0.02362500 -0.06000000
v 0.04151600 -0.02362500 -0.06000000
v 0.04151600 -0.02362500 -0.06000000
v 0.03912500 -0.02298400 -0.06000000
v 0.03912500 -0.02298400 -0.06000000
v 0.03912500 -0.02298400 -0.06000000
v 0.04087500 -0.02298400 -0.06000000
v 0.04087500 -0.02298400 -0.06000000
v 0.04087500 -0.02298400 -0.06000000
v 0.04151600 -0.02537500 -0.06000000
v 0.04151600 -0.02537500 -0.06000000
v 0.04151600 -0.02537500 -0.06000000
v 0.04087500 -0.02601600 -0.06000000
v 0.04087500 -0.02601600 -0.06000000
v 0.04087500 -0.02601600 -0.06000000
v -0.03561700 -0.02892400 -0.06000000
v -0.03561700 -0.02892400 -0.06000000
v -0.03561700 -0.02892400 -0.06000000
v -0.03529300 -0.02870700 -0.06000000
v -0.03529300 -0.02870700 -0.06000000
v -0.03529300 -0.02870700 -0.06000000
v -0.03507600 -0.02838300 -0.06000000
v -0.03507600 -0.02838300 -0.06000000
v -0.03507600 -0.02838300 -0.06000000
v -0.04492400 -0.02838300 -0.06000000
v -0.04492400 -0.02838300 -0.06000000
v -0.04492400 -0.02838300 -0.06000000
v -0.04470700 -0.02870700 -0.06000000
v -0.04470700 -0.02870700 -0.06000000
v -0.04470700 -0.02870700 -0.06000000
v -0.04438300 -0.02892400 -0.06000000
v -0.04438300 -0.02892400 -0.06000000
v -0.04438300 -0.02892400 -0.06000000
v -0.04151600 -0.02362500 -0.06000000
v -0.04151600 -0.02362500 -0.06000000
v -0.04151600 -0.02362500 -0.06000000
v -0.04175000 -0.02450000 -0.06000000
v -0.04175000 -0.02450000 -0.06000000
v -0.04175000 -0.02450000 -0.06000000
v -0.04151600 -0.02537500 -0.06000000
v -0.04151600 -0.02537500 -0.06000000
v -0.04151600 -0.02537500 -0.06000000
v -0.04087500 -0.02298400 -0.06000000
v -0.04087500 -0.02298400 -0.06000000
v -0.04087500 -0.02298400 -0.06000000
v -0.04087500 -0.02601600 -0.06000000
v -0.04087500 -0.02601600 -0.06000000
v -0.04087500 -0.02601600 -0.06000000
v -0.03912500 -0.02601600 -0.06000000
v -0.03912500 -0.02601600 -0.06000000
v -0.03912500 -0.02601600 -0.06000000
v -0.03825000 -0.02450000 -0.06000000
v -0.03825000 -0.02450000 -0.06000000
v -0.03825000 -0.02450000 -0.06000000
v -0.03848400 -0.02362500 -0.06000000
v -0.03848400 -0.02362500 -0.06000000
v -0.03848400 -0.02362500 -0.06000000
v -0.03912500 -0.02298400 -0.06000000
v -0.03912500 -0.02298400 -0.06000000
v -0.03912500 -0.02298400 -0.06000000
v -0.03848400 -0.02537500 -0.06000000
v -0.03848400 -0.02537500 -0.06000000
v -0.03848400 -0.02537500 -0.06000000
v 0.03561700 0.02892400 -0.06000000
v 0.03561700 0.02892400 -0.06000000
v 0.03561700 0.02892400 -0.06000000
v 0.03529300 0.02870700 -0.06000000
v 0.03529300 0.02870700 -0.06000000
v 0.03529300 0.02870700 -0.06000000
v 0.03507600 0.02838300 -0.06000000
v 0.03507600 0.02838300 -0.06000000
v 0.03507600 0.02838300 -0.06000000
v 0.04492400 0.02838300 -0.06000000
v 0.04492400 0.02838300 -0.06000000
v 0.04492400 0.02838300 -0.06000000
v 0.04470700 0.02870700 -0.06000000
v 0.04470700 0.02870700 -0.06000000
v 0.04470700 0.02870700 -0.06000000
v 0.04438300 0.02892400 -0.06000000
v 0.04438300 0.02892400 -0.06000000
v 0.04438300 0.02892400 -0.06000000
v 0.03912500 0.02298400 -0.06000000
v 0.03912500 0.02298400 -0.06000000
v 0.03912500 0.02298400 -0.06000000
v 0.04087500 0.02298400 -0.06000000
v 0.04087500 0.02298400 -0.06000000
v 0.04087500 0.02298400 -0.06000000
v 0.03848400 0.02537500 -0.06000000
v 0.03848400 0.02537500 -0.06000000
v 0.03848400 0.02537500 -0.06000000
v 0.03825000 0.02450000 -0.06000000
v 0.03825000 0.02450000 -0.06000000
v 0.03825000 0.02450000 -0.06000000
v 0.03848400 0.02362500 -0.06000000
v 0.03848400 0.02362500 -0.06000000
v 0.03848400 0.02362500 -0.06000000
v 0.04151600 0.02537500 -0.06000000
v 0.04151600 0.02537500 -0.06000000
v 0.04151600 0.02537500 -0.06000000
v 0.04175000 0.02450000 -0.06000000
v 0.04175000 0.02450000 -0.06000000
v 0.04175000 0.02450000 -0.06000000
v 0.04151600 0.02362500 -0.06000000
v 0.04151600 0.02362500 -0.06000000
v 0.04151600 0.02362500 -0.06000000
v 0.03912500 0.02601600 -0.06000000
v 0.03912500 0.02601600 -0.06000000
v 0.03912500 0.02601600 -0.06000000
v 0.04087500 0.02601600 -0.06000000
v 0.04087500 0.02601600 -0.06000000
v 0.04087500 0.02601600 -0.06000000
v -0.04438300 0.02892400 -0.06000000
v -0.04438300 0.02892400 -0.06000000
v -0.04438300 0.02892400 -0.06000000
v -0.04470700 0.02870700 -0.06000000
v -0.04470700 0.02870700 -0.06000000
v -0.04470700 0.02870700 -0.06000000
v -0.04492400 0.02838300 -0.06000000
v -0.04492400 0.02838300 -0.06000000
v -0.04492400 0.02838300 -0.06000000
v -0.03507600 0.02838300 -0.06000000
v -0.03507600 0.02838300 -0.06000000
v -0.03507600 0.02838300 -0.06000000
v -0.03529300 0.02870700 -0.06000000
v -0.03529300 0.02870700 -0.06000000
v -0.03529300 0.02870700 -0.06000000
v -0.03561700 0.02892400 -0.06000000
v -0.03561700 0.02892400 -0.06000000
v -0.03561700 0.02892400 -0.06000000
v -0.04087500 0.02298400 -0.06000000
v -0.04087500 0.02298400 -0.06000000
v -0.04087500 0.02298400 -0.06000000
v -0.03912500 0.02298400 -0.06000000
v -0.03912500 0.02298400 -0.06000000
v -0.03912500 0.02298400 -0.06000000
v -0.04087500 0.02601600 -0.06000000
v -0.04087500 0.02601600 -0.06000000
v -0.04087500 0.02601600 -0.06000000
v -0.04151600 0.02362500 -0.06000000
v -0.04151600 0.02362500 -0.06000000
v -0.04151600 0.02362500 -0.06000000
v -0.04175000 0.02450000 -0.06000000
v -0.04175000 0.02450000 -0.06000000
v -0.04175000 0.02450000 -0.06000000
v -0.04151600 0.02537500 -0.06000000
v -0.04151600 0.02537500 -0.06000000
v -0.04151600 0.02537500 -0.06000000
v -0.03848400 0.02537500 -0.06000000
v -0.03848400 0.02537500 -0.06000000
v -0.03848400 0.02537500 -0.06000000
v -0.03825000 0.02450000 -0.06000000
v -0.03825000 0.02450000 -0.06000000
v -0.03825000 0.02450000 -0.06000000
v -0.03848400 0.02362500 -0.06000000
v -0.03848400 0.02362500 -0.06000000
v -0.03848400 0.02362500 -0.06000000
v -0.03912500 0.02601600 -0.06000000
v -0.03912500 0.02601600 -0.06000000
v -0.03912500 0.02601600 -0.06000000
v 0.03659000 0.01892300 -0.00100000
v 0.03659000 0.01892300 -0.00100000
v 0.03659000 0.01892300 -0.00100000
v 0.03665000 0.01903400 -0.00100000
v 0.03665000 0.01903400 -0.00100000
v 0.03665000 0.01903400 -0.00100000
v 0.03670500 0.01903400 -0.00100000
v 0.03670500 0.01903400 -0.00100000
v 0.03670500 0.01903400 -0.00100000
v 0.03670000 0.01636100 -0.00100000
v 0.03670000 0.01636100 -0.00100000
v 0.03670000 0.01636100 -0.00100000
v 0.03663500 0.01568100 -0.00100000
v 0.03663500 0.01568100 -0.00100000
v 0.03663500 0.01568100 -0.00100000
v 0.03663500 0.01568100 -0.00100000
v 0.03664300 0.01568000 -0.00100000
v 0.03664300 0.01568000 -0.00100000
v 0.03664300 0.01568000 -0.00100000
v 0.03664300 0.01568000 -0.00100000
v 0.03664700 0.01568000 -0.00100000
v 0.03664700 0.01568000 -0.00100000
v 0.03664700 0.01568000 -0.00100000
v 0.03665100 0.01568300 -0.00100000
v 0.03665100 0.01568300 -0.00100000
v 0.03665100 0.01568300 -0.00100000
v 0.03665500 0.01568900 -0.00100000
v 0.03665500 0.01568900 -0.00100000
v 0.03665500 0.01568900 -0.00100000
v 0.03666100 0.01570400 -0.00100000
v 0.03666100 0.01570400 -0.00100000
v 0.03666100 0.01570400 -0.00100000
v 0.03666800 0.01573100 -0.00100000
v 0.03666800 0.01573100 -0.00100000
v 0.03666800 0.01573100 -0.00100000
v 0.03667600 0.01578500 -0.00100000
v 0.03667600 0.01578500 -0.00100000
v 0.03667600 0.01578500 -0.00100000
v 0.03668400 0.01585500 -0.00100000
v 0.03668400 0.01585500 -0.00100000
v 0.03668400 0.01585500 -0.00100000
v 0.03669300 0.01601200 -0.00100000
v 0.03669300 0.01601200 -0.00100000
v 0.03669300 0.01601200 -0.00100000
v 0.03659900 0.01573600 -0.00100000
v 0.03659900 0.01573600 -0.00100000
v 0.03659900 0.01573600 -0.00100000
v 0.03661200 0.01570500 -0.00100000
v 0.03661200 0.01570500 -0.00100000
v 0.03661200 0.01570500 -0.00100000
v 0.03661200 0.01570500 -0.00100000
v 0.03657500 0.01580200 -0.00100000
v 0.03657500 0.01580200 -0.00100000
v 0.03657500 0.01580200 -0.00100000
v 0.03659900 0.01573600 0.00000000
v 0.03657500 0.01580200 0.00000000
v 0.03651900 0.01598300 -0.00100000
v 0.03651900 0.01598300 -0.00100000
v 0.03651900 0.01598300 -0.00100000
v 0.03655500 0.01668800 -0.00100000
v 0.03655500 0.01668800 -0.00100000
v 0.03655500 0.01668800 -0.00100000
v 0.03655500 0.01659600 -0.00100000
v 0.03655500 0.01659600 -0.00100000
v 0.03655500 0.01659600 -0.00100000
v 0.03652100 0.01623800 -0.00100000
v 0.03652100 0.01623800 -0.00100000
v 0.03652100 0.01623800 -0.00100000
v 0.03647800 0.01610600 -0.00100000
v 0.03647800 0.01610600 -0.00100000
v 0.03647800 0.01610600 -0.00100000
v 0.03655900 0.01866100 -0.00100000
v 0.03655900 0.01866100 -0.00100000
v 0.03655900 0.01866100 -0.00100000
v 0.03629700 0.01843500 -0.00100000
v 0.03629700 0.01843500 -0.00100000
v 0.03629700 0.01843500 -0.00100000
v 0.03655900 0.01866100 0.00000000
v 0.03629700 0.01843500 0.00000000
v 0.03629700 0.01843500 0.00000000
v 0.03627700 0.01852000 -0.00100000
v 0.03627700 0.01852000 -0.00100000
v 0.03627700 0.01852000 -0.00100000
v 0.03627700 0.01852000 0.00000000
v 0.03644800 0.01871100 -0.00100000
v 0.03644800 0.01871100 -0.00100000
v 0.03644800 0.01871100 -0.00100000
v 0.03467500 0.01778600 -0.00100000
v 0.03467500 0.01778600 -0.00100000
v 0.03467500 0.01778600 -0.00100000
v 0.03467500 0.01778600 -0.00100000
v 0.03474100 0.01781000 -0.00100000
v 0.03474100 0.01781000 -0.00100000
v 0.03474100 0.01781000 -0.00100000
v 0.03474100 0.01781000 -0.00100000
v 0.03467500 0.01778600 0.00000000
v 0.03467500 0.01778600 0.00000000
v 0.03474100 0.01781000 0.00000000
v 0.03500300 0.01838000 -0.00100000
v 0.03500300 0.01838000 -0.00100000
v 0.03500300 0.01838000 -0.00100000
v 0.03493900 0.01823000 -0.00100000
v 0.03493900 0.01823000 -0.00100000
v 0.03493900 0.01823000 -0.00100000
v 0.03487700 0.01809300 -0.00100000
v 0.03487700 0.01809300 -0.00100000
v 0.03487700 0.01809300 -0.00100000
v 0.03516400 0.01880800 -0.00100000
v 0.03516400 0.01880800 -0.00100000
v 0.03516400 0.01880800 -0.00100000
v 0.03472500 0.01877300 -0.00100000
v 0.03472500 0.01877300 -0.00100000
v 0.03472500 0.01877300 -0.00100000
v 0.03494500 0.01879000 -0.00100000
v 0.03494500 0.01879000 -0.00100000
v 0.03494500 0.01879000 -0.00100000
v 0.03457500 0.01874700 -0.00100000
v 0.03457500 0.01874700 -0.00100000
v 0.03457500 0.01874700 -0.00100000
v 0.03472500 0.01877300 0.00000000
v 0.03457500 0.01874700 0.00000000
v 0.03440800 0.01870200 -0.00100000
v 0.03440800 0.01870200 -0.00100000
v 0.03440800 0.01870200 -0.00100000
v 0.03440800 0.01870200 -0.00100000
v 0.03449100 0.01872500 -0.00100000
v 0.03449100 0.01872500 -0.00100000
v 0.03449100 0.01872500 -0.00100000
v 0.03449100 0.01872500 -0.00100000
v 0.03435800 0.01868200 -0.00100000
v 0.03435800 0.01868200 -0.00100000
v 0.03435800 0.01868200 -0.00100000
v 0.03423200 0.01886800 -0.00100000
v 0.03423200 0.01886800 -0.00100000
v 0.03423200 0.01886800 -0.00100000
v 0.03434300 0.01890800 -0.00100000
v 0.03434300 0.01890800 -0.00100000
v 0.03434300 0.01890800 -0.00100000
v 0.03434300 0.01890800 -0.00100000
v 0.03428100 0.01890500 -0.00100000
v 0.03428100 0.01890500 -0.00100000
v 0.03428100 0.01890500 -0.00100000
v 0.03424400 0.01891800 -0.00100000
v 0.03424400 0.01891800 -0.00100000
v 0.03424400 0.01891800 -0.00100000
v 0.03424400 0.01891800 -0.00100000
v 0.03422900 0.01892600 -0.00100000
v 0.03422900 0.01892600 -0.00100000
v 0.03422900 0.01892600 -0.00100000
v 0.03422900 0.01892600 -0.00100000
v 0.03422900 0.01892600 -0.00100000
v 0.03421600 0.01892800 -0.00100000
v 0.03421600 0.01892800 -0.00100000
v 0.03421600 0.01892800 -0.00100000
v 0.03421600 0.01892800 -0.00100000
v 0.03421100 0.01892700 -0.00100000
v 0.03421100 0.01892700 -0.00100000
v 0.03421100 0.01892700 -0.00100000
v 0.03421100 0.01892700 -0.00100000
v 0.03421100 0.01892700 -0.00100000
v 0.03420800 0.01892400 -0.00100000
v 0.03420800 0.01892400 -0.00100000
v 0.03420800 0.01892400 -0.00100000
v 0.03420800 0.01892400 -0.00100000
v 0.03420600 0.01891900 -0.00100000
v 0.03420600 0.01891900 -0.00100000
v 0.03420600 0.01891900 -0.00100000
v 0.03420700 0.01891300 -0.00100000
v 0.03420700 0.01891300 -0.00100000
v 0.03420700 0.01891300 -0.00100000
v 0.03420700 0.01891300 -0.00100000
v 0.03421200 0.01890000 -0.00100000
v 0.03421200 0.01890000 -0.00100000
v 0.03421200 0.01890000 -0.00100000
v 0.03450400 0.01891300 -0.00100000
v 0.03450400 0.01891300 -0.00100000
v 0.03450400 0.01891300 -0.00100000
v 0.03434300 0.01890800 0.00000000
v 0.03450400 0.01891300 0.00000000
v 0.03450400 0.01891300 0.00000000
v 0.03450400 0.01891300 0.00000000
v 0.03513800 0.01898900 -0.00100000
v 0.03513800 0.01898900 -0.00100000
v 0.03513800 0.01898900 -0.00100000
v 0.03513800 0.01898900 -0.00100000
v 0.03513800 0.01898900 0.00000000
v 0.03518800 0.01903400 -0.00100000
v 0.03518800 0.01903400 -0.00100000
v 0.03518800 0.01903400 -0.00100000
v 0.03518800 0.01903400 -0.00100000
v 0.03522900 0.01907500 -0.00100000
v 0.03522900 0.01907500 -0.00100000
v 0.03522900 0.01907500 -0.00100000
v 0.03528900 0.01899900 -0.00100000
v 0.03528900 0.01899900 -0.00100000
v 0.03528900 0.01899900 -0.00100000
v 0.03528900 0.01899900 -0.00100000
v 0.03525900 0.01903700 -0.00100000
v 0.03525900 0.01903700 -0.00100000
v 0.03525900 0.01903700 -0.00100000
v 0.03538500 0.01887800 -0.00100000
v 0.03538500 0.01887800 -0.00100000
v 0.03538500 0.01887800 -0.00100000
v 0.03535000 0.01877300 -0.00100000
v 0.03535000 0.01877300 -0.00100000
v 0.03535000 0.01877300 -0.00100000
v 0.03535000 0.01877300 -0.00100000
v 0.03539500 0.01881000 -0.00100000
v 0.03539500 0.01881000 -0.00100000
v 0.03539500 0.01881000 -0.00100000
v 0.03539500 0.01881000 -0.00100000
v 0.03540300 0.01882000 -0.00100000
v 0.03540300 0.01882000 -0.00100000
v 0.03540300 0.01882000 -0.00100000
v 0.03540300 0.01882000 -0.00100000
v 0.03540800 0.01883100 -0.00100000
v 0.03540800 0.01883100 -0.00100000
v 0.03540800 0.01883100 -0.00100000
v 0.03540700 0.01884300 -0.00100000
v 0.03540700 0.01884300 -0.00100000
v 0.03540700 0.01884300 -0.00100000
v 0.03540300 0.01885100 -0.00100000
v 0.03540300 0.01885100 -0.00100000
v 0.03540300 0.01885100 -0.00100000
v 0.03529400 0.01872700 -0.00100000
v 0.03529400 0.01872700 -0.00100000
v 0.03529400 0.01872700 -0.00100000
v 0.03502300 0.01808800 -0.00100000
v 0.03502300 0.01808800 -0.00100000
v 0.03502300 0.01808800 -0.00100000
v 0.03516400 0.01840500 -0.00100000
v 0.03516400 0.01840500 -0.00100000
v 0.03516400 0.01840500 -0.00100000
v 0.03487100 0.01780100 -0.00100000
v 0.03487100 0.01780100 -0.00100000
v 0.03487100 0.01780100 -0.00100000
v 0.03502300 0.01808800 0.00000000
v 0.03487100 0.01780100 0.00000000
v 0.03544600 0.01680400 -0.00100000
v 0.03544600 0.01680400 -0.00100000
v 0.03544600 0.01680400 -0.00100000
v 0.03539000 0.01731600 -0.00100000
v 0.03539000 0.01731600 -0.00100000
v 0.03539000 0.01731600 -0.00100000
v 0.03520100 0.01769200 -0.00100000
v 0.03520100 0.01769200 -0.00100000
v 0.03520100 0.01769200 -0.00100000
v 0.03506600 0.01778900 -0.00100000
v 0.03506600 0.01778900 -0.00100000
v 0.03506600 0.01778900 -0.00100000
v 0.03484200 0.01579200 -0.00100000
v 0.03484200 0.01579200 -0.00100000
v 0.03484200 0.01579200 -0.00100000
v 0.03496500 0.01580500 -0.00100000
v 0.03496500 0.01580500 -0.00100000
v 0.03496500 0.01580500 -0.00100000
v 0.03514500 0.01589500 -0.00100000
v 0.03514500 0.01589500 -0.00100000
v 0.03514500 0.01589500 -0.00100000
v 0.03532900 0.01616200 -0.00100000
v 0.03532900 0.01616200 -0.00100000
v 0.03532900 0.01616200 -0.00100000
v 0.03425200 0.01657200 -0.00100000
v 0.03425200 0.01657200 -0.00100000
v 0.03425200 0.01657200 -0.00100000
v 0.03433000 0.01614100 -0.00100000
v 0.03433000 0.01614100 -0.00100000
v 0.03433000 0.01614100 -0.00100000
v 0.03450000 0.01589600 -0.00100000
v 0.03450000 0.01589600 -0.00100000
v 0.03450000 0.01589600 -0.00100000
v 0.03459900 0.01582900 -0.00100000
v 0.03459900 0.01582900 -0.00100000
v 0.03459900 0.01582900 -0.00100000
v 0.03424700 0.01676900 -0.00100000
v 0.03424700 0.01676900 -0.00100000
v 0.03424700 0.01676900 -0.00100000
v 0.03425200 0.01657200 0.00000000
v 0.03424700 0.01676900 0.00000000
v 0.03430200 0.01676900 -0.00100000
v 0.03430200 0.01676900 -0.00100000
v 0.03430200 0.01676900 -0.00100000
v 0.03483100 0.01597800 -0.00100000
v 0.03483100 0.01597800 -0.00100000
v 0.03483100 0.01597800 -0.00100000
v 0.03467400 0.01599700 -0.00100000
v 0.03467400 0.01599700 -0.00100000
v 0.03467400 0.01599700 -0.00100000
v 0.03454900 0.01606600 -0.00100000
v 0.03454900 0.01606600 -0.00100000
v 0.03454900 0.01606600 -0.00100000
v 0.03441300 0.01625000 -0.00100000
v 0.03441300 0.01625000 -0.00100000
v 0.03441300 0.01625000 -0.00100000
v 0.03528900 0.01707600 -0.00100000
v 0.03528900 0.01707600 -0.00100000
v 0.03528900 0.01707600 -0.00100000
v 0.03529000 0.01660700 -0.00100000
v 0.03529000 0.01660700 -0.00100000
v 0.03529000 0.01660700 -0.00100000
v 0.03516500 0.01617000 -0.00100000
v 0.03516500 0.01617000 -0.00100000
v 0.03516500 0.01617000 -0.00100000
v 0.03503600 0.01603800 -0.00100000
v 0.03503600 0.01603800 -0.00100000
v 0.03503600 0.01603800 -0.00100000
v 0.03491700 0.01764900 -0.00100000
v 0.03491700 0.01764900 -0.00100000
v 0.03491700 0.01764900 -0.00100000
v 0.03497300 0.01764800 -0.00100000
v 0.03497300 0.01764800 -0.00100000
v 0.03497300 0.01764800 -0.00100000
v 0.03505700 0.01760200 -0.00100000
v 0.03505700 0.01760200 -0.00100000
v 0.03505700 0.01760200 -0.00100000
v 0.03518900 0.01743100 -0.00100000
v 0.03518900 0.01743100 -0.00100000
v 0.03518900 0.01743100 -0.00100000
v 0.03483600 0.01764000 -0.00100000
v 0.03483600 0.01764000 -0.00100000
v 0.03483600 0.01764000 -0.00100000
v 0.03480100 0.01757400 -0.00100000
v 0.03480100 0.01757400 -0.00100000
v 0.03480100 0.01757400 -0.00100000
v 0.03472500 0.01756400 -0.00100000
v 0.03472500 0.01756400 -0.00100000
v 0.03472500 0.01756400 -0.00100000
v 0.03473400 0.01754600 -0.00100000
v 0.03473400 0.01754600 -0.00100000
v 0.03473400 0.01754600 -0.00100000
v 0.03475000 0.01751900 -0.00100000
v 0.03475000 0.01751900 -0.00100000
v 0.03475000 0.01751900 -0.00100000
v 0.03475000 0.01751900 -0.00100000
v 0.03475500 0.01751500 -0.00100000
v 0.03475500 0.01751500 -0.00100000
v 0.03475500 0.01751500 -0.00100000
v 0.03475900 0.01751400 -0.00100000
v 0.03475900 0.01751400 -0.00100000
v 0.03475900 0.01751400 -0.00100000
v 0.03476100 0.01751400 -0.00100000
v 0.03476100 0.01751400 -0.00100000
v 0.03476100 0.01751400 -0.00100000
v 0.03476100 0.01751400 -0.00100000
v 0.03476400 0.01751600 -0.00100000
v 0.03476400 0.01751600 -0.00100000
v 0.03476400 0.01751600 -0.00100000
v 0.03476400 0.01751600 -0.00100000
v 0.03464500 0.01772000 -0.00100000
v 0.03464500 0.01772000 -0.00100000
v 0.03464500 0.01772000 -0.00100000
v 0.03463500 0.01777000 -0.00100000
v 0.03463500 0.01777000 -0.00100000
v 0.03463500 0.01777000 -0.00100000
v 0.03463300 0.01774400 -0.00100000
v 0.03463300 0.01774400 -0.00100000
v 0.03463300 0.01774400 -0.00100000
v 0.00015400 0.01840100 -0.00100000
v 0.00015400 0.01840100 -0.00100000
v 0.00015400 0.01840100 -0.00100000
v 0.00015000 0.01823500 -0.00100000
v 0.00015000 0.01823500 -0.00100000
v 0.00015000 0.01823500 -0.00100000
v 0.00007400 0.01823500 -0.00100000
v 0.00007400 0.01823500 -0.00100000
v 0.00007400 0.01823500 -0.00100000
v 0.00007400 0.01870300 -0.00100000
v 0.00007400 0.01870300 -0.00100000
v 0.00007400 0.01870300 -0.00100000
v 0.00006400 0.01846900 -0.00100000
v 0.00006400 0.01846900 -0.00100000
v 0.00006400 0.01846900 -0.00100000
v 0.00065300 0.01950900 -0.00100000
v 0.00065300 0.01950900 -0.00100000
v 0.00065300 0.01950900 -0.00100000
v 0.00065300 0.01950900 -0.00100000
v 0.00062000 0.01950700 -0.00100000
v 0.00062000 0.01950700 -0.00100000
v 0.00062000 0.01950700 -0.00100000
v 0.00062000 0.01950700 -0.00100000
v 0.00038900 0.01943800 -0.00100000
v 0.00038900 0.01943800 -0.00100000
v 0.00038900 0.01943800 -0.00100000
v 0.00021200 0.01923100 -0.00100000
v 0.00021200 0.01923100 -0.00100000
v 0.00021200 0.01923100 -0.00100000
v 0.00121200 0.01831000 -0.00100000
v 0.00121200 0.01831000 -0.00100000
v 0.00121200 0.01831000 -0.00100000
v 0.00119700 0.01885900 0.00000000
v 0.00119700 0.01885900 0.00000000
v 0.00119700 0.01885900 -0.00100000
v 0.00119700 0.01885900 -0.00100000
v 0.00119700 0.01885900 -0.00100000
v 0.00105200 0.01926900 -0.00100000
v 0.00105200 0.01926900 -0.00100000
v 0.00105200 0.01926900 -0.00100000
v 0.00089000 0.01943000 -0.00100000
v 0.00089000 0.01943000 -0.00100000
v 0.00089000 0.01943000 -0.00100000
v 0.00086900 0.01768600 -0.00100000
v 0.00086900 0.01768600 -0.00100000
v 0.00086900 0.01768600 -0.00100000
v 0.00110900 0.01795900 -0.00100000
v 0.00110900 0.01795900 -0.00100000
v 0.00110900 0.01795900 -0.00100000
v 0.00062200 0.01753000 -0.00100000
v 0.00062200 0.01753000 -0.00100000
v 0.00062200 0.01753000 -0.00100000
v 0.00062200 0.01753000 -0.00100000
v 0.00086900 0.01768600 0.00000000
v 0.00086900 0.01768600 0.00000000
v 0.00062200 0.01753000 0.00000000
v 0.00019000 0.01674000 -0.00100000
v 0.00019000 0.01674000 -0.00100000
v 0.00019000 0.01674000 -0.00100000
v 0.00019900 0.01683800 -0.00100000
v 0.00019900 0.01683800 -0.00100000
v 0.00019900 0.01683800 -0.00100000
v 0.00032600 0.01723700 -0.00100000
v 0.00032600 0.01723700 -0.00100000
v 0.00032600 0.01723700 -0.00100000
v 0.00017900 0.01652900 -0.00100000
v 0.00017900 0.01652900 -0.00100000
v 0.00017900 0.01652900 -0.00100000
v 0.00108000 0.01655900 -0.00100000
v 0.00108000 0.01655900 -0.00100000
v 0.00108000 0.01655900 -0.00100000
v 0.00115600 0.01674000 -0.00100000
v 0.00115600 0.01674000 -0.00100000
v 0.00115600 0.01674000 -0.00100000
v 0.00114900 0.01667900 -0.00100000
v 0.00114900 0.01667900 -0.00100000
v 0.00114900 0.01667900 -0.00100000
v 0.00113300 0.01659300 -0.00100000
v 0.00113300 0.01659300 -0.00100000
v 0.00113300 0.01659300 -0.00100000
v 0.00113300 0.01659300 -0.00100000
v 0.00112500 0.01657500 -0.00100000
v 0.00112500 0.01657500 -0.00100000
v 0.00112500 0.01657500 -0.00100000
v 0.00111000 0.01656400 -0.00100000
v 0.00111000 0.01656400 -0.00100000
v 0.00111000 0.01656400 -0.00100000
v 0.00111000 0.01656400 -0.00100000
v 0.00117700 0.01717800 -0.00100000
v 0.00117700 0.01717800 -0.00100000
v 0.00117700 0.01717800 -0.00100000
v 0.00115600 0.01674000 0.00000000
v 0.00117700 0.01717800 0.00000000
v 0.00124700 0.01717800 -0.00100000
v 0.00124700 0.01717800 -0.00100000
v 0.00124700 0.01717800 -0.00100000
v 0.00127200 0.01651400 -0.00100000
v 0.00127200 0.01651400 -0.00100000
v 0.00127200 0.01651400 -0.00100000
v 0.00124700 0.01717800 0.00000000
v 0.00127200 0.01651400 0.00000000
v 0.00112100 0.01636200 -0.00100000
v 0.00112100 0.01636200 -0.00100000
v 0.00112100 0.01636200 -0.00100000
v 0.00112100 0.01636200 -0.00100000
v 0.00122400 0.01636700 -0.00100000
v 0.00122400 0.01636700 -0.00100000
v 0.00122400 0.01636700 -0.00100000
v 0.00125500 0.01637500 -0.00100000
v 0.00125500 0.01637500 -0.00100000
v 0.00125500 0.01637500 -0.00100000
v 0.00125500 0.01637500 -0.00100000
v 0.00126300 0.01638100 -0.00100000
v 0.00126300 0.01638100 -0.00100000
v 0.00126300 0.01638100 -0.00100000
v 0.00126300 0.01638100 -0.00100000
v 0.00127200 0.01640200 -0.00100000
v 0.00127200 0.01640200 -0.00100000
v 0.00127200 0.01640200 -0.00100000
v 0.00127500 0.01643800 -0.00100000
v 0.00127500 0.01643800 -0.00100000
v 0.00127500 0.01643800 -0.00100000
v 0.00011900 0.01633700 -0.00100000
v 0.00011900 0.01633700 -0.00100000
v 0.00011900 0.01633700 -0.00100000
v 0.00112100 0.01636200 0.00000000
v 0.00011900 0.01633700 0.00000000
v 0.00005300 0.01680000 -0.00100000
v 0.00005300 0.01680000 -0.00100000
v 0.00005300 0.01680000 -0.00100000
v 0.00005300 0.01680000 -0.00000000
v 0.00004400 0.01668500 -0.00000000
v 0.00004400 0.01668500 -0.00000000
v 0.00004400 0.01668500 -0.00100000
v 0.00004400 0.01668500 -0.00100000
v 0.00004400 0.01668500 -0.00100000
v 0.00004300 0.01643100 -0.00000000
v 0.00004300 0.01643100 -0.00000000
v 0.00004300 0.01643100 -0.00100000
v 0.00004300 0.01643100 -0.00100000
v 0.00004300 0.01643100 -0.00100000
v 0.00005700 0.01636700 -0.00000000
v 0.00005700 0.01636700 -0.00000000
v 0.00005700 0.01636700 -0.00100000
v 0.00005700 0.01636700 -0.00100000
v 0.00005700 0.01636700 -0.00100000
v 0.00005700 0.01636700 -0.00100000
v 0.00006400 0.01635700 -0.00000000
v 0.00006400 0.01635700 -0.00000000
v 0.00006400 0.01635700 -0.00000000
v 0.00006400 0.01635700 -0.00100000
v 0.00006400 0.01635700 -0.00100000
v 0.00006400 0.01635700 -0.00100000
v 0.00006400 0.01635700 -0.00100000
v 0.00008400 0.01634200 -0.00000000
v 0.00008400 0.01634200 -0.00000000
v 0.00008400 0.01634200 -0.00000000
v 0.00008400 0.01634200 -0.00100000
v 0.00008400 0.01634200 -0.00100000
v 0.00008400 0.01634200 -0.00100000
v 0.00011900 0.01633700 -0.00000000
v 0.00056700 0.01770600 -0.00100000
v 0.00056700 0.01770600 -0.00100000
v 0.00056700 0.01770600 -0.00100000
v 0.00048100 0.01764100 -0.00100000
v 0.00048100 0.01764100 -0.00100000
v 0.00048100 0.01764100 -0.00100000
v 0.00035300 0.01752500 -0.00100000
v 0.00035300 0.01752500 -0.00100000
v 0.00035300 0.01752500 -0.00100000
v 0.00035300 0.01752500 -0.00100000
v 0.00020100 0.01731600 -0.00100000
v 0.00020100 0.01731600 -0.00100000
v 0.00020100 0.01731600 -0.00100000
v 0.00077400 0.01783800 -0.00100000
v 0.00077400 0.01783800 -0.00100000
v 0.00077400 0.01783800 -0.00100000
v 0.00105000 0.01885900 -0.00100000
v 0.00105000 0.01885900 -0.00100000
v 0.00105000 0.01885900 -0.00100000
v 0.00107700 0.01842400 -0.00100000
v 0.00107700 0.01842400 -0.00100000
v 0.00107700 0.01842400 -0.00100000
v 0.00095700 0.01800800 -0.00100000
v 0.00095700 0.01800800 -0.00100000
v 0.00095700 0.01800800 -0.00100000
v 0.00066300 0.01930200 -0.00100000
v 0.00066300 0.01930200 -0.00100000
v 0.00066300 0.01930200 -0.00100000
v 0.00082900 0.01925800 -0.00100000
v 0.00082900 0.01925800 -0.00100000
v 0.00082900 0.01925800 -0.00100000
v 0.00093200 0.01915500 -0.00100000
v 0.00093200 0.01915500 -0.00100000
v 0.00093200 0.01915500 -0.00100000
v 0.00021400 0.01886000 -0.00100000
v 0.00021400 0.01886000 -0.00100000
v 0.00021400 0.01886000 -0.00100000
v 0.00034300 0.01913700 -0.00100000
v 0.00034300 0.01913700 -0.00100000
v 0.00034300 0.01913700 -0.00100000
v 0.00049900 0.01926700 -0.00100000
v 0.00049900 0.01926700 -0.00100000
v 0.00049900 0.01926700 -0.00100000
v -0.00128700 0.01828600 -0.00100000
v -0.00128700 0.01828600 -0.00100000
v -0.00128700 0.01828600 -0.00100000
v -0.00128700 0.01828600 -0.00100000
v -0.00122100 0.01831000 -0.00100000
v -0.00122100 0.01831000 -0.00100000
v -0.00122100 0.01831000 -0.00100000
v -0.00122100 0.01831000 -0.00100000
v -0.00095900 0.01888000 -0.00100000
v -0.00095900 0.01888000 -0.00100000
v -0.00095900 0.01888000 -0.00100000
v -0.00102300 0.01873000 -0.00100000
v -0.00102300 0.01873000 -0.00100000
v -0.00102300 0.01873000 -0.00100000
v -0.00108600 0.01859300 -0.00100000
v -0.00108600 0.01859300 -0.00100000
v -0.00108600 0.01859300 -0.00100000
v -0.00079800 0.01930800 -0.00100000
v -0.00079800 0.01930800 -0.00100000
v -0.00079800 0.01930800 -0.00100000
v -0.00095900 0.01888000 0.00000000
v -0.00079800 0.01930800 0.00000000
v -0.00123700 0.01927300 -0.00100000
v -0.00123700 0.01927300 -0.00100000
v -0.00123700 0.01927300 -0.00100000
v -0.00123700 0.01927300 -0.00100000
v -0.00101800 0.01929000 -0.00100000
v -0.00101800 0.01929000 -0.00100000
v -0.00101800 0.01929000 -0.00100000
v -0.00138700 0.01924700 -0.00100000
v -0.00138700 0.01924700 -0.00100000
v -0.00138700 0.01924700 -0.00100000
v -0.00155400 0.01920200 -0.00100000
v -0.00155400 0.01920200 -0.00100000
v -0.00155400 0.01920200 -0.00100000
v -0.00147100 0.01922500 -0.00100000
v -0.00147100 0.01922500 -0.00100000
v -0.00147100 0.01922500 -0.00100000
v -0.00160400 0.01918200 -0.00100000
v -0.00160400 0.01918200 -0.00100000
v -0.00160400 0.01918200 -0.00100000
v -0.00160400 0.01918200 -0.00100000
v -0.00155400 0.01920200 0.00000000
v -0.00155400 0.01920200 0.00000000
v -0.00160400 0.01918200 0.00000000
v -0.00173000 0.01936800 -0.00100000
v -0.00173000 0.01936800 -0.00100000
v -0.00173000 0.01936800 -0.00100000
v -0.00161900 0.01940800 -0.00100000
v -0.00161900 0.01940800 -0.00100000
v -0.00161900 0.01940800 -0.00100000
v -0.00168100 0.01940500 -0.00100000
v -0.00168100 0.01940500 -0.00100000
v -0.00168100 0.01940500 -0.00100000
v -0.00168100 0.01940500 -0.00100000
v -0.00171900 0.01941800 -0.00100000
v -0.00171900 0.01941800 -0.00100000
v -0.00171900 0.01941800 -0.00100000
v -0.00171900 0.01941800 -0.00100000
v -0.00173300 0.01942600 -0.00100000
v -0.00173300 0.01942600 -0.00100000
v -0.00173300 0.01942600 -0.00100000
v -0.00173300 0.01942600 -0.00100000
v -0.00174700 0.01942800 -0.00100000
v -0.00174700 0.01942800 -0.00100000
v -0.00174700 0.01942800 -0.00100000
v -0.00174700 0.01942800 -0.00100000
v -0.00175100 0.01942700 -0.00100000
v -0.00175100 0.01942700 -0.00100000
v -0.00175100 0.01942700 -0.00100000
v -0.00175100 0.01942700 -0.00100000
v -0.00175100 0.01942700 -0.00100000
v -0.00175400 0.01942400 -0.00100000
v -0.00175400 0.01942400 -0.00100000
v -0.00175400 0.01942400 -0.00100000
v -0.00175600 0.01941900 -0.00100000
v -0.00175600 0.01941900 -0.00100000
v -0.00175600 0.01941900 -0.00100000
v -0.00175500 0.01941300 -0.00100000
v -0.00175500 0.01941300 -0.00100000
v -0.00175500 0.01941300 -0.00100000
v -0.00175500 0.01941300 -0.00100000
v -0.00175000 0.01940000 -0.00100000
v -0.00175000 0.01940000 -0.00100000
v -0.00175000 0.01940000 -0.00100000
v -0.00145800 0.01941300 -0.00100000
v -0.00145800 0.01941300 -0.00100000
v -0.00145800 0.01941300 -0.00100000
v -0.00161900 0.01940800 0.00000000
v -0.00145800 0.01941300 0.00000000
v -0.00082400 0.01948900 -0.00100000
v -0.00082400 0.01948900 -0.00100000
v -0.00082400 0.01948900 -0.00100000
v -0.00077400 0.01953400 -0.00100000
v -0.00077400 0.01953400 -0.00100000
v -0.00077400 0.01953400 -0.00100000
v -0.00073300 0.01957500 -0.00100000
v -0.00073300 0.01957500 -0.00100000
v -0.00073300 0.01957500 -0.00100000
v -0.00077400 0.01953400 0.00000000
v -0.00073300 0.01957500 0.00000000
v -0.00067300 0.01949900 -0.00100000
v -0.00067300 0.01949900 -0.00100000
v -0.00067300 0.01949900 -0.00100000
v -0.00070300 0.01953700 -0.00100000
v -0.00070300 0.01953700 -0.00100000
v -0.00070300 0.01953700 -0.00100000
v -0.00070300 0.01953700 -0.00100000
v -0.00057700 0.01937800 -0.00100000
v -0.00057700 0.01937800 -0.00100000
v -0.00057700 0.01937800 -0.00100000
v -0.00067300 0.01949900 0.00000000
v -0.00057700 0.01937800 0.00000000
v -0.00061300 0.01927300 -0.00100000
v -0.00061300 0.01927300 -0.00100000
v -0.00061300 0.01927300 -0.00100000
v -0.00061300 0.01927300 -0.00100000
v -0.00056700 0.01931000 -0.00100000
v -0.00056700 0.01931000 -0.00100000
v -0.00056700 0.01931000 -0.00100000
v -0.00056700 0.01931000 -0.00100000
v -0.00055900 0.01932000 -0.00100000
v -0.00055900 0.01932000 -0.00100000
v -0.00055900 0.01932000 -0.00100000
v -0.00055900 0.01932000 -0.00100000
v -0.00055400 0.01933100 -0.00100000
v -0.00055400 0.01933100 -0.00100000
v -0.00055400 0.01933100 -0.00100000
v -0.00055400 0.01933100 -0.00100000
v -0.00055600 0.01934300 -0.00100000
v -0.00055600 0.01934300 -0.00100000
v -0.00055600 0.01934300 -0.00100000
v -0.00055600 0.01934300 -0.00100000
v -0.00055900 0.01935100 -0.00100000
v -0.00055900 0.01935100 -0.00100000
v -0.00055900 0.01935100 -0.00100000
v -0.00066800 0.01922700 -0.00100000
v -0.00066800 0.01922700 -0.00100000
v -0.00066800 0.01922700 -0.00100000
v -0.00061300 0.01927300 0.00000000
v -0.00066800 0.01922700 0.00000000
v -0.00093900 0.01858800 -0.00100000
v -0.00093900 0.01858800 -0.00100000
v -0.00093900 0.01858800 -0.00100000
v -0.00079800 0.01890500 -0.00100000
v -0.00079800 0.01890500 -0.00100000
v -0.00079800 0.01890500 -0.00100000
v -0.00109100 0.01830100 -0.00100000
v -0.00109100 0.01830100 -0.00100000
v -0.00109100 0.01830100 -0.00100000
v -0.00051600 0.01730400 -0.00100000
v -0.00051600 0.01730400 -0.00100000
v -0.00051600 0.01730400 -0.00100000
v -0.00057200 0.01781600 -0.00100000
v -0.00057200 0.01781600 -0.00100000
v -0.00057200 0.01781600 -0.00100000
v -0.00076100 0.01819200 -0.00100000
v -0.00076100 0.01819200 -0.00100000
v -0.00076100 0.01819200 -0.00100000
v -0.00089700 0.01828900 -0.00100000
v -0.00089700 0.01828900 -0.00100000
v -0.00089700 0.01828900 -0.00100000
v -0.00112000 0.01629200 -0.00100000
v -0.00112000 0.01629200 -0.00100000
v -0.00112000 0.01629200 -0.00100000
v -0.00099700 0.01630500 -0.00100000
v -0.00099700 0.01630500 -0.00100000
v -0.00099700 0.01630500 -0.00100000
v -0.00081700 0.01639500 -0.00100000
v -0.00081700 0.01639500 -0.00100000
v -0.00081700 0.01639500 -0.00100000
v -0.00063300 0.01666200 -0.00100000
v -0.00063300 0.01666200 -0.00100000
v -0.00063300 0.01666200 -0.00100000
v -0.00171000 0.01707200 -0.00100000
v -0.00171000 0.01707200 -0.00100000
v -0.00171000 0.01707200 -0.00100000
v -0.00163200 0.01664100 -0.00100000
v -0.00163200 0.01664100 -0.00100000
v -0.00163200 0.01664100 -0.00100000
v -0.00146200 0.01639600 -0.00100000
v -0.00146200 0.01639600 -0.00100000
v -0.00146200 0.01639600 -0.00100000
v -0.00146200 0.01639600 -0.00100000
v -0.00136300 0.01632900 -0.00100000
v -0.00136300 0.01632900 -0.00100000
v -0.00136300 0.01632900 -0.00100000
v -0.00171500 0.01726900 -0.00100000
v -0.00171500 0.01726900 -0.00100000
v -0.00171500 0.01726900 -0.00100000
v -0.00166000 0.01726900 -0.00100000
v -0.00166000 0.01726900 -0.00100000
v -0.00166000 0.01726900 -0.00100000
v -0.00113100 0.01647800 -0.00100000
v -0.00113100 0.01647800 -0.00100000
v -0.00113100 0.01647800 -0.00100000
v -0.00128800 0.01649700 -0.00100000
v -0.00128800 0.01649700 -0.00100000
v -0.00128800 0.01649700 -0.00100000
v -0.00141300 0.01656600 -0.00100000
v -0.00141300 0.01656600 -0.00100000
v -0.00141300 0.01656600 -0.00100000
v -0.00154900 0.01675000 -0.00100000
v -0.00154900 0.01675000 -0.00100000
v -0.00154900 0.01675000 -0.00100000
v -0.00067300 0.01757600 -0.00100000
v -0.00067300 0.01757600 -0.00100000
v -0.00067300 0.01757600 -0.00100000
v -0.00067200 0.01710700 -0.00100000
v -0.00067200 0.01710700 -0.00100000
v -0.00067200 0.01710700 -0.00100000
v -0.00079700 0.01667000 -0.00100000
v -0.00079700 0.01667000 -0.00100000
v -0.00079700 0.01667000 -0.00100000
v -0.00092600 0.01653800 -0.00100000
v -0.00092600 0.01653800 -0.00100000
v -0.00092600 0.01653800 -0.00100000
v -0.00104500 0.01814900 -0.00100000
v -0.00104500 0.01814900 -0.00100000
v -0.00104500 0.01814900 -0.00100000
v -0.00099000 0.01814800 -0.00100000
v -0.00099000 0.01814800 -0.00100000
v -0.00099000 0.01814800 -0.00100000
v -0.00090500 0.01810200 -0.00100000
v -0.00090500 0.01810200 -0.00100000
v -0.00090500 0.01810200 -0.00100000
v -0.00077300 0.01793100 -0.00100000
v -0.00077300 0.01793100 -0.00100000
v -0.00077300 0.01793100 -0.00100000
v -0.00112600 0.01814000 -0.00100000
v -0.00112600 0.01814000 -0.00100000
v -0.00112600 0.01814000 -0.00100000
v -0.00112600 0.01814000 -0.00100000
v -0.00116100 0.01807400 -0.00100000
v -0.00116100 0.01807400 -0.00100000
v -0.00116100 0.01807400 -0.00100000
v -0.00112600 0.01814000 0.00000000
v -0.00116100 0.01807400 0.00000000
v -0.00123700 0.01806400 -0.00100000
v -0.00123700 0.01806400 -0.00100000
v -0.00123700 0.01806400 -0.00100000
v -0.00122800 0.01804600 -0.00100000
v -0.00122800 0.01804600 -0.00100000
v -0.00122800 0.01804600 -0.00100000
v -0.00121200 0.01801900 -0.00100000
v -0.00121200 0.01801900 -0.00100000
v -0.00121200 0.01801900 -0.00100000
v -0.00120700 0.01801500 -0.00100000
v -0.00120700 0.01801500 -0.00100000
v -0.00120700 0.01801500 -0.00100000
v -0.00120700 0.01801500 -0.00100000
v -0.00120300 0.01801400 -0.00100000
v -0.00120300 0.01801400 -0.00100000
v -0.00120300 0.01801400 -0.00100000
v -0.00120300 0.01801400 -0.00100000
v -0.00120100 0.01801400 -0.00100000
v -0.00120100 0.01801400 -0.00100000
v -0.00120100 0.01801400 -0.00100000
v -0.00120100 0.01801400 -0.00100000
v -0.00119800 0.01801600 -0.00100000
v -0.00119800 0.01801600 -0.00100000
v -0.00119800 0.01801600 -0.00100000
v -0.00131700 0.01822000 -0.00100000
v -0.00131700 0.01822000 -0.00100000
v -0.00131700 0.01822000 -0.00100000
v -0.00132700 0.01827000 -0.00100000
v -0.00132700 0.01827000 -0.00100000
v -0.00132700 0.01827000 -0.00100000
v -0.00132900 0.01824400 -0.00100000
v -0.00132900 0.01824400 -0.00100000
v -0.00132900 0.01824400 -0.00100000
v -0.03414800 0.01878600 -0.00100000
v -0.03414800 0.01878600 -0.00100000
v -0.03414800 0.01878600 -0.00100000
v -0.03408300 0.01881000 -0.00100000
v -0.03408300 0.01881000 -0.00100000
v -0.03408300 0.01881000 -0.00100000
v -0.03408300 0.01881000 -0.00100000
v -0.03414800 0.01878600 0.00000000
v -0.03414800 0.01878600 0.00000000
v -0.03408300 0.01881000 0.00000000
v -0.03382100 0.01938000 -0.00100000
v -0.03382100 0.01938000 -0.00100000
v -0.03382100 0.01938000 -0.00100000
v -0.03388500 0.01923000 -0.00100000
v -0.03388500 0.01923000 -0.00100000
v -0.03388500 0.01923000 -0.00100000
v -0.03394700 0.01909300 -0.00100000
v -0.03394700 0.01909300 -0.00100000
v -0.03394700 0.01909300 -0.00100000
v -0.03366000 0.01980800 -0.00100000
v -0.03366000 0.01980800 -0.00100000
v -0.03366000 0.01980800 -0.00100000
v -0.03409800 0.01977300 -0.00100000
v -0.03409800 0.01977300 -0.00100000
v -0.03409800 0.01977300 -0.00100000
v -0.03387900 0.01979000 -0.00100000
v -0.03387900 0.01979000 -0.00100000
v -0.03387900 0.01979000 -0.00100000
v -0.03424900 0.01974700 -0.00100000
v -0.03424900 0.01974700 -0.00100000
v -0.03424900 0.01974700 -0.00100000
v -0.03409800 0.01977300 0.00000000
v -0.03424900 0.01974700 0.00000000
v -0.03441500 0.01970200 -0.00100000
v -0.03441500 0.01970200 -0.00100000
v -0.03441500 0.01970200 -0.00100000
v -0.03441500 0.01970200 -0.00100000
v -0.03433200 0.01972500 -0.00100000
v -0.03433200 0.01972500 -0.00100000
v -0.03433200 0.01972500 -0.00100000
v -0.03433200 0.01972500 -0.00100000
v -0.03446500 0.01968200 -0.00100000
v -0.03446500 0.01968200 -0.00100000
v -0.03446500 0.01968200 -0.00100000
v -0.03459100 0.01986800 -0.00100000
v -0.03459100 0.01986800 -0.00100000
v -0.03459100 0.01986800 -0.00100000
v -0.03448100 0.01990800 -0.00100000
v -0.03448100 0.01990800 -0.00100000
v -0.03448100 0.01990800 -0.00100000
v -0.03454300 0.01990500 -0.00100000
v -0.03454300 0.01990500 -0.00100000
v -0.03454300 0.01990500 -0.00100000
v -0.03454300 0.01990500 -0.00100000
v -0.03458000 0.01991800 -0.00100000
v -0.03458000 0.01991800 -0.00100000
v -0.03458000 0.01991800 -0.00100000
v -0.03458000 0.01991800 -0.00100000
v -0.03459500 0.01992600 -0.00100000
v -0.03459500 0.01992600 -0.00100000
v -0.03459500 0.01992600 -0.00100000
v -0.03460800 0.01992800 -0.00100000
v -0.03460800 0.01992800 -0.00100000
v -0.03460800 0.01992800 -0.00100000
v -0.03460800 0.01992800 -0.00100000
v -0.03461300 0.01992700 -0.00100000
v -0.03461300 0.01992700 -0.00100000
v -0.03461300 0.01992700 -0.00100000
v -0.03461600 0.01992400 -0.00100000
v -0.03461600 0.01992400 -0.00100000
v -0.03461600 0.01992400 -0.00100000
v -0.03461600 0.01992400 -0.00100000
v -0.03461700 0.01991900 -0.00100000
v -0.03461700 0.01991900 -0.00100000
v -0.03461700 0.01991900 -0.00100000
v -0.03461700 0.01991300 -0.00100000
v -0.03461700 0.01991300 -0.00100000
v -0.03461700 0.01991300 -0.00100000
v -0.03461700 0.01991300 -0.00100000
v -0.03461100 0.01990000 -0.00100000
v -0.03461100 0.01990000 -0.00100000
v -0.03461100 0.01990000 -0.00100000
v -0.03461100 0.01990000 -0.00100000
v -0.03432000 0.01991300 -0.00100000
v -0.03432000 0.01991300 -0.00100000
v -0.03432000 0.01991300 -0.00100000
v -0.03448100 0.01990800 0.00000000
v -0.03432000 0.01991300 0.00000000
v -0.03432000 0.01991300 0.00000000
v -0.03432000 0.01991300 0.00000000
v -0.03368500 0.01998900 -0.00100000
v -0.03368500 0.01998900 -0.00100000
v -0.03368500 0.01998900 -0.00100000
v -0.03368500 0.01998900 -0.00100000
v -0.03368500 0.01998900 0.00000000
v -0.03363500 0.02003400 -0.00100000
v -0.03363500 0.02003400 -0.00100000
v -0.03363500 0.02003400 -0.00100000
v -0.03363500 0.02003400 -0.00100000
v -0.03359500 0.02007500 -0.00100000
v -0.03359500 0.02007500 -0.00100000
v -0.03359500 0.02007500 -0.00100000
v -0.03353500 0.01999900 -0.00100000
v -0.03353500 0.01999900 -0.00100000
v -0.03353500 0.01999900 -0.00100000
v -0.03353500 0.01999900 -0.00100000
v -0.03356500 0.02003700 -0.00100000
v -0.03356500 0.02003700 -0.00100000
v -0.03356500 0.02003700 -0.00100000
v -0.03343800 0.01987800 -0.00100000
v -0.03343800 0.01987800 -0.00100000
v -0.03343800 0.01987800 -0.00100000
v -0.03347400 0.01977300 -0.00100000
v -0.03347400 0.01977300 -0.00100000
v -0.03347400 0.01977300 -0.00100000
v -0.03347400 0.01977300 -0.00100000
v -0.03342900 0.01981000 -0.00100000
v -0.03342900 0.01981000 -0.00100000
v -0.03342900 0.01981000 -0.00100000
v -0.03342100 0.01982000 -0.00100000
v -0.03342100 0.01982000 -0.00100000
v -0.03342100 0.01982000 -0.00100000
v -0.03342100 0.01982000 -0.00100000
v -0.03341600 0.01983100 -0.00100000
v -0.03341600 0.01983100 -0.00100000
v -0.03341600 0.01983100 -0.00100000
v -0.03341700 0.01984300 -0.00100000
v -0.03341700 0.01984300 -0.00100000
v -0.03341700 0.01984300 -0.00100000
v -0.03342100 0.01985100 -0.00100000
v -0.03342100 0.01985100 -0.00100000
v -0.03342100 0.01985100 -0.00100000
v -0.03352900 0.01972700 -0.00100000
v -0.03352900 0.01972700 -0.00100000
v -0.03352900 0.01972700 -0.00100000
v -0.03380100 0.01908800 -0.00100000
v -0.03380100 0.01908800 -0.00100000
v -0.03380100 0.01908800 -0.00100000
v -0.03366000 0.01940500 -0.00100000
v -0.03366000 0.01940500 -0.00100000
v -0.03366000 0.01940500 -0.00100000
v -0.03395200 0.01880100 -0.00100000
v -0.03395200 0.01880100 -0.00100000
v -0.03395200 0.01880100 -0.00100000
v -0.03380100 0.01908800 0.00000000
v -0.03395200 0.01880100 0.00000000
v -0.03337800 0.01780400 -0.00100000
v -0.03337800 0.01780400 -0.00100000
v -0.03337800 0.01780400 -0.00100000
v -0.03343400 0.01831600 -0.00100000
v -0.03343400 0.01831600 -0.00100000
v -0.03343400 0.01831600 -0.00100000
v -0.03362300 0.01869200 -0.00100000
v -0.03362300 0.01869200 -0.00100000
v -0.03362300 0.01869200 -0.00100000
v -0.03375800 0.01878900 -0.00100000
v -0.03375800 0.01878900 -0.00100000
v -0.03375800 0.01878900 -0.00100000
v -0.03398200 0.01679200 -0.00100000
v -0.03398200 0.01679200 -0.00100000
v -0.03398200 0.01679200 -0.00100000
v -0.03385900 0.01680500 -0.00100000
v -0.03385900 0.01680500 -0.00100000
v -0.03385900 0.01680500 -0.00100000
v -0.03367900 0.01689500 -0.00100000
v -0.03367900 0.01689500 -0.00100000
v -0.03367900 0.01689500 -0.00100000
v -0.03349500 0.01716200 -0.00100000
v -0.03349500 0.01716200 -0.00100000
v -0.03349500 0.01716200 -0.00100000
v -0.03457100 0.01757200 -0.00100000
v -0.03457100 0.01757200 -0.00100000
v -0.03457100 0.01757200 -0.00100000
v -0.03449400 0.01714100 -0.00100000
v -0.03449400 0.01714100 -0.00100000
v -0.03449400 0.01714100 -0.00100000
v -0.03432400 0.01689600 -0.00100000
v -0.03432400 0.01689600 -0.00100000
v -0.03432400 0.01689600 -0.00100000
v -0.03422500 0.01682900 -0.00100000
v -0.03422500 0.01682900 -0.00100000
v -0.03422500 0.01682900 -0.00100000
v -0.03457700 0.01776900 -0.00100000
v -0.03457700 0.01776900 -0.00100000
v -0.03457700 0.01776900 -0.00100000
v -0.03457100 0.01757200 0.00000000
v -0.03457700 0.01776900 0.00000000
v -0.03452100 0.01776900 -0.00100000
v -0.03452100 0.01776900 -0.00100000
v -0.03452100 0.01776900 -0.00100000
v -0.03399300 0.01697800 -0.00100000
v -0.03399300 0.01697800 -0.00100000
v -0.03399300 0.01697800 -0.00100000
v -0.03414900 0.01699700 -0.00100000
v -0.03414900 0.01699700 -0.00100000
v -0.03414900 0.01699700 -0.00100000
v -0.03427500 0.01706600 -0.00100000
v -0.03427500 0.01706600 -0.00100000
v -0.03427500 0.01706600 -0.00100000
v -0.03441000 0.01725000 -0.00100000
v -0.03441000 0.01725000 -0.00100000
v -0.03441000 0.01725000 -0.00100000
v -0.03353500 0.01807600 -0.00100000
v -0.03353500 0.01807600 -0.00100000
v -0.03353500 0.01807600 -0.00100000
v -0.03353400 0.01760700 -0.00100000
v -0.03353400 0.01760700 -0.00100000
v -0.03353400 0.01760700 -0.00100000
v -0.03365800 0.01717000 -0.00100000
v -0.03365800 0.01717000 -0.00100000
v -0.03365800 0.01717000 -0.00100000
v -0.03365800 0.01717000 -0.00100000
v -0.03378800 0.01703800 -0.00100000
v -0.03378800 0.01703800 -0.00100000
v -0.03378800 0.01703800 -0.00100000
v -0.03390700 0.01864900 -0.00100000
v -0.03390700 0.01864900 -0.00100000
v -0.03390700 0.01864900 -0.00100000
v -0.03385100 0.01864800 -0.00100000
v -0.03385100 0.01864800 -0.00100000
v -0.03385100 0.01864800 -0.00100000
v -0.03376700 0.01860200 -0.00100000
v -0.03376700 0.01860200 -0.00100000
v -0.03376700 0.01860200 -0.00100000
v -0.03363500 0.01843100 -0.00100000
v -0.03363500 0.01843100 -0.00100000
v -0.03363500 0.01843100 -0.00100000
v -0.03398700 0.01864000 -0.00100000
v -0.03398700 0.01864000 -0.00100000
v -0.03398700 0.01864000 -0.00100000
v -0.03402200 0.01857400 -0.00100000
v -0.03402200 0.01857400 -0.00100000
v -0.03402200 0.01857400 -0.00100000
v -0.03409800 0.01856400 -0.00100000
v -0.03409800 0.01856400 -0.00100000
v -0.03409800 0.01856400 -0.00100000
v -0.03408900 0.01854600 -0.00100000
v -0.03408900 0.01854600 -0.00100000
v -0.03408900 0.01854600 -0.00100000
v -0.03407400 0.01851900 -0.00100000
v -0.03407400 0.01851900 -0.00100000
v -0.03407400 0.01851900 -0.00100000
v -0.03407400 0.01851900 -0.00100000
v -0.03406900 0.01851500 -0.00100000
v -0.03406900 0.01851500 -0.00100000
v -0.03406900 0.01851500 -0.00100000
v -0.03406900 0.01851500 -0.00100000
v -0.03406900 0.01851500 -0.00100000
v -0.03406500 0.01851400 -0.00100000
v -0.03406500 0.01851400 -0.00100000
v -0.03406500 0.01851400 -0.00100000
v -0.03406500 0.01851400 -0.00100000
v -0.03406200 0.01851400 -0.00100000
v -0.03406200 0.01851400 -0.00100000
v -0.03406200 0.01851400 -0.00100000
v -0.03406200 0.01851400 -0.00100000
v -0.03405900 0.01851600 -0.00100000
v -0.03405900 0.01851600 -0.00100000
v -0.03405900 0.01851600 -0.00100000
v -0.03405900 0.01851600 -0.00100000
v -0.03405900 0.01851600 -0.00100000
v -0.03417900 0.01872000 -0.00100000
v -0.03417900 0.01872000 -0.00100000
v -0.03417900 0.01872000 -0.00100000
v -0.03418900 0.01877000 -0.00100000
v -0.03418900 0.01877000 -0.00100000
v -0.03418900 0.01877000 -0.00100000
v -0.03419100 0.01874400 -0.00100000
v -0.03419100 0.01874400 -0.00100000
v -0.03419100 0.01874400 -0.00100000
v -0.03596200 0.01878600 -0.00100000
v -0.03596200 0.01878600 -0.00100000
v -0.03596200 0.01878600 -0.00100000
v -0.03589700 0.01881000 -0.00100000
v -0.03589700 0.01881000 -0.00100000
v -0.03589700 0.01881000 -0.00100000
v -0.03589700 0.01881000 -0.00100000
v -0.03596200 0.01878600 0.00000000
v -0.03596200 0.01878600 0.00000000
v -0.03589700 0.01881000 0.00000000
v -0.03563500 0.01938000 -0.00100000
v -0.03563500 0.01938000 -0.00100000
v -0.03563500 0.01938000 -0.00100000
v -0.03569900 0.01923000 -0.00100000
v -0.03569900 0.01923000 -0.00100000
v -0.03569900 0.01923000 -0.00100000
v -0.03576100 0.01909300 -0.00100000
v -0.03576100 0.01909300 -0.00100000
v -0.03576100 0.01909300 -0.00100000
v -0.03547400 0.01980800 -0.00100000
v -0.03547400 0.01980800 -0.00100000
v -0.03547400 0.01980800 -0.00100000
v -0.03591200 0.01977300 -0.00100000
v -0.03591200 0.01977300 -0.00100000
v -0.03591200 0.01977300 -0.00100000
v -0.03569300 0.01979000 -0.00100000
v -0.03569300 0.01979000 -0.00100000
v -0.03569300 0.01979000 -0.00100000
v -0.03606300 0.01974700 -0.00100000
v -0.03606300 0.01974700 -0.00100000
v -0.03606300 0.01974700 -0.00100000
v -0.03591200 0.01977300 0.00000000
v -0.03606300 0.01974700 0.00000000
v -0.03622900 0.01970200 -0.00100000
v -0.03622900 0.01970200 -0.00100000
v -0.03622900 0.01970200 -0.00100000
v -0.03622900 0.01970200 -0.00100000
v -0.03614600 0.01972500 -0.00100000
v -0.03614600 0.01972500 -0.00100000
v -0.03614600 0.01972500 -0.00100000
v -0.03614600 0.01972500 -0.00100000
v -0.03627900 0.01968200 -0.00100000
v -0.03627900 0.01968200 -0.00100000
v -0.03627900 0.01968200 -0.00100000
v -0.03640500 0.01986800 -0.00100000
v -0.03640500 0.01986800 -0.00100000
v -0.03640500 0.01986800 -0.00100000
v -0.03629500 0.01990800 -0.00100000
v -0.03629500 0.01990800 -0.00100000
v -0.03629500 0.01990800 -0.00100000
v -0.03635600 0.01990500 -0.00100000
v -0.03635600 0.01990500 -0.00100000
v -0.03635600 0.01990500 -0.00100000
v -0.03635600 0.01990500 -0.00100000
v -0.03639400 0.01991800 -0.00100000
v -0.03639400 0.01991800 -0.00100000
v -0.03639400 0.01991800 -0.00100000
v -0.03639400 0.01991800 -0.00100000
v -0.03640800 0.01992600 -0.00100000
v -0.03640800 0.01992600 -0.00100000
v -0.03640800 0.01992600 -0.00100000
v -0.03642200 0.01992800 -0.00100000
v -0.03642200 0.01992800 -0.00100000
v -0.03642200 0.01992800 -0.00100000
v -0.03642200 0.01992800 -0.00100000
v -0.03642700 0.01992700 -0.00100000
v -0.03642700 0.01992700 -0.00100000
v -0.03642700 0.01992700 -0.00100000
v -0.03643000 0.01992400 -0.00100000
v -0.03643000 0.01992400 -0.00100000
v -0.03643000 0.01992400 -0.00100000
v -0.03643000 0.01992400 -0.00100000
v -0.03643100 0.01991900 -0.00100000
v -0.03643100 0.01991900 -0.00100000
v -0.03643100 0.01991900 -0.00100000
v -0.03643000 0.01991300 -0.00100000
v -0.03643000 0.01991300 -0.00100000
v -0.03643000 0.01991300 -0.00100000
v -0.03643000 0.01991300 -0.00100000
v -0.03642500 0.01990000 -0.00100000
v -0.03642500 0.01990000 -0.00100000
v -0.03642500 0.01990000 -0.00100000
v -0.03613400 0.01991300 -0.00100000
v -0.03613400 0.01991300 -0.00100000
v -0.03613400 0.01991300 -0.00100000
v -0.03629500 0.01990800 0.00000000
v -0.03613400 0.01991300 0.00000000
v -0.03613400 0.01991300 0.00000000
v -0.03549900 0.01998900 -0.00100000
v -0.03549900 0.01998900 -0.00100000
v -0.03549900 0.01998900 -0.00100000
v -0.03549900 0.01998900 0.00000000
v -0.03544900 0.02003400 -0.00100000
v -0.03544900 0.02003400 -0.00100000
v -0.03544900 0.02003400 -0.00100000
v -0.03544900 0.02003400 -0.00100000
v -0.03540900 0.02007500 -0.00100000
v -0.03540900 0.02007500 -0.00100000
v -0.03540900 0.02007500 -0.00100000
v -0.03534800 0.01999900 -0.00100000
v -0.03534800 0.01999900 -0.00100000
v -0.03534800 0.01999900 -0.00100000
v -0.03534800 0.01999900 -0.00100000
v -0.03537800 0.02003700 -0.00100000
v -0.03537800 0.02003700 -0.00100000
v -0.03537800 0.02003700 -0.00100000
v -0.03525200 0.01987800 -0.00100000
v -0.03525200 0.01987800 -0.00100000
v -0.03525200 0.01987800 -0.00100000
v -0.03528800 0.01977300 -0.00100000
v -0.03528800 0.01977300 -0.00100000
v -0.03528800 0.01977300 -0.00100000
v -0.03528800 0.01977300 -0.00100000
v -0.03524300 0.01981000 -0.00100000
v -0.03524300 0.01981000 -0.00100000
v -0.03524300 0.01981000 -0.00100000
v -0.03523500 0.01982000 -0.00100000
v -0.03523500 0.01982000 -0.00100000
v -0.03523500 0.01982000 -0.00100000
v -0.03523500 0.01982000 -0.00100000
v -0.03523000 0.01983100 -0.00100000
v -0.03523000 0.01983100 -0.00100000
v -0.03523000 0.01983100 -0.00100000
v -0.03523100 0.01984300 -0.00100000
v -0.03523100 0.01984300 -0.00100000
v -0.03523100 0.01984300 -0.00100000
v -0.03523400 0.01985100 -0.00100000
v -0.03523400 0.01985100 -0.00100000
v -0.03523400 0.01985100 -0.00100000
v -0.03534300 0.01972700 -0.00100000
v -0.03534300 0.01972700 -0.00100000
v -0.03534300 0.01972700 -0.00100000
v -0.03561500 0.01908800 -0.00100000
v -0.03561500 0.01908800 -0.00100000
v -0.03561500 0.01908800 -0.00100000
v -0.03547300 0.01940500 -0.00100000
v -0.03547300 0.01940500 -0.00100000
v -0.03547300 0.01940500 -0.00100000
v -0.03576600 0.01880100 -0.00100000
v -0.03576600 0.01880100 -0.00100000
v -0.03576600 0.01880100 -0.00100000
v -0.03561500 0.01908800 0.00000000
v -0.03576600 0.01880100 0.00000000
v -0.03519200 0.01780400 -0.00100000
v -0.03519200 0.01780400 -0.00100000
v -0.03519200 0.01780400 -0.00100000
v -0.03524800 0.01831600 -0.00100000
v -0.03524800 0.01831600 -0.00100000
v -0.03524800 0.01831600 -0.00100000
v -0.03543700 0.01869200 -0.00100000
v -0.03543700 0.01869200 -0.00100000
v -0.03543700 0.01869200 -0.00100000
v -0.03543700 0.01869200 -0.00100000
v -0.03557200 0.01878900 -0.00100000
v -0.03557200 0.01878900 -0.00100000
v -0.03557200 0.01878900 -0.00100000
v -0.03579600 0.01679200 -0.00100000
v -0.03579600 0.01679200 -0.00100000
v -0.03579600 0.01679200 -0.00100000
v -0.03567200 0.01680500 -0.00100000
v -0.03567200 0.01680500 -0.00100000
v -0.03567200 0.01680500 -0.00100000
v -0.03549200 0.01689500 -0.00100000
v -0.03549200 0.01689500 -0.00100000
v -0.03549200 0.01689500 -0.00100000
v -0.03530800 0.01716200 -0.00100000
v -0.03530800 0.01716200 -0.00100000
v -0.03530800 0.01716200 -0.00100000
v -0.03638500 0.01757200 -0.00100000
v -0.03638500 0.01757200 -0.00100000
v -0.03638500 0.01757200 -0.00100000
v -0.03630700 0.01714100 -0.00100000
v -0.03630700 0.01714100 -0.00100000
v -0.03630700 0.01714100 -0.00100000
v -0.03613800 0.01689600 -0.00100000
v -0.03613800 0.01689600 -0.00100000
v -0.03613800 0.01689600 -0.00100000
v -0.03603800 0.01682900 -0.00100000
v -0.03603800 0.01682900 -0.00100000
v -0.03603800 0.01682900 -0.00100000
v -0.03639000 0.01776900 -0.00100000
v -0.03639000 0.01776900 -0.00100000
v -0.03639000 0.01776900 -0.00100000
v -0.03638500 0.01757200 0.00000000
v -0.03639000 0.01776900 0.00000000
v -0.03633500 0.01776900 -0.00100000
v -0.03633500 0.01776900 -0.00100000
v -0.03633500 0.01776900 -0.00100000
v -0.03580600 0.01697800 -0.00100000
v -0.03580600 0.01697800 -0.00100000
v -0.03580600 0.01697800 -0.00100000
v -0.03596300 0.01699700 -0.00100000
v -0.03596300 0.01699700 -0.00100000
v -0.03596300 0.01699700 -0.00100000
v -0.03608800 0.01706600 -0.00100000
v -0.03608800 0.01706600 -0.00100000
v -0.03608800 0.01706600 -0.00100000
v -0.03622400 0.01725000 -0.00100000
v -0.03622400 0.01725000 -0.00100000
v -0.03622400 0.01725000 -0.00100000
v -0.03534800 0.01807600 -0.00100000
v -0.03534800 0.01807600 -0.00100000
v -0.03534800 0.01807600 -0.00100000
v -0.03534800 0.01760700 -0.00100000
v -0.03534800 0.01760700 -0.00100000
v -0.03534800 0.01760700 -0.00100000
v -0.03547200 0.01717000 -0.00100000
v -0.03547200 0.01717000 -0.00100000
v -0.03547200 0.01717000 -0.00100000
v -0.03547200 0.01717000 -0.00100000
v -0.03560100 0.01703800 -0.00100000
v -0.03560100 0.01703800 -0.00100000
v -0.03560100 0.01703800 -0.00100000
v -0.03572100 0.01864900 -0.00100000
v -0.03572100 0.01864900 -0.00100000
v -0.03572100 0.01864900 -0.00100000
v -0.03566500 0.01864800 -0.00100000
v -0.03566500 0.01864800 -0.00100000
v -0.03566500 0.01864800 -0.00100000
v -0.03558000 0.01860200 -0.00100000
v -0.03558000 0.01860200 -0.00100000
v -0.03558000 0.01860200 -0.00100000
v -0.03544900 0.01843100 -0.00100000
v -0.03544900 0.01843100 -0.00100000
v -0.03544900 0.01843100 -0.00100000
v -0.03580100 0.01864000 -0.00100000
v -0.03580100 0.01864000 -0.00100000
v -0.03580100 0.01864000 -0.00100000
v -0.03583600 0.01857400 -0.00100000
v -0.03583600 0.01857400 -0.00100000
v -0.03583600 0.01857400 -0.00100000
v -0.03591200 0.01856400 -0.00100000
v -0.03591200 0.01856400 -0.00100000
v -0.03591200 0.01856400 -0.00100000
v -0.03590300 0.01854600 -0.00100000
v -0.03590300 0.01854600 -0.00100000
v -0.03590300 0.01854600 -0.00100000
v -0.03588800 0.01851900 -0.00100000
v -0.03588800 0.01851900 -0.00100000
v -0.03588800 0.01851900 -0.00100000
v -0.03588800 0.01851900 -0.00100000
v -0.03588300 0.01851500 -0.00100000
v -0.03588300 0.01851500 -0.00100000
v -0.03588300 0.01851500 -0.00100000
v -0.03588300 0.01851500 -0.00100000
v -0.03588300 0.01851500 -0.00100000
v -0.03587900 0.01851400 -0.00100000
v -0.03587900 0.01851400 -0.00100000
v -0.03587900 0.01851400 -0.00100000
v -0.03587900 0.01851400 -0.00100000
v -0.03587600 0.01851400 -0.00100000
v -0.03587600 0.01851400 -0.00100000
v -0.03587600 0.01851400 -0.00100000
v -0.03587600 0.01851400 -0.00100000
v -0.03587300 0.01851600 -0.00100000
v -0.03587300 0.01851600 -0.00100000
v -0.03587300 0.01851600 -0.00100000
v -0.03587300 0.01851600 -0.00100000
v -0.03587300 0.01851600 -0.00100000
v -0.03599300 0.01872000 -0.00100000
v -0.03599300 0.01872000 -0.00100000
v -0.03599300 0.01872000 -0.00100000
v -0.03600200 0.01877000 -0.00100000
v -0.03600200 0.01877000 -0.00100000
v -0.03600200 0.01877000 -0.00100000
v -0.03600500 0.01874400 -0.00100000
v -0.03600500 0.01874400 -0.00100000
v -0.03600500 0.01874400 -0.00100000
vn -1.00000000 -0.00000000 -0.00000000
vn -0.98080000 -0.19510000 -0.00000000
vn -0.00000000 -0.00000000 1.00000000
vn -0.98770000 -0.15640000 -0.00000000
vn -0.00000000 1.00000000 -0.00000000
vn -0.00000000 -1.00000000 -0.00000000
vn -0.00000000 -0.00000000 1.00000000
vn -1.00000000 -0.00000000 -0.00000000
vn -0.98080000 -0.19510000 -0.00000000
vn -1.00000000 -0.00000000 -0.00000000
vn -0.98770000 -0.15640000 -0.00000000
vn -0.00000000 -0.00000000 -1.00000000
vn -0.00000000 -1.00000000 -0.00000000
vn -1.00000000 -0.00000000 -0.00000000
vn -0.00000000 1.00000000 -0.00000000
vn -0.00000000 -0.00000000 -1.00000000
vn -0.00000000 -0.00000000 -1.00000000
vn -0.98770000 -0.15640000 -0.00000000
vn -0.89100000 -0.45400000 -0.00000000
vn -0.98770000 -0.15640000 -0.00000000
vn -0.00000000 -0.00000000 1.00000000
vn -0.89100000 -0.45400000 -0.00000000
vn -0.00000000 -0.00000000 -1.00000000
vn -0.89100000 -0.45400000 -0.00000000
vn -0.70710000 -0.70710000 -0.00000000
vn -0.70710000 -0.70710000 -0.00000000
vn -0.89100000 -0.45400000 -0.00000000
vn -0.00000000 -0.00000000 1.00000000
vn -0.70710000 -0.70710000 -0.00000000
vn -0.45400000 -0.89100000 -0.00000000
vn -0.00000000 -0.00000000 -1.00000000
vn -0.70710000 -0.70710000 -0.00000000
vn -0.00000000 -0.00000000 1.00000000
vn -0.45400000 -0.89100000 -0.00000000
vn -0.15640000 -0.98770000 -0.00000000
vn -0.45400000 -0.89100000 -0.00000000
vn -0.00000000 -0.00000000 -1.00000000
vn -0.15640000 -0.98770000 -0.00000000
vn -0.45400000 -0.89100000 -0.00000000
vn -0.00000000 -0.00000000 1.00000000
vn -0.00000000 -1.00000000 -0.00000000
vn -0.19510000 -0.98080000 -0.00000000
vn -0.15640000 -0.98770000 -0.00000000
vn -0.00000000 -0.00000000 -1.00000000
vn -0.00000000 -1.00000000 -0.00000000
vn -0.19510000 -0.98080000 -0.00000000
vn -0.15640000 -0.98770000 -0.00000000
vn -0.00000000 -0.00000000 1.00000000
vn 0.15640000 -0.98770000 -0.00000000
vn 0.19510000 -0.98080000 -0.00000000
vn -0.00000000 -1.00000000 -0.00000000
vn -0.00000000 -0.00000000 1.00000000
vn 0.19510000 -0.98080000 -0.00000000
vn 0.15640000 -0.98770000 -0.00000000
vn -0.00000000 -0.00000000 -1.00000000
vn -0.00000000 -1.00000000 -0.00000000
vn 0.45400000 -0.89100000 -0.00000000
vn -0.00000000 -0.00000000 -1.00000000
vn 0.15640000 -0.98770000 -0.00000000
vn 0.45400000 -0.89100000 -0.00000000
vn 0.15640000 -0.98770000 -0.00000000
vn -0.00000000 -0.00000000 1.00000000
vn 0.70710000 -0.70710000 -0.00000000
vn -0.00000000 -0.00000000 -1.00000000
vn 0.45400000 -0.89100000 -0.00000000
vn -0.00000000 -0.00000000 1.00000000
vn 0.70710000 -0.70710000 -0.00000000
vn 0.45400000 -0.89100000 -0.00000000
vn 0.89100000 -0.45400000 -0.00000000
vn 0.70710000 -0.70710000 -0.00000000
vn -0.00000000 -0.00000000 -1.00000000
vn 0.70710000 -0.70710000 -0.00000000
vn -0.00000000 -0.00000000 1.00000000
vn 0.89100000 -0.45400000 -0.00000000
vn 0.98770000 -0.15640000 -0.00000000
vn -0.00000000 -0.00000000 -1.00000000
vn 0.89100000 -0.45400000 -0.00000000
vn -0.00000000 -0.00000000 1.00000000
vn 0.89100000 -0.45400000 -0.00000000
vn 0.98770000 -0.15640000 -0.00000000
vn 1.00000000 -0.00000000 -0.00000000
vn -0.00000000 -0.00000000 -1.00000000
vn 0.98080000 -0.19510000 -0.00000000
vn 0.98770000 -0.15640000 -0.00000000
vn 0.98770000 -0.15640000 -0.00000000
vn 1.00000000 -0.00000000 -0.00000000
vn 0.98080000 -0.19510000 -0.00000000
vn -0.00000000 -0.00000000 1.00000000
vn -0.00000000 -1.00000000 -0.00000000
vn -0.00000000 -0.00000000 1.00000000
vn 1.00000000 -0.00000000 -0.00000000
vn -0.00000000 1.00000000 -0.00000000
vn 1.00000000 -0.00000000 -0.00000000
vn -0.00000000 -0.00000000 -1.00000000
vn -0.00000000 1.00000000 -0.00000000
vn -0.00000000 -1.00000000 -0.00000000
vn -0.63110000 -0.77570000 -0.00000000
vn -0.00000000 -0.00000000 1.00000000
vn -0.39840000 -0.91720000 -0.00000000
vn -0.00000000 -0.00000000 1.00000000
vn -0.63110000 -0.77570000 -0.00000000
vn -0.81700000 -0.57670000 -0.00000000
vn 0.81700000 -0.57670000 -0.00000000
vn 0.94230000 -0.33490000 -0.00000000
vn -0.00000000 -0.00000000 1.00000000
vn 0.63110000 -0.77570000 -0.00000000
vn 0.81700000 -0.57670000 -0.00000000
vn -0.00000000 -0.00000000 1.00000000
vn 0.39840000 -0.91720000 -0.00000000
vn 0.63110000 -0.77570000 -0.00000000
vn -0.00000000 -0.00000000 1.00000000
vn -0.00000000 -0.00000000 1.00000000
vn 0.39840000 -0.91720000 -0.00000000
vn 0.13620000 -0.99070000 -0.00000000
vn -0.00000000 -0.00000000 1.00000000
vn 0.13620000 -0.99070000 -0.00000000
vn 0.25880000 -0.96590000 -0.00000000
vn -0.25880000 -0.96590000 -0.00000000
vn -0.13620000 -0.99070000 -0.00000000
vn -0.13620000 -0.99070000 -0.00000000
vn -0.00000000 -0.00000000 1.00000000
vn -0.39840000 -0.91720000 -0.00000000
vn -0.81700000 -0.57670000 -0.00000000
vn -0.94230000 -0.33490000 -0.00000000
vn -0.00000000 -0.00000000 1.00000000
vn -0.94230000 -0.33490000 -0.00000000
vn -0.99770000 -0.06820000 -0.00000000
vn -0.00000000 -0.00000000 1.00000000
vn -0.97910000 0.20350000 -0.00000000
vn -0.99770000 -0.06820000 -0.00000000
vn -0.00000000 -0.00000000 1.00000000
vn 0.88790000 0.46010000 -0.00000000
vn -0.00000000 -0.00000000 1.00000000
vn 0.73080000 0.68260000 -0.00000000
vn 0.73080000 0.68260000 -0.00000000
vn -0.00000000 -0.00000000 1.00000000
vn 0.51960000 0.85440000 -0.00000000
vn -0.00000000 -0.00000000 1.00000000
vn 0.51960000 0.85440000 -0.00000000
vn 0.26980000 0.96290000 -0.00000000
vn -0.26980000 0.96290000 -0.00000000
vn -0.00000000 -0.00000000 1.00000000
vn -0.51960000 0.85440000 -0.00000000
vn -0.26980000 0.96290000 -0.00000000
vn -0.06820000 0.99770000 -0.00000000
vn -0.00000000 -0.00000000 1.00000000
vn -0.25880000 0.96590000 -0.00000000
vn 0.06820000 0.99770000 -0.00000000
vn -0.00000000 1.00000000 0.00330000
vn -0.06820000 0.99770000 -0.00000000
vn 0.25880000 0.96590000 -0.00000000
vn -0.00000000 -0.00000000 1.00000000
vn 0.26980000 0.96290000 -0.00000000
vn -0.00000000 -0.00000000 1.00000000
vn 0.06820000 0.99770000 -0.00000000
vn -0.00000000 -0.00000000 1.00000000
vn 0.88790000 0.46010000 -0.00000000
vn 0.97910000 0.20350000 -0.00000000
vn 0.99770000 -0.06820000 -0.00000000
vn -0.00000000 -0.00000000 1.00000000
vn 0.97910000 0.20350000 -0.00000000
vn 0.94230000 -0.33490000 -0.00000000
vn 0.99770000 -0.06820000 -0.00000000
vn -0.00000000 -0.00000000 1.00000000
vn -0.73080000 0.68250000 -0.00000000
vn -0.51960000 0.85440000 -0.00000000
vn -0.00000000 -0.00000000 1.00000000
vn -0.73080000 0.68260000 -0.00000000
vn -0.00000000 -0.00000000 1.00000000
vn -0.88790000 0.46010000 -0.00000000
vn -0.97910000 0.20350000 -0.00000000
vn -0.00000000 -0.00000000 1.00000000
vn -0.73080000 0.68250000 -0.00000000
vn -0.88790000 0.46010000 -0.00000000
vn -0.00000000 -0.00000000 -1.00000000
vn 0.63110000 -0.77570000 -0.00000000
vn 0.39840000 -0.91720000 -0.00000000
vn -0.00000000 -0.00000000 -1.00000000
vn 0.63110000 -0.77570000 -0.00000000
vn 0.81700000 -0.57670000 -0.00000000
vn -0.00000000 -0.00000000 -1.00000000
vn -0.94230000 -0.33490000 -0.00000000
vn -0.99770000 -0.06820000 -0.00000000
vn -0.00000000 -0.00000000 -1.00000000
vn -0.94230000 -0.33490000 -0.00000000
vn -0.81700000 -0.57670000 -0.00000000
vn -0.81700000 -0.57670000 -0.00000000
vn -0.63110000 -0.77570000 -0.00000000
vn -0.00000000 -0.00000000 -1.00000000
vn -0.63110000 -0.77570000 -0.00000000
vn -0.00000000 -0.00000000 -1.00000000
vn -0.39840000 -0.91720000 -0.00000000
vn -0.00000000 -0.00000000 -1.00000000
vn -0.39840000 -0.91720000 -0.00000000
vn -0.13620000 -0.99070000 -0.00000000
vn 0.13620000 -0.99070000 -0.00000000
vn -0.00000000 -0.00000000 -1.00000000
vn -0.13620000 -0.99070000 -0.00000000
vn 0.25880000 -0.96590000 -0.00000000
vn -0.25880000 -0.96590000 -0.00000000
vn 0.39840000 -0.91720000 -0.00000000
vn 0.13620000 -0.99070000 -0.00000000
vn -0.00000000 -0.00000000 -1.00000000
vn 0.94230000 -0.33490000 -0.00000000
vn -0.00000000 -0.00000000 -1.00000000
vn 0.81700000 -0.57670000 -0.00000000
vn 0.94230000 -0.33490000 -0.00000000
vn 0.99770000 -0.06820000 -0.00000000
vn -0.00000000 -0.00000000 -1.00000000
vn -0.00000000 -0.00000000 -1.00000000
vn 0.99770000 -0.06820000 -0.00000000
vn 0.97910000 0.20350000 -0.00000000
vn -0.26980000 0.96290000 -0.00000000
vn -0.00000000 -0.00000000 -1.00000000
vn -0.06820000 0.99770000 -0.00000000
vn -0.00000000 1.00000000 0.00330000
vn -0.00000000 1.00000000 0.00330000
vn -0.00000000 -0.00000000 -1.00000000
vn 0.26980000 0.96290000 -0.00000000
vn 0.06820000 0.99770000 -0.00000000
vn -0.00000000 -0.00000000 -1.00000000
vn 0.26980000 0.96290000 -0.00000000
vn 0.51960000 0.85440000 -0.00000000
vn -0.00000000 -0.00000000 -1.00000000
vn -0.99770000 -0.06820000 -0.00000000
vn -0.97910000 0.20350000 -0.00000000
vn -0.97910000 0.20350000 -0.00000000
vn -0.88790000 0.46010000 -0.00000000
vn -0.00000000 -0.00000000 -1.00000000
vn 0.51960000 0.85440000 -0.00000000
vn -0.00000000 -0.00000000 -1.00000000
vn 0.73080000 0.68260000 -0.00000000
vn 0.97910000 0.20350000 -0.00000000
vn -0.00000000 -0.00000000 -1.00000000
vn 0.88790000 0.46010000 -0.00000000
vn 0.73080000 0.68260000 -0.00000000
vn -0.00000000 -0.00000000 -1.00000000
vn 0.88790000 0.46010000 -0.00000000
vn -0.00000000 -0.00000000 -1.00000000
vn -0.51960000 0.85440000 -0.00000000
vn -0.26980000 0.96290000 -0.00000000
vn -0.00000000 -0.00000000 -1.00000000
vn -0.73080000 0.68260000 -0.00000000
vn -0.51960000 0.85440000 -0.00000000
vn -0.88790000 0.46010000 -0.00000000
vn -0.00000000 -0.00000000 -1.00000000
vn -0.73080000 0.68250000 -0.00000000
vn -0.73080000 0.68260000 -0.00000000
vn 1.00000000 -0.00000000 -0.00000000
vn -0.00000000 -0.00000000 1.00000000
vn 0.98080000 0.19510000 -0.00000000
vn 0.98770000 0.15640000 -0.00000000
vn 1.00000000 -0.00000000 -0.00000000
vn -0.00000000 -0.00000000 -1.00000000
vn 0.98080000 0.19510000 -0.00000000
vn 0.98770000 0.15640000 -0.00000000
vn 0.98770000 0.15640000 -0.00000000
vn -0.00000000 -0.00000000 -1.00000000
vn 0.89100000 0.45400000 -0.00000000
vn 0.98770000 0.15640000 -0.00000000
vn -0.00000000 -0.00000000 1.00000000
vn 0.89100000 0.45400000 -0.00000000
vn -0.00000000 -0.00000000 -1.00000000
vn 0.89100000 0.45400000 -0.00000000
vn 0.70710000 0.70710000 -0.00000000
vn -0.00000000 -0.00000000 1.00000000
vn 0.89100000 0.45400000 -0.00000000
vn 0.70710000 0.70710000 -0.00000000
vn -0.00000000 -0.00000000 -1.00000000
vn 0.45400000 0.89100000 -0.00000000
vn 0.70710000 0.70710000 -0.00000000
vn 0.70710000 0.70710000 -0.00000000
vn -0.00000000 -0.00000000 1.00000000
vn 0.45400000 0.89100000 -0.00000000
vn 0.15640000 0.98770000 -0.00000000
vn 0.45400000 0.89100000 -0.00000000
vn -0.00000000 -0.00000000 -1.00000000
vn -0.00000000 -0.00000000 1.00000000
vn 0.45400000 0.89100000 -0.00000000
vn 0.15640000 0.98770000 -0.00000000
vn 0.15640000 0.98770000 -0.00000000
vn -0.00000000 1.00000000 -0.00000000
vn -0.00000000 -0.00000000 -1.00000000
vn 0.19510000 0.98080000 -0.00000000
vn -0.00000000 1.00000000 -0.00000000
vn 0.15640000 0.98770000 -0.00000000
vn 0.19510000 0.98080000 -0.00000000
vn -0.00000000 -0.00000000 1.00000000
vn -0.15640000 0.98770000 -0.00000000
vn -0.00000000 -0.00000000 1.00000000
vn -0.00000000 1.00000000 -0.00000000
vn -0.19510000 0.98080000 -0.00000000
vn -0.19510000 0.98080000 -0.00000000
vn -0.00000000 1.00000000 -0.00000000
vn -0.00000000 -0.00000000 -1.00000000
vn -0.15640000 0.98770000 -0.00000000
vn -0.15640000 0.98770000 -0.00000000
vn -0.00000000 -0.00000000 -1.00000000
vn -0.45400000 0.89100000 -0.00000000
vn -0.00000000 -0.00000000 1.00000000
vn -0.15640000 0.98770000 -0.00000000
vn -0.45400000 0.89100000 -0.00000000
vn -0.00000000 -0.00000000 -1.00000000
vn -0.45400000 0.89100000 -0.00000000
vn -0.70710000 0.70710000 -0.00000000
vn -0.45400000 0.89100000 -0.00000000
vn -0.00000000 -0.00000000 1.00000000
vn -0.70710000 0.70710000 -0.00000000
vn -0.89100000 0.45400000 -0.00000000
vn -0.00000000 -0.00000000 -1.00000000
vn -0.70710000 0.70710000 -0.00000000
vn -0.89100000 0.45400000 -0.00000000
vn -0.70710000 0.70710000 -0.00000000
vn -0.00000000 -0.00000000 1.00000000
vn -0.98770000 0.15640000 -0.00000000
vn -0.89100000 0.45400000 -0.00000000
vn -0.00000000 -0.00000000 -1.00000000
vn -0.00000000 -0.00000000 1.00000000
vn -0.98770000 0.15640000 -0.00000000
vn -0.89100000 0.45400000 -0.00000000
vn -0.98770000 0.15640000 -0.00000000
vn -0.00000000 -0.00000000 -1.00000000
vn -0.98080000 0.19510000 -0.00000000
vn -1.00000000 -0.00000000 -0.00000000
vn -0.98080000 0.19510000 -0.00000000
vn -0.98770000 0.15640000 -0.00000000
vn -0.00000000 -0.00000000 1.00000000
vn -1.00000000 -0.00000000 -0.00000000
vn -1.00000000 -0.00000000 -0.00000000
vn -0.00000000 1.00000000 -0.00000000
vn -0.00000000 -0.00000000 1.00000000
vn -0.00000000 -1.00000000 -0.00000000
vn -0.00000000 -1.00000000 -0.00000000
vn -0.00000000 -0.00000000 -1.00000000
vn -1.00000000 -0.00000000 -0.00000000
vn -0.00000000 1.00000000 -0.00000000
vn -0.00000000 -0.00000000 1.00000000
vn -0.00000000 -1.00000000 -0.00000000
vn -0.00000000 1.00000000 -0.00000000
vn 1.00000000 -0.00000000 -0.00000000
vn -0.00000000 1.00000000 -0.00000000
vn -0.00000000 -0.00000000 -1.00000000
vn -0.00000000 -1.00000000 -0.00000000
vn 1.00000000 -0.00000000 -0.00000000
vn -0.00000000 -0.00000000 1.00000000
vn 0.63110000 0.77570000 -0.00000000
vn 0.39840000 0.91720000 -0.00000000
vn 0.81700000 0.57670000 -0.00000000
vn 0.63110000 0.77570000 -0.00000000
vn -0.00000000 -0.00000000 1.00000000
vn -0.63110000 0.77570000 -0.00000000
vn -0.39840000 0.91720000 -0.00000000
vn -0.00000000 -0.00000000 1.00000000
vn -0.13620000 0.99070000 -0.00000000
vn -0.39840000 0.91720000 -0.00000000
vn -0.00000000 -0.00000000 1.00000000
vn -0.25880000 0.96590000 -0.00000000
vn -0.00000000 -0.00000000 1.00000000
vn -0.13620000 0.99070000 -0.00000000
vn 0.25880000 0.96590000 -0.00000000
vn 0.13620000 0.99070000 -0.00000000
vn -0.00000000 -0.00000000 1.00000000
vn 0.39840000 0.91720000 -0.00000000
vn 0.13620000 0.99070000 -0.00000000
vn -0.99770000 0.06820000 -0.00000000
vn -0.94230000 0.33490000 -0.00000000
vn -0.00000000 -0.00000000 1.00000000
vn -0.94230000 0.33490000 -0.00000000
vn -0.00000000 -0.00000000 1.00000000
vn -0.81700000 0.57670000 -0.00000000
vn -0.81700000 0.57670000 -0.00000000
vn -0.63110000 0.77570000 -0.00000000
vn -0.00000000 -0.00000000 1.00000000
vn 0.94230000 0.33490000 -0.00000000
vn -0.00000000 -0.00000000 1.00000000
vn 0.81700000 0.57670000 -0.00000000
vn 0.94230000 0.33490000 -0.00000000
vn 0.99770000 0.06820000 -0.00000000
vn -0.00000000 -0.00000000 1.00000000
vn 0.99770000 0.06820000 -0.00000000
vn -0.00000000 -0.00000000 1.00000000
vn 0.97910000 -0.20350000 -0.00000000
vn -0.06820000 -0.99770000 -0.00000000
vn -0.26980000 -0.96290000 -0.00000000
vn -0.00000000 -0.00000000 1.00000000
vn -0.51960000 -0.85440000 -0.00000000
vn -0.26980000 -0.96290000 -0.00000000
vn -0.00000000 -0.00000000 1.00000000
vn -0.73080000 -0.68260000 -0.00000000
vn -0.51960000 -0.85440000 -0.00000000
vn -0.00000000 -0.00000000 1.00000000
vn -0.97910000 -0.20350000 -0.00000000
vn -0.99770000 0.06820000 -0.00000000
vn -0.00000000 -0.00000000 1.00000000
vn -0.88790000 -0.46010000 -0.00000000
vn -0.97910000 -0.20350000 -0.00000000
vn -0.00000000 -0.00000000 1.00000000
vn -0.73080000 -0.68250000 -0.00000000
vn -0.00000000 -0.00000000 1.00000000
vn -0.88790000 -0.46010000 -0.00000000
vn -0.73080000 -0.68260000 -0.00000000
vn 0.51960000 -0.85440000 -0.00000000
vn 0.73080000 -0.68260000 -0.00000000
vn -0.00000000 -0.00000000 1.00000000
vn 0.97910000 -0.20350000 -0.00000000
vn 0.88790000 -0.46010000 -0.00000000
vn -0.00000000 -0.00000000 1.00000000
vn 0.73080000 -0.68260000 -0.00000000
vn 0.88790000 -0.46010000 -0.00000000
vn -0.00000000 -0.00000000 1.00000000
vn -0.00000000 -0.00000000 1.00000000
vn 0.51960000 -0.85440000 -0.00000000
vn 0.26980000 -0.96290000 -0.00000000
vn 0.26980000 -0.96290000 -0.00000000
vn -0.00000000 -0.00000000 1.00000000
vn 0.06820000 -0.99770000 -0.00000000
vn -0.00000000 -1.00000000 0.00330000
vn 0.25880000 -0.96590000 -0.00000000
vn 0.06820000 -0.99770000 -0.00000000
vn -0.06820000 -0.99770000 -0.00000000
vn -0.25880000 -0.96590000 -0.00000000
vn -0.00000000 -0.00000000 1.00000000
vn -0.63110000 0.77570000 -0.00000000
vn -0.00000000 -0.00000000 -1.00000000
vn -0.39840000 0.91720000 -0.00000000
vn -0.63110000 0.77570000 -0.00000000
vn -0.81700000 0.57670000 -0.00000000
vn -0.00000000 -0.00000000 -1.00000000
vn -0.00000000 -0.00000000 -1.00000000
vn 0.99770000 0.06820000 -0.00000000
vn 0.94230000 0.33490000 -0.00000000
vn 0.81700000 0.57670000 -0.00000000
vn -0.00000000 -0.00000000 -1.00000000
vn 0.94230000 0.33490000 -0.00000000
vn -0.00000000 -0.00000000 -1.00000000
vn 0.63110000 0.77570000 -0.00000000
vn 0.81700000 0.57670000 -0.00000000
vn 0.39840000 0.91720000 -0.00000000
vn 0.63110000 0.77570000 -0.00000000
vn -0.00000000 -0.00000000 -1.00000000
vn -0.00000000 -1.00000000 0.00330000
vn -0.00000000 -0.00000000 -1.00000000
vn 0.06820000 -0.99770000 -0.00000000
vn 0.26980000 -0.96290000 -0.00000000
vn -0.26980000 -0.96290000 -0.00000000
vn -0.00000000 -0.00000000 -1.00000000
vn -0.06820000 -0.99770000 -0.00000000
vn -0.00000000 -1.00000000 0.00330000
vn -0.00000000 -0.00000000 -1.00000000
vn -0.51960000 -0.85440000 -0.00000000
vn -0.26980000 -0.96290000 -0.00000000
vn -0.00000000 -0.00000000 -1.00000000
vn 0.39840000 0.91720000 -0.00000000
vn 0.13620000 0.99070000 -0.00000000
vn 0.13620000 0.99070000 -0.00000000
vn -0.00000000 -0.00000000 -1.00000000
vn -0.25880000 0.96590000 -0.00000000
vn -0.13620000 0.99070000 -0.00000000
vn 0.25880000 0.96590000 -0.00000000
vn -0.13620000 0.99070000 -0.00000000
vn -0.39840000 0.91720000 -0.00000000
vn -0.00000000 -0.00000000 -1.00000000
vn -0.00000000 -0.00000000 -1.00000000
vn 0.99770000 0.06820000 -0.00000000
vn 0.97910000 -0.20350000 -0.00000000
vn 0.97910000 -0.20350000 -0.00000000
vn -0.00000000 -0.00000000 -1.00000000
vn 0.88790000 -0.46010000 -0.00000000
vn -0.00000000 -0.00000000 -1.00000000
vn 0.51960000 -0.85440000 -0.00000000
vn 0.26980000 -0.96290000 -0.00000000
vn 0.73080000 -0.68260000 -0.00000000
vn -0.00000000 -0.00000000 -1.00000000
vn 0.51960000 -0.85440000 -0.00000000
vn -0.81700000 0.57670000 -0.00000000
vn -0.00000000 -0.00000000 -1.00000000
vn -0.94230000 0.33490000 -0.00000000
vn -0.94230000 0.33490000 -0.00000000
vn -0.99770000 0.06820000 -0.00000000
vn -0.00000000 -0.00000000 -1.00000000
vn -0.97910000 -0.20350000 -0.00000000
vn -0.00000000 -0.00000000 -1.00000000
vn -0.99770000 0.06820000 -0.00000000
vn 0.73080000 -0.68260000 -0.00000000
vn 0.88790000 -0.46010000 -0.00000000
vn -0.00000000 -0.00000000 -1.00000000
vn -0.00000000 -0.00000000 -1.00000000
vn -0.51960000 -0.85440000 -0.00000000
vn -0.73080000 -0.68250000 -0.00000000
vn -0.73080000 -0.68260000 -0.00000000
vn -0.97910000 -0.20350000 -0.00000000
vn -0.88790000 -0.46010000 -0.00000000
vn -0.00000000 -0.00000000 -1.00000000
vn -0.88790000 -0.46010000 -0.00000000
vn -0.00000000 -0.00000000 -1.00000000
vn -0.73080000 -0.68250000 -0.00000000
vn -0.00000000 -0.00000000 1.00000000
vn -0.98080000 -0.19510000 -0.00000000
vn -0.98770000 -0.15640000 -0.00000000
vn -1.00000000 -0.00000000 -0.00000000
vn -0.98770000 -0.15640000 -0.00000000
vn -1.00000000 -0.00000000 -0.00000000
vn -0.00000000 -0.00000000 -1.00000000
vn -0.98080000 -0.19510000 -0.00000000
vn -0.00000000 -0.00000000 -1.00000000
vn -0.98770000 -0.15640000 -0.00000000
vn -0.89100000 -0.45400000 -0.00000000
vn -0.98770000 -0.15640000 -0.00000000
vn -0.00000000 -0.00000000 1.00000000
vn -0.89100000 -0.45400000 -0.00000000
vn -0.70710000 -0.70710000 -0.00000000
vn -0.00000000 -0.00000000 -1.00000000
vn -0.89100000 -0.45400000 -0.00000000
vn -0.00000000 -0.00000000 1.00000000
vn -0.89100000 -0.45400000 -0.00000000
vn -0.70710000 -0.70710000 -0.00000000
vn -0.00000000 -0.00000000 -1.00000000
vn -0.70710000 -0.70710000 -0.00000000
vn -0.45400000 -0.89100000 -0.00000000
vn -0.70710000 -0.70710000 -0.00000000
vn -0.00000000 -0.00000000 1.00000000
vn -0.45400000 -0.89100000 -0.00000000
vn -0.00000000 -0.00000000 -1.00000000
vn -0.15640000 -0.98770000 -0.00000000
vn -0.45400000 -0.89100000 -0.00000000
vn -0.15640000 -0.98770000 -0.00000000
vn -0.00000000 -0.00000000 1.00000000
vn -0.45400000 -0.89100000 -0.00000000
vn -0.15640000 -0.98770000 -0.00000000
vn -0.00000000 -1.00000000 -0.00000000
vn -0.19510000 -0.98080000 -0.00000000
vn -0.00000000 -0.00000000 -1.00000000
vn -0.15640000 -0.98770000 -0.00000000
vn -0.00000000 -1.00000000 -0.00000000
vn -0.00000000 -0.00000000 1.00000000
vn -0.19510000 -0.98080000 -0.00000000
vn -0.00000000 -0.00000000 1.00000000
vn 0.15640000 -0.98770000 -0.00000000
vn -0.00000000 -1.00000000 -0.00000000
vn 0.19510000 -0.98080000 -0.00000000
vn -0.00000000 -1.00000000 -0.00000000
vn 0.15640000 -0.98770000 -0.00000000
vn 0.19510000 -0.98080000 -0.00000000
vn -0.00000000 -0.00000000 -1.00000000
vn 0.15640000 -0.98770000 -0.00000000
vn 0.45400000 -0.89100000 -0.00000000
vn -0.00000000 -0.00000000 -1.00000000
vn 0.15640000 -0.98770000 -0.00000000
vn -0.00000000 -0.00000000 1.00000000
vn 0.45400000 -0.89100000 -0.00000000
vn -0.00000000 -0.00000000 -1.00000000
vn 0.70710000 -0.70710000 -0.00000000
vn 0.45400000 -0.89100000 -0.00000000
vn -0.00000000 -0.00000000 1.00000000
vn 0.70710000 -0.70710000 -0.00000000
vn 0.45400000 -0.89100000 -0.00000000
vn 0.89100000 -0.45400000 -0.00000000
vn 0.70710000 -0.70710000 -0.00000000
vn -0.00000000 -0.00000000 -1.00000000
vn 0.89100000 -0.45400000 -0.00000000
vn 0.70710000 -0.70710000 -0.00000000
vn -0.00000000 -0.00000000 1.00000000
vn 0.89100000 -0.45400000 -0.00000000
vn 0.98770000 -0.15640000 -0.00000000
vn -0.00000000 -0.00000000 -1.00000000
vn -0.00000000 -0.00000000 1.00000000
vn 0.98770000 -0.15640000 -0.00000000
vn 0.89100000 -0.45400000 -0.00000000
vn -0.00000000 -0.00000000 -1.00000000
vn 1.00000000 -0.00000000 -0.00000000
vn 0.98080000 -0.19510000 -0.00000000
vn 0.98770000 -0.15640000 -0.00000000
vn -0.00000000 -0.00000000 1.00000000
vn 0.98770000 -0.15640000 -0.00000000
vn 1.00000000 -0.00000000 -0.00000000
vn 0.98080000 -0.19510000 -0.00000000
vn -0.00000000 1.00000000 -0.00000000
vn 1.00000000 -0.00000000 -0.00000000
vn -0.00000000 -1.00000000 -0.00000000
vn -0.00000000 -0.00000000 1.00000000
vn 1.00000000 -0.00000000 -0.00000000
vn -0.00000000 1.00000000 -0.00000000
vn -0.00000000 -0.00000000 -1.00000000
vn -0.00000000 -1.00000000 -0.00000000
vn -0.00000000 -0.00000000 1.00000000
vn -0.00000000 -1.00000000 -0.00000000
vn -0.00000000 1.00000000 -0.00000000
vn -1.00000000 -0.00000000 -0.00000000
vn -0.00000000 -1.00000000 -0.00000000
vn -0.00000000 1.00000000 -0.00000000
vn -0.00000000 -0.00000000 -1.00000000
vn -1.00000000 -0.00000000 -0.00000000
vn -0.39840000 -0.91720000 -0.00000000
vn -0.63110000 -0.77570000 -0.00000000
vn -0.00000000 -0.00000000 1.00000000
vn -0.81700000 -0.57670000 -0.00000000
vn -0.63110000 -0.77570000 -0.00000000
vn -0.00000000 -0.00000000 1.00000000
vn -0.00000000 -0.00000000 1.00000000
vn 0.39840000 -0.91720000 -0.00000000
vn 0.63110000 -0.77570000 -0.00000000
vn -0.00000000 -0.00000000 1.00000000
vn 0.39840000 -0.91720000 -0.00000000
vn 0.13620000 -0.99070000 -0.00000000
vn -0.00000000 -0.00000000 1.00000000
vn 0.25880000 -0.96590000 -0.00000000
vn 0.13620000 -0.99070000 -0.00000000
vn -0.25880000 -0.96590000 -0.00000000
vn -0.13620000 -0.99070000 -0.00000000
vn -0.00000000 -0.00000000 1.00000000
vn -0.13620000 -0.99070000 -0.00000000
vn -0.39840000 -0.91720000 -0.00000000
vn 0.26980000 0.96290000 -0.00000000
vn -0.00000000 1.00000000 -0.00000000
vn -0.00000000 -0.00000000 1.00000000
vn -0.26980000 0.96290000 -0.00000000
vn -0.00000000 -0.00000000 1.00000000
vn -0.00000000 1.00000000 -0.00000000
vn -0.51960000 0.85440000 -0.00000000
vn -0.26980000 0.96290000 -0.00000000
vn -0.00000000 -0.00000000 1.00000000
vn 0.99770000 -0.06820000 -0.00000000
vn -0.00000000 -0.00000000 1.00000000
vn 0.94230000 -0.33490000 -0.00000000
vn 0.81700000 -0.57670000 -0.00000000
vn 0.94230000 -0.33490000 -0.00000000
vn -0.00000000 -0.00000000 1.00000000
vn 0.81700000 -0.57670000 -0.00000000
vn 0.63110000 -0.77570000 -0.00000000
vn -0.00000000 -0.00000000 1.00000000
vn -0.94230000 -0.33490000 -0.00000000
vn -0.00000000 -0.00000000 1.00000000
vn -0.81700000 -0.57670000 -0.00000000
vn -0.99770000 -0.06820000 -0.00000000
vn -0.94230000 -0.33490000 -0.00000000
vn -0.00000000 -0.00000000 1.00000000
vn -0.97910000 0.20350000 -0.00000000
vn -0.99770000 -0.06820000 -0.00000000
vn -0.00000000 -0.00000000 1.00000000
vn 0.51960000 0.85440000 -0.00000000
vn -0.00000000 -0.00000000 1.00000000
vn 0.26980000 0.96290000 -0.00000000
vn -0.00000000 -0.00000000 1.00000000
vn 0.51960000 0.85440000 -0.00000000
vn 0.73080000 0.68260000 -0.00000000
vn -0.00000000 -0.00000000 1.00000000
vn 0.99770000 -0.06820000 -0.00000000
vn 0.97910000 0.20350000 -0.00000000
vn -0.00000000 -0.00000000 1.00000000
vn 0.88790000 0.46010000 -0.00000000
vn 0.97910000 0.20350000 -0.00000000
vn -0.51960000 0.85440000 -0.00000000
vn -0.00000000 -0.00000000 1.00000000
vn -0.73080000 0.68260000 -0.00000000
vn -0.88790000 0.46010000 -0.00000000
vn -0.97910000 0.20350000 -0.00000000
vn -0.00000000 -0.00000000 1.00000000
vn -0.88790000 0.46010000 -0.00000000
vn -0.00000000 -0.00000000 1.00000000
vn -0.73080000 0.68260000 -0.00000000
vn 0.88790000 0.46010000 -0.00000000
vn -0.00000000 -0.00000000 1.00000000
vn 0.73080000 0.68250000 -0.00000000
vn 0.73080000 0.68260000 -0.00000000
vn -0.00000000 -0.00000000 -1.00000000
vn 0.39840000 -0.91720000 -0.00000000
vn 0.63110000 -0.77570000 -0.00000000
vn 0.81700000 -0.57670000 -0.00000000
vn 0.63110000 -0.77570000 -0.00000000
vn -0.00000000 -0.00000000 -1.00000000
vn -0.94230000 -0.33490000 -0.00000000
vn -0.00000000 -0.00000000 -1.00000000
vn -0.99770000 -0.06820000 -0.00000000
vn -0.00000000 -0.00000000 -1.00000000
vn -0.94230000 -0.33490000 -0.00000000
vn -0.81700000 -0.57670000 -0.00000000
vn -0.63110000 -0.77570000 -0.00000000
vn -0.81700000 -0.57670000 -0.00000000
vn -0.00000000 -0.00000000 -1.00000000
vn -0.63110000 -0.77570000 -0.00000000
vn -0.00000000 -0.00000000 -1.00000000
vn -0.39840000 -0.91720000 -0.00000000
vn -0.39840000 -0.91720000 -0.00000000
vn -0.00000000 -0.00000000 -1.00000000
vn -0.13620000 -0.99070000 -0.00000000
vn 0.25880000 -0.96590000 -0.00000000
vn 0.13620000 -0.99070000 -0.00000000
vn -0.13620000 -0.99070000 -0.00000000
vn -0.00000000 -0.00000000 -1.00000000
vn -0.25880000 -0.96590000 -0.00000000
vn 0.39840000 -0.91720000 -0.00000000
vn 0.13620000 -0.99070000 -0.00000000
vn -0.00000000 -0.00000000 -1.00000000
vn 0.94230000 -0.33490000 -0.00000000
vn -0.00000000 -0.00000000 -1.00000000
vn 0.81700000 -0.57670000 -0.00000000
vn 0.94230000 -0.33490000 -0.00000000
vn 0.99770000 -0.06820000 -0.00000000
vn -0.00000000 -0.00000000 -1.00000000
vn 0.99770000 -0.06820000 -0.00000000
vn 0.97910000 0.20350000 -0.00000000
vn -0.00000000 -0.00000000 -1.00000000
vn -0.00000000 -0.00000000 -1.00000000
vn -0.00000000 1.00000000 -0.00000000
vn -0.26980000 0.96290000 -0.00000000
vn -0.00000000 1.00000000 -0.00000000
vn -0.00000000 -0.00000000 -1.00000000
vn 0.26980000 0.96290000 -0.00000000
vn -0.00000000 -0.00000000 -1.00000000
vn 0.26980000 0.96290000 -0.00000000
vn 0.51960000 0.85440000 -0.00000000
vn -0.97910000 0.20350000 -0.00000000
vn -0.00000000 -0.00000000 -1.00000000
vn -0.99770000 -0.06820000 -0.00000000
vn -0.97910000 0.20350000 -0.00000000
vn -0.00000000 -0.00000000 -1.00000000
vn -0.88790000 0.46010000 -0.00000000
vn 0.73080000 0.68260000 -0.00000000
vn 0.73080000 0.68250000 -0.00000000
vn -0.00000000 -0.00000000 -1.00000000
vn 0.51960000 0.85440000 -0.00000000
vn 0.97910000 0.20350000 -0.00000000
vn -0.00000000 -0.00000000 -1.00000000
vn 0.88790000 0.46010000 -0.00000000
vn -0.00000000 -0.00000000 -1.00000000
vn 0.88790000 0.46010000 -0.00000000
vn 0.73080000 0.68250000 -0.00000000
vn -0.00000000 -0.00000000 -1.00000000
vn -0.26980000 0.96290000 -0.00000000
vn -0.51960000 0.85440000 -0.00000000
vn -0.51960000 0.85440000 -0.00000000
vn -0.00000000 -0.00000000 -1.00000000
vn -0.73080000 0.68260000 -0.00000000
vn -0.88790000 0.46010000 -0.00000000
vn -0.00000000 -0.00000000 -1.00000000
vn -0.73080000 0.68260000 -0.00000000
vn 0.98770000 0.15640000 -0.00000000
vn 1.00000000 -0.00000000 -0.00000000
vn 0.98080000 0.19510000 -0.00000000
vn -0.00000000 -0.00000000 1.00000000
vn -0.00000000 -0.00000000 -1.00000000
vn 0.98080000 0.19510000 -0.00000000
vn 1.00000000 -0.00000000 -0.00000000
vn 0.98770000 0.15640000 -0.00000000
vn -0.00000000 -0.00010000 -1.00000000
vn 0.89100000 0.45400000 -0.00000000
vn 0.98770000 0.15640000 -0.00000000
vn -0.00000000 -0.00000000 -1.00000000
vn -0.00000000 -0.00000000 1.00000000
vn 0.98770000 0.15640000 -0.00000000
vn 0.89100000 0.45400000 -0.00000000
vn 0.70710000 0.70710000 -0.00000000
vn -0.00000000 -0.00000000 -1.00000000
vn 0.89100000 0.45400000 -0.00000000
vn -0.00000000 -0.00000000 1.00000000
vn 0.70710000 0.70710000 -0.00000000
vn 0.89100000 0.45400000 -0.00000000
vn 0.45400000 0.89100000 -0.00000000
vn 0.70710000 0.70710000 -0.00000000
vn -0.00000000 -0.00000000 -1.00000000
vn 0.45400000 0.89100000 -0.00000000
vn -0.00000000 -0.00000000 1.00000000
vn 0.70710000 0.70710000 -0.00000000
vn 0.15640000 0.98770000 -0.00000000
vn -0.00000000 -0.00000000 -1.00000000
vn 0.45400000 0.89100000 -0.00000000
vn -0.00000000 -0.00000000 1.00000000
vn 0.15640000 0.98770000 -0.00000000
vn 0.45400000 0.89100000 -0.00000000
vn 0.19510000 0.98080000 -0.00000000
vn -0.00000000 -0.00000000 -1.00000000
vn 0.15640000 0.98770000 -0.00000000
vn -0.00000000 1.00000000 -0.00000000
vn 0.15640000 0.98770000 -0.00000000
vn -0.00000000 -0.00000000 1.00000000
vn 0.19510000 0.98080000 -0.00000000
vn -0.00000000 1.00000000 -0.00000000
vn -0.00000000 1.00000000 -0.00000000
vn -0.19510000 0.98080000 -0.00000000
vn -0.15640000 0.98770000 -0.00000000
vn -0.00000000 -0.00000000 1.00000000
vn -0.19510000 0.98080000 -0.00000000
vn -0.00000000 1.00000000 -0.00000000
vn -0.15640000 0.98770000 -0.00000000
vn -0.00000000 -0.00000000 -1.00000000
vn -0.45400000 0.89100000 -0.00000000
vn -0.15640000 0.98770000 -0.00000000
vn -0.00000000 -0.00000000 -1.00000000
vn -0.00000000 -0.00000000 1.00000000
vn -0.15640000 0.98770000 -0.00000000
vn -0.45400000 0.89100000 -0.00000000
vn -0.45400000 0.89100000 -0.00000000
vn -0.70710000 0.70710000 -0.00000000
vn -0.00000000 -0.00000000 -1.00000000
vn -0.70710000 0.70710000 -0.00000000
vn -0.45400000 0.89100000 -0.00000000
vn -0.00000000 -0.00000000 1.00000000
vn -0.70710000 0.70710000 -0.00000000
vn -0.89100000 0.45400000 -0.00000000
vn -0.00000000 -0.00000000 -1.00000000
vn -0.89100000 0.45400000 -0.00000000
vn -0.00000000 -0.00000000 1.00000000
vn -0.70710000 0.70710000 -0.00000000
vn -0.00000000 -0.00000000 -1.00000000
vn -0.89100000 0.45400000 -0.00000000
vn -0.98770000 0.15640000 -0.00000000
vn -0.98770000 0.15640000 -0.00000000
vn -0.89100000 0.45400000 -0.00000000
vn -0.00000000 -0.00000000 1.00000000
vn -0.98770000 0.15640000 -0.00000000
vn -0.00000000 -0.00000000 -1.00000000
vn -1.00000000 -0.00000000 -0.00000000
vn -0.98080000 0.19510000 -0.00000000
vn -1.00000000 -0.00000000 -0.00000000
vn -0.00000000 -0.00000000 1.00000000
vn -0.98080000 0.19510000 -0.00000000
vn -0.98770000 0.15640000 -0.00000000
vn -1.00000000 -0.00000000 -0.00000000
vn -0.00000000 -1.00000000 -0.00000000
vn -0.00000000 -0.00000000 1.00000000
vn -0.00000000 1.00000000 -0.00000000
vn -0.00000000 -1.00000000 -0.00000000
vn -1.00000000 -0.00000000 -0.00000000
vn -0.00000000 1.00000000 -0.00000000
vn -0.00000000 -0.00000000 -1.00000000
vn -0.00000000 1.00000000 -0.00000000
vn -0.00000000 -1.00000000 -0.00000000
vn 1.00000000 -0.00000000 -0.00000000
vn -0.00000000 -0.00000000 1.00000000
vn -0.00000000 -1.00000000 -0.00000000
vn -0.00000000 1.00000000 -0.00000000
vn -0.00000000 -0.00000000 -1.00000000
vn 1.00000000 -0.00000000 -0.00000000
vn -0.00000000 -0.00000000 1.00000000
vn 0.39840000 0.91720000 -0.00000000
vn 0.63110000 0.77570000 -0.00000000
vn 0.81700000 0.57670000 -0.00000000
vn -0.00000000 -0.00000000 1.00000000
vn 0.63110000 0.77570000 -0.00000000
vn -0.63110000 0.77570000 -0.00000000
vn -0.39840000 0.91720000 -0.00000000
vn -0.00000000 -0.00000000 1.00000000
vn -0.39840000 0.91720000 -0.00000000
vn -0.13620000 0.99070000 -0.00000000
vn -0.00000000 -0.00000000 1.00000000
vn -0.13620000 0.99070000 -0.00000000
vn -0.25880000 0.96590000 -0.00000000
vn 0.25880000 0.96590000 -0.00000000
vn 0.13620000 0.99070000 -0.00000000
vn -0.00000000 -0.00000000 1.00000000
vn 0.39840000 0.91720000 -0.00000000
vn -0.00000000 -0.00000000 1.00000000
vn 0.13620000 0.99070000 -0.00000000
vn -0.94230000 0.33490000 -0.00000000
vn -0.99770000 0.06820000 -0.00000000
vn -0.00000000 -0.00000000 1.00000000
vn -0.81700000 0.57670000 -0.00000000
vn -0.94230000 0.33490000 -0.00000000
vn -0.00000000 -0.00000000 1.00000000
vn -0.63110000 0.77570000 -0.00000000
vn -0.00000000 -0.00000000 1.00000000
vn -0.81700000 0.57670000 -0.00000000
vn 0.81700000 0.57670000 -0.00000000
vn 0.94230000 0.33490000 -0.00000000
vn -0.00000000 -0.00000000 1.00000000
vn 0.99770000 0.06820000 -0.00000000
vn 0.94230000 0.33490000 -0.00000000
vn -0.00000000 -0.00000000 1.00000000
vn -0.00000000 -0.00000000 1.00000000
vn 0.97910000 -0.20350000 -0.00000000
vn 0.99770000 0.06820000 -0.00000000
vn -0.51960000 -0.85440000 -0.00000000
vn -0.00000000 -0.00000000 1.00000000
vn -0.73080000 -0.68260000 -0.00000000
vn -0.00000000 -0.00000000 1.00000000
vn -0.51960000 -0.85440000 -0.00000000
vn -0.26980000 -0.96290000 -0.00000000
vn -0.00000000 -0.00000000 1.00000000
vn -0.97910000 -0.20350000 -0.00000000
vn -0.99770000 0.06820000 -0.00000000
vn -0.97910000 -0.20350000 -0.00000000
vn -0.00000000 -0.00000000 1.00000000
vn -0.88790000 -0.46010000 -0.00000000
vn -0.00000000 -0.00000000 1.00000000
vn -0.88790000 -0.46010000 -0.00000000
vn -0.73080000 -0.68260000 -0.00000000
vn -0.00000000 -0.00000000 1.00000000
vn 0.51960000 -0.85440000 -0.00000000
vn 0.26980000 -0.96290000 -0.00000000
vn 0.73080000 -0.68250000 -0.00000000
vn 0.73080000 -0.68260000 -0.00000000
vn 0.51960000 -0.85440000 -0.00000000
vn -0.00000000 -0.00000000 1.00000000
vn 0.97910000 -0.20350000 -0.00000000
vn 0.88790000 -0.46010000 -0.00000000
vn -0.00000000 -0.00000000 1.00000000
vn 0.88790000 -0.46010000 -0.00000000
vn 0.73080000 -0.68250000 -0.00000000
vn -0.00000000 -0.00000000 1.00000000
vn 0.06820000 -0.99770000 -0.00000000
vn -0.00000000 -0.00000000 1.00000000
vn 0.26980000 -0.96290000 -0.00000000
vn -0.00000000 -1.00000000 0.00330000
vn 0.25880000 -0.96590000 -0.00000000
vn -0.25880000 -0.96590000 -0.00000000
vn -0.00000000 -0.00000000 1.00000000
vn -0.06820000 -0.99770000 -0.00000000
vn 0.06820000 -0.99770000 -0.00000000
vn -0.26980000 -0.96290000 -0.00000000
vn -0.00000000 -0.00000000 1.00000000
vn -0.06820000 -0.99770000 -0.00000000
vn -0.00000000 -0.00000000 -1.00000000
vn -0.63110000 0.77570000 -0.00000000
vn -0.39840000 0.91720000 -0.00000000
vn -0.63110000 0.77570000 -0.00000000
vn -0.00000000 -0.00000000 -1.00000000
vn -0.81700000 0.57670000 -0.00000000
vn 0.99770000 0.06820000 -0.00000000
vn -0.00000000 -0.00000000 -1.00000000
vn 0.94230000 0.33490000 -0.00000000
vn 0.94230000 0.33490000 -0.00000000
vn -0.00000000 -0.00000000 -1.00000000
vn 0.81700000 0.57670000 -0.00000000
vn 0.81700000 0.57670000 -0.00000000
vn -0.00000000 -0.00000000 -1.00000000
vn 0.63110000 0.77570000 -0.00000000
vn 0.63110000 0.77570000 -0.00000000
vn 0.39840000 0.91720000 -0.00000000
vn -0.00000000 -0.00000000 -1.00000000
vn 0.26980000 -0.96290000 -0.00000000
vn 0.06820000 -0.99770000 -0.00000000
vn -0.00000000 -0.00000000 -1.00000000
vn -0.00000000 -1.00000000 0.00330000
vn -0.06820000 -0.99770000 -0.00000000
vn -0.00000000 -0.00000000 -1.00000000
vn -0.26980000 -0.96290000 -0.00000000
vn -0.00000000 -1.00000000 0.00330000
vn -0.26980000 -0.96290000 -0.00000000
vn -0.00000000 -0.00000000 -1.00000000
vn -0.51960000 -0.85440000 -0.00000000
vn 0.39840000 0.91720000 -0.00000000
vn 0.13620000 0.99070000 -0.00000000
vn -0.00000000 -0.00000000 -1.00000000
vn -0.25880000 0.96590000 -0.00000000
vn 0.13620000 0.99070000 -0.00000000
vn -0.13620000 0.99070000 -0.00000000
vn -0.00000000 -0.00000000 -1.00000000
vn 0.25880000 0.96590000 -0.00000000
vn -0.00000000 -0.00000000 -1.00000000
vn -0.39840000 0.91720000 -0.00000000
vn -0.13620000 0.99070000 -0.00000000
vn 0.99770000 0.06820000 -0.00000000
vn -0.00000000 -0.00000000 -1.00000000
vn 0.97910000 -0.20350000 -0.00000000
vn 0.97910000 -0.20350000 -0.00000000
vn -0.00000000 -0.00000000 -1.00000000
vn 0.88790000 -0.46010000 -0.00000000
vn 0.26980000 -0.96290000 -0.00000000
vn 0.51960000 -0.85440000 -0.00000000
vn -0.00000000 -0.00000000 -1.00000000
vn 0.51960000 -0.85440000 -0.00000000
vn 0.73080000 -0.68260000 -0.00000000
vn -0.00000000 -0.00000000 -1.00000000
vn -0.81700000 0.57670000 -0.00000000
vn -0.00000000 -0.00000000 -1.00000000
vn -0.94230000 0.33490000 -0.00000000
vn -0.00000000 -0.00000000 -1.00000000
vn -0.94230000 0.33490000 -0.00000000
vn -0.99770000 0.06820000 -0.00000000
vn -0.00000000 -0.00000000 -1.00000000
vn -0.97910000 -0.20350000 -0.00000000
vn -0.99770000 0.06820000 -0.00000000
vn 0.88790000 -0.46010000 -0.00000000
vn -0.00000000 -0.00000000 -1.00000000
vn 0.73080000 -0.68250000 -0.00000000
vn 0.73080000 -0.68260000 -0.00000000
vn -0.00000000 -0.00000000 -1.00000000
vn -0.51960000 -0.85440000 -0.00000000
vn -0.73080000 -0.68260000 -0.00000000
vn -0.97910000 -0.20350000 -0.00000000
vn -0.00000000 -0.00000000 -1.00000000
vn -0.88790000 -0.46010000 -0.00000000
vn -0.73080000 -0.68260000 -0.00000000
vn -0.88790000 -0.46010000 -0.00000000
vn -0.00000000 -0.00000000 -1.00000000
vn -0.00000000 -0.00000000 1.00000000
vn -0.98970000 0.14280000 -0.00000000
vn -0.99380000 0.11080000 -0.00000000
vn -0.98970000 0.14280000 -0.00000000
vn -0.00000000 -0.00000000 1.00000000
vn -0.96850000 0.24920000 -0.00000000
vn 1.00000000 -0.00000000 -0.00000000
vn -0.00000000 -0.00000000 1.00000000
vn -0.00000000 -0.00000000 1.00000000
vn 0.65490000 -0.75570000 -0.00000000
vn 0.84130000 -0.54060000 -0.00000000
vn -0.00000000 -0.00000000 1.00000000
vn 0.65490000 -0.75570000 -0.00000000
vn 0.41540000 -0.90960000 -0.00000000
vn -0.00000000 -0.00000000 1.00000000
vn 0.41540000 -0.90960000 -0.00000000
vn 0.14230000 -0.98980000 -0.00000000
vn -0.00000000 -0.00000000 1.00000000
vn -0.00000000 -0.00000000 1.00000000
vn 0.14230000 -0.98980000 -0.00000000
vn 0.41540000 -0.90960000 -0.00000000
vn -0.00000000 -0.00000000 1.00000000
vn -0.00000000 -0.00000000 1.00000000
vn 0.65490000 -0.75570000 -0.00000000
vn -0.00000000 -0.00000000 1.00000000
vn 0.41540000 -0.90960000 -0.00000000
vn 0.71370000 0.70040000 -0.00000000
vn -0.00000000 -0.00000000 1.00000000
vn 0.92990000 0.36790000 -0.00000000
vn -0.00000000 -0.00000000 1.00000000
vn 0.92990000 0.36790000 -0.00000000
vn -0.00000000 -0.00000000 1.00000000
vn -0.63460000 0.77280000 -0.00000000
vn -0.63610000 0.77160000 -0.00000000
vn -0.00000000 -0.00000000 1.00000000
vn -0.00000000 -0.00000000 1.00000000
vn -0.63610000 0.77160000 -0.00000000
vn -0.92710000 0.37490000 -0.00000000
vn -0.91350000 0.40690000 -0.00000000
vn -0.92710000 0.37490000 -0.00000000
vn -0.00000000 -0.00000000 1.00000000
vn -0.58590000 -0.81040000 -0.00000000
vn -0.05930000 -0.99820000 -0.00000000
vn -0.58580000 -0.81040000 -0.00000000
vn -0.00000000 -0.00000000 1.00000000
vn -0.89300000 -0.45000000 -0.00000000
vn -0.58590000 -0.81040000 -0.00000000
vn -0.00000000 -0.00000000 1.00000000
vn -0.00000000 -0.00000000 1.00000000
vn -0.01840000 -0.99980000 -0.00000000
vn -0.00000000 -0.00000000 1.00000000
vn 0.14230000 -0.98980000 -0.00000000
vn -0.16050000 -0.98700000 -0.00000000
vn -0.00000000 -0.00000000 1.00000000
vn -0.01840000 -0.99980000 -0.00000000
vn -0.14230000 -0.98980000 0.00130000
vn -0.00000000 -0.00000000 1.00000000
vn -0.44640000 0.89480000 -0.00000000
vn -0.82380000 0.56690000 -0.00000000
vn 0.36240000 -0.93200000 -0.00000000
vn -0.00000000 -0.00000000 1.00000000
vn 0.90140000 -0.43300000 -0.00000000
vn -0.00000000 -0.00000000 1.00000000
vn 0.90140000 -0.43300000 -0.00000000
vn -0.00000000 -0.00000000 1.00000000
vn 0.91050000 -0.41350000 -0.00000000
vn 0.47720000 0.87880000 -0.00000000
vn 0.79260000 0.60980000 -0.00000000
vn -0.00000000 -0.00000000 1.00000000
vn 0.02450000 0.99970000 -0.00000000
vn 0.47720000 0.87880000 -0.00000000
vn -0.00000000 -0.00000000 1.00000000
vn -0.00000000 -0.00000000 1.00000000
vn 0.96240000 0.27180000 -0.00000000
vn 0.79260000 0.60980000 -0.00000000
vn -0.00000000 -0.00000000 1.00000000
vn -0.97790000 -0.20920000 -0.00000000
vn -0.00000000 -1.00000000 -0.00000000
vn -0.97790000 -0.20920000 -0.00000000
vn -0.80520000 -0.59300000 -0.00000000
vn -0.00000000 -0.00000000 1.00000000
vn 1.00000000 0.00160000 -0.00000000
vn 0.96180000 -0.27360000 -0.00000000
vn -0.00000000 -0.00000000 1.00000000
vn -0.00000000 -0.00000000 1.00000000
vn 0.96240000 0.27180000 -0.00000000
vn 1.00000000 0.00160000 -0.00000000
vn 0.14870000 0.98890000 -0.00000000
vn 0.55720000 0.83040000 -0.00000000
vn -0.00000000 -0.00000000 1.00000000
vn -0.00000000 -0.00000000 1.00000000
vn -0.10050000 0.99490000 -0.00000000
vn 0.14870000 0.98890000 -0.00000000
vn -0.00000000 -0.00000000 1.00000000
vn -0.44640000 0.89480000 -0.00000000
vn -0.10050000 0.99490000 -0.00000000
vn -0.00000000 -0.00000000 1.00000000
vn -0.00000000 -1.00000000 -0.00000000
vn -0.00000000 -0.00000000 1.00000000
vn -0.00000000 -0.00000000 1.00000000
vn 0.98420000 0.17700000 -0.00000000
vn -0.00000000 -0.00000000 1.00000000
vn 0.82230000 0.56900000 -0.00000000
vn 0.98420000 0.17700000 -0.00000000
vn -0.00000000 -0.00000000 1.00000000
vn 0.82230000 0.56900000 -0.00000000
vn 0.55720000 0.83040000 -0.00000000
vn 0.71300000 -0.70110000 -0.00000000
vn 0.28130000 -0.95960000 -0.00000000
vn -0.00000000 -0.00000000 1.00000000
vn 0.71310000 -0.70110000 -0.00000000
vn 0.96180000 -0.27360000 -0.00000000
vn -0.00000000 -0.00000000 1.00000000
vn 0.71310000 -0.70110000 -0.00000000
vn -0.11960000 -0.99280000 -0.00000000
vn 0.28130000 -0.95960000 -0.00000000
vn -0.00000000 -0.00000000 1.00000000
vn -0.11960000 -0.99280000 -0.00000000
vn -0.47980000 -0.87740000 -0.00000000
vn -0.00000000 -0.00000000 1.00000000
vn -0.47980000 -0.87740000 -0.00000000
vn -0.80520000 -0.59300000 -0.00000000
vn -0.00000000 -0.00000000 1.00000000
vn -0.89300000 -0.45000000 -0.00000000
vn -0.00000000 -0.00000000 1.00000000
vn -0.99410000 -0.10860000 -0.00000000
vn -0.98390000 0.17880000 -0.00000000
vn -0.99410000 -0.10860000 -0.00000000
vn -0.00000000 -0.00000000 1.00000000
vn -0.00000000 -0.00000000 1.00000000
vn -0.82380000 0.56690000 -0.00000000
vn -0.98390000 0.17880000 -0.00000000
vn 0.91960000 -0.39280000 -0.00000000
vn -0.00000000 -0.00000000 1.00000000
vn 0.91050000 -0.41350000 -0.00000000
vn -0.00000000 -0.00000000 1.00000000
vn 0.91960000 -0.39280000 -0.00000000
vn 0.93590000 -0.35220000 -0.00000000
vn -0.00000000 -0.00000000 1.00000000
vn 0.99590000 -0.09010000 -0.00000000
vn 0.36240000 -0.93200000 -0.00000000
vn -0.00000000 -0.00000000 1.00000000
vn 0.89290000 0.45030000 -0.00000000
vn 0.99590000 -0.09010000 -0.00000000
vn 0.88840000 0.45910000 -0.00000000
vn -0.00000000 -0.00000000 1.00000000
vn 0.89290000 0.45030000 -0.00000000
vn 0.67760000 0.73550000 -0.00000000
vn 0.67730000 0.73570000 -0.00000000
vn 0.31090000 0.95050000 -0.00000000
vn -0.00000000 -0.00000000 1.00000000
vn -0.00000000 -0.00000000 1.00000000
vn -0.14900000 0.98880000 -0.00000000
vn 0.30930000 0.95100000 -0.00000000
vn 0.31090000 0.95050000 -0.00000000
vn -0.14900000 0.98880000 -0.00000000
vn -0.60280000 0.79790000 -0.00000000
vn -0.14630000 0.98920000 -0.00000000
vn -0.00000000 -0.00000000 1.00000000
vn -0.00000000 -0.00000000 1.00000000
vn -0.60280000 0.79790000 -0.00000000
vn -0.84230000 0.53900000 -0.00000000
vn -0.84230000 0.53890000 -0.00000000
vn -0.00000000 -0.00000000 1.00000000
vn -0.84230000 0.53900000 -0.00000000
vn -0.88210000 0.47110000 -0.00000000
vn -0.11950000 0.99280000 -0.00000000
vn 0.02450000 0.99970000 -0.00000000
vn -0.00000000 -0.00000000 1.00000000
vn -0.00000000 -0.00000000 1.00000000
vn -0.11950000 0.99280000 -0.00000000
vn -0.88210000 0.47110000 -0.00000000
vn -0.00000000 -0.00000000 1.00000000
vn 0.67760000 0.73550000 -0.00000000
vn 0.86210000 0.50680000 -0.00000000
vn 0.86210000 0.50680000 -0.00000000
vn 0.89840000 0.43910000 -0.00000000
vn -0.00000000 -0.00000000 1.00000000
vn 0.88840000 0.45910000 -0.00000000
vn -0.00000000 -0.00000000 1.00000000
vn 0.89840000 0.43910000 -0.00000000
vn -0.00000000 -0.00000000 1.00000000
vn -0.07870000 0.99690000 -0.00000000
vn 0.93590000 -0.35220000 -0.00000000
vn -0.00000000 -0.00000000 1.00000000
vn -0.07870000 0.99690000 -0.00000000
vn -0.08060000 0.99670000 -0.00000000
vn -0.91430000 0.40510000 -0.00000000
vn -0.99370000 -0.11230000 -0.00000000
vn -0.00000000 -0.00000000 1.00000000
vn -0.91420000 0.40520000 -0.00000000
vn -0.77920000 0.62680000 -0.00000000
vn -0.00000000 -0.00000000 1.00000000
vn -0.91430000 0.40510000 -0.00000000
vn -0.63460000 0.77280000 -0.00000000
vn -0.63460000 0.77290000 -0.00000000
vn -0.00000000 -0.00000000 1.00000000
vn -0.77920000 0.62680000 -0.00000000
vn 0.99200000 0.12650000 -0.00000000
vn -0.00000000 -0.00000000 1.00000000
vn 0.94290000 -0.33310000 -0.00000000
vn 0.94300000 -0.33290000 -0.00000000
vn 0.94290000 -0.33310000 -0.00000000
vn -0.00000000 -0.00000000 1.00000000
vn 0.69870000 -0.71540000 -0.00000000
vn -0.00000000 1.00000000 -0.00000000
vn -0.00000000 -0.00000000 1.00000000
vn 0.69870000 -0.71540000 -0.00000000
vn -0.00000000 -0.00000000 1.00000000
vn 0.27850000 -0.96040000 -0.00000000
vn 0.27780000 -0.96060000 -0.00000000
vn -0.00000000 1.00000000 -0.00000000
vn -0.00000000 -0.00000000 1.00000000
vn 0.27850000 -0.96040000 -0.00000000
vn -0.17750000 -0.98410000 -0.00000000
vn -0.00000000 -0.00000000 1.00000000
vn -0.78230000 -0.62290000 -0.00000000
vn -0.00000000 -0.00000000 1.00000000
vn -0.78770000 -0.61600000 -0.00000000
vn -0.78230000 -0.62290000 -0.00000000
vn -0.83120000 -0.55590000 -0.00000000
vn -0.00000000 -0.00000000 1.00000000
vn -0.83120000 -0.55590000 -0.00000000
vn -0.92260000 -0.38570000 -0.00000000
vn -0.00000000 -0.00000000 1.00000000
vn -0.92260000 -0.38570000 -0.00000000
vn -0.99370000 -0.11230000 -0.00000000
vn -0.00000000 -0.00000000 1.00000000
vn 0.91600000 0.40120000 -0.00000000
vn -0.00000000 -0.00000000 1.00000000
vn 0.99200000 0.12650000 -0.00000000
vn 0.91600000 0.40110000 -0.00000000
vn 0.85240000 0.52290000 -0.00000000
vn 0.91600000 0.40120000 -0.00000000
vn -0.00000000 -0.00000000 1.00000000
vn -0.00000000 -0.00000000 1.00000000
vn -0.91350000 0.40690000 -0.00000000
vn -0.05930000 -0.99820000 -0.00000000
vn -0.00000000 -0.00000000 1.00000000
vn -0.08060000 0.99670000 -0.00000000
vn -0.00000000 -0.00000000 1.00000000
vn -0.00000000 -0.00000000 1.00000000
vn -0.25800000 0.96610000 -0.00000000
vn -0.25810000 0.96610000 -0.00000000
vn -0.25810000 0.96610000 -0.00000000
vn -0.26960000 0.96300000 -0.00000000
vn -0.00000000 -0.00000000 1.00000000
vn -0.26970000 0.96300000 -0.00000000
vn -0.00000000 -0.00000000 1.00000000
vn -0.37380000 0.92750000 -0.00000000
vn -0.26970000 0.96300000 -0.00000000
vn -0.00000000 -0.00000000 1.00000000
vn -0.37380000 0.92750000 -0.00000000
vn 0.82850000 0.56000000 -0.00000000
vn -0.00000000 -0.00000000 1.00000000
vn 0.85240000 0.52290000 -0.00000000
vn 0.82850000 0.56000000 -0.00000000
vn -0.00000000 -0.00000000 1.00000000
vn 0.67320000 -0.73940000 -0.00000000
vn 0.67330000 -0.73940000 -0.00000000
vn -0.00000000 -0.00000000 1.00000000
vn 0.70710000 -0.70710000 -0.00000000
vn -0.00000000 -0.00000000 1.00000000
vn 0.67330000 -0.73940000 -0.00000000
vn -0.00000000 -0.00000000 1.00000000
vn 0.04550000 -0.99900000 -0.00000000
vn -0.31710000 -0.94840000 -0.00000000
vn -0.00000000 -0.00000000 1.00000000
vn 0.04550000 -0.99900000 -0.00000000
vn -0.31710000 -0.94840000 -0.00000000
vn -0.00000000 -0.00000000 1.00000000
vn -0.31720000 -0.94840000 -0.00000000
vn -0.46490000 -0.88540000 -0.00000000
vn -0.17750000 -0.98410000 -0.00000000
vn -0.46470000 -0.88550000 -0.00000000
vn -0.46490000 -0.88540000 -0.00000000
vn -0.00000000 -0.00000000 1.00000000
vn 0.70710000 -0.70710000 -0.00000000
vn -0.00000000 -0.00000000 1.00000000
vn -0.77850000 -0.62770000 -0.00000000
vn -0.00000000 -0.00000000 1.00000000
vn -0.78770000 -0.61610000 -0.00000000
vn -0.77850000 -0.62770000 -0.00000000
vn -0.78770000 -0.61600000 -0.00000000
vn -0.00000000 -0.00000000 1.00000000
vn 0.99960000 0.02660000 -0.00000000
vn 0.98420000 0.17700000 -0.00000000
vn -0.00000000 -1.00000000 -0.00000000
vn -0.00000000 -0.00000000 1.00000000
vn 0.99960000 0.02660000 -0.00000000
vn -0.00000000 -0.00000000 1.00000000
vn -0.91350000 0.40690000 -0.00000000
vn -0.88460000 0.46640000 -0.00000000
vn -0.00000000 -0.00000000 1.00000000
vn -0.05930000 -0.99820000 -0.00000000
vn -0.88460000 0.46640000 -0.00000000
vn -0.00000000 -0.00000000 1.00000000
vn -0.00000000 -0.00000000 1.00000000
vn -0.58580000 -0.81040000 -0.00000000
vn -0.05930000 -0.99820000 -0.00000000
vn -0.77900000 0.62700000 -0.00000000
vn -0.77930000 0.62670000 -0.00000000
vn -0.00000000 -0.00000000 1.00000000
vn -0.91420000 0.40530000 -0.00000000
vn -0.00000000 -0.00000000 1.00000000
vn -0.77900000 0.62700000 -0.00000000
vn -0.63460000 0.77290000 -0.00000000
vn -0.63460000 0.77280000 -0.00000000
vn -0.91350000 0.40690000 -0.00000000
vn -0.00000000 -0.00000000 1.00000000
vn -0.92710000 0.37490000 -0.00000000
vn -0.63460000 0.77290000 -0.00000000
vn -0.00000000 -0.00000000 1.00000000
vn -0.92710000 0.37490000 -0.00000000
vn -0.00000000 -0.00000000 1.00000000
vn -0.00000000 -0.00000000 1.00000000
vn -0.99370000 -0.11230000 -0.00000000
vn -0.92260000 -0.38570000 -0.00000000
vn -0.99370000 -0.11240000 -0.00000000
vn -0.99370000 -0.11230000 -0.00000000
vn -0.91420000 0.40520000 -0.00000000
vn -0.00000000 -0.00000000 1.00000000
vn -0.91420000 0.40530000 -0.00000000
vn -0.00000000 -0.00000000 1.00000000
vn -0.00000000 -0.00000000 1.00000000
vn 0.47720000 0.87880000 -0.00000000
vn 0.79260000 0.60980000 -0.00000000
vn 0.02450000 0.99970000 -0.00000000
vn -0.00000000 -0.00000000 1.00000000
vn 0.47720000 0.87880000 -0.00000000
vn 0.96240000 0.27180000 -0.00000000
vn -0.00000000 -0.00000000 1.00000000
vn 0.79260000 0.60980000 -0.00000000
vn -0.00000000 -0.00000000 1.00000000
vn -0.97790000 -0.20920000 -0.00000000
vn -0.00000000 -1.00000000 -0.00000000
vn -0.92260000 -0.38570000 -0.00000000
vn -0.83120000 -0.55600000 -0.00000000
vn -0.00000000 -0.00000000 1.00000000
vn -0.92270000 -0.38560000 -0.00000000
vn 0.55720000 0.83040000 -0.00000000
vn 0.82230000 0.56900000 -0.00000000
vn -0.00000000 -0.00000000 1.00000000
vn 0.98420000 0.17700000 -0.00000000
vn -0.00000000 -0.00000000 1.00000000
vn 0.82230000 0.56900000 -0.00000000
vn -0.00000000 -0.00000000 1.00000000
vn 0.82850000 0.56000000 -0.00000000
vn -0.00000000 -0.00000000 1.00000000
vn 0.89290000 0.45030000 -0.00000000
vn -0.00000000 -0.00000000 1.00000000
vn 0.99590000 -0.09010000 -0.00000000
vn 0.91610000 0.40100000 -0.00000000
vn -0.00000000 -0.00000000 1.00000000
vn 0.91610000 0.40090000 -0.00000000
vn 0.85240000 0.52290000 -0.00000000
vn 0.91610000 0.40100000 -0.00000000
vn -0.00000000 -0.00000000 1.00000000
vn 0.99200000 0.12650000 -0.00000000
vn 0.94300000 -0.33270000 -0.00000000
vn -0.00000000 -0.00000000 1.00000000
vn 0.99200000 0.12650000 -0.00000000
vn -0.00000000 -0.00000000 1.00000000
vn 0.69860000 -0.71550000 -0.00000000
vn 0.69900000 -0.71510000 -0.00000000
vn 0.94300000 -0.33270000 -0.00000000
vn -0.97790000 -0.20920000 -0.00000000
vn -0.80520000 -0.59300000 -0.00000000
vn -0.00000000 -0.00000000 1.00000000
vn -0.00000000 -0.00000000 1.00000000
vn 1.00000000 0.00160000 -0.00000000
vn 0.96180000 -0.27360000 -0.00000000
vn -0.00000000 -0.00000000 1.00000000
vn 1.00000000 0.00160000 -0.00000000
vn 0.96240000 0.27180000 -0.00000000
vn -0.99410000 -0.10860000 -0.00000000
vn -0.98390000 0.17880000 -0.00000000
vn -0.00000000 -0.00000000 1.00000000
vn -0.00000000 -0.00000000 1.00000000
vn -0.00000000 -0.00000000 1.00000000
vn -0.98390000 0.17880000 -0.00000000
vn -0.82380000 0.56690000 -0.00000000
vn -0.44640000 0.89480000 -0.00000000
vn -0.00000000 -0.00000000 1.00000000
vn -0.82380000 0.56690000 -0.00000000
vn -0.10050000 0.99490000 -0.00000000
vn -0.44640000 0.89480000 -0.00000000
vn -0.00000000 -0.00000000 1.00000000
vn 0.14870000 0.98890000 -0.00000000
vn -0.10050000 0.99490000 -0.00000000
vn -0.00000000 -0.00000000 1.00000000
vn -0.00000000 -0.00000000 1.00000000
vn 0.14870000 0.98890000 -0.00000000
vn 0.55720000 0.83030000 -0.00000000
vn 0.55720000 0.83040000 -0.00000000
vn -0.31720000 -0.94840000 -0.00000000
vn -0.46470000 -0.88550000 -0.00000000
vn -0.00000000 -0.00000000 1.00000000
vn -0.31710000 -0.94840000 -0.00000000
vn -0.31720000 -0.94840000 -0.00000000
vn 0.04540000 -0.99900000 -0.00000000
vn -0.00000000 -0.00000000 1.00000000
vn -0.17720000 -0.98420000 -0.00000000
vn -0.00000000 -0.00000000 1.00000000
vn -0.46490000 -0.88540000 -0.00000000
vn -0.46470000 -0.88550000 -0.00000000
vn 0.04540000 -0.99900000 -0.00000000
vn -0.00000000 -0.00000000 1.00000000
vn -0.00000000 -0.00000000 1.00000000
vn -0.17720000 -0.98420000 -0.00000000
vn 0.27710000 -0.96080000 -0.00000000
vn -0.00000000 -0.00000000 1.00000000
vn 0.11790000 -0.99300000 -0.00000000
vn -0.00000000 -0.00000000 1.00000000
vn 0.67320000 -0.73940000 -0.00000000
vn 0.11790000 -0.99300000 -0.00000000
vn 0.28130000 -0.95960000 -0.00000000
vn -0.00000000 -0.00000000 1.00000000
vn 0.71300000 -0.70110000 -0.00000000
vn -0.00000000 -0.00000000 1.00000000
vn 0.96180000 -0.27360000 -0.00000000
vn 0.71300000 -0.70110000 -0.00000000
vn 0.28130000 -0.95960000 -0.00000000
vn -0.00000000 -0.00000000 1.00000000
vn -0.11960000 -0.99280000 -0.00000000
vn -0.00000000 -0.00000000 1.00000000
vn -0.47980000 -0.87740000 -0.00000000
vn -0.11960000 -0.99280000 -0.00000000
vn -0.00000000 -0.00000000 1.00000000
vn -0.47980000 -0.87740000 -0.00000000
vn -0.80520000 -0.59300000 -0.00000000
vn -0.89300000 -0.45000000 -0.00000000
vn -0.00000000 -0.00000000 1.00000000
vn -0.58580000 -0.81040000 -0.00000000
vn -0.99410000 -0.10860000 -0.00000000
vn -0.89300000 -0.45000000 -0.00000000
vn -0.00000000 -0.00000000 1.00000000
vn -0.00000000 -0.00000000 1.00000000
vn -0.77850000 -0.62770000 -0.00000000
vn -0.78770000 -0.61610000 -0.00000000
vn -0.00000000 -0.00000000 1.00000000
vn -0.78770000 -0.61610000 -0.00000000
vn -0.00000000 -0.00000000 1.00000000
vn -0.83120000 -0.55600000 -0.00000000
vn -0.14630000 0.98920000 -0.00000000
vn 0.30930000 0.95100000 -0.00000000
vn -0.00000000 -0.00000000 1.00000000
vn 0.31000000 0.95070000 -0.00000000
vn -0.00000000 -0.00000000 1.00000000
vn -0.14900000 0.98880000 -0.00000000
vn -0.60190000 0.79860000 -0.00000000
vn -0.14630000 0.98920000 -0.00000000
vn -0.60250000 0.79810000 -0.00000000
vn -0.60190000 0.79860000 -0.00000000
vn -0.00000000 -0.00000000 1.00000000
vn -0.84230000 0.53890000 -0.00000000
vn -0.84230000 0.53890000 -0.00000000
vn -0.00000000 -0.00000000 1.00000000
vn -0.11960000 0.99280000 -0.00000000
vn -0.00000000 -0.00000000 1.00000000
vn 0.02450000 0.99970000 -0.00000000
vn -0.11950000 0.99280000 -0.00000000
vn -0.11960000 0.99280000 -0.00000000
vn -0.00000000 -0.00000000 1.00000000
vn 0.67770000 0.73530000 -0.00000000
vn -0.00000000 -0.00000000 1.00000000
vn 0.30930000 0.95100000 -0.00000000
vn 0.86200000 0.50690000 -0.00000000
vn -0.00000000 -0.00000000 1.00000000
vn 0.67770000 0.73530000 -0.00000000
vn -0.00000000 -0.00000000 1.00000000
vn 0.89850000 0.43900000 -0.00000000
vn 0.86200000 0.50690000 -0.00000000
vn 0.99590000 -0.09010000 -0.00000000
vn 0.36250000 -0.93200000 -0.00000000
vn -0.00000000 -0.00000000 1.00000000
vn 0.36240000 -0.93200000 -0.00000000
vn -0.00000000 -0.00000000 1.00000000
vn 0.36240000 -0.93200000 -0.00000000
vn 0.35120000 -0.93630000 -0.00000000
vn 0.35110000 -0.93630000 -0.00000000
vn -0.26970000 0.96300000 -0.00000000
vn -0.00000000 -0.00000000 1.00000000
vn 0.90140000 -0.43300000 -0.00000000
vn -0.00000000 -0.00000000 1.00000000
vn 0.35120000 -0.93630000 -0.00000000
vn -0.25800000 0.96610000 -0.00000000
vn -0.26970000 0.96300000 -0.00000000
vn -0.00000000 -0.00000000 1.00000000
vn 0.85240000 0.52290000 -0.00000000
vn 0.82850000 0.56000000 -0.00000000
vn -0.00000000 -0.00000000 1.00000000
vn 0.27850000 -0.96040000 -0.00000000
vn 0.69860000 -0.71550000 -0.00000000
vn 0.27710000 -0.96080000 -0.00000000
vn -0.00000000 -0.00000000 1.00000000
vn -0.00000000 -0.00000000 1.00000000
vn 0.67320000 -0.73940000 -0.00000000
vn -0.00000000 -0.00000000 1.00000000
vn 0.88840000 0.45910000 -0.00000000
vn 0.89850000 0.43900000 -0.00000000
vn 0.88840000 0.45910000 -0.00000000
vn 0.89290000 0.45030000 -0.00000000
vn -0.00000000 -0.00000000 1.00000000
vn -0.08070000 0.99670000 -0.00000000
vn -0.00000000 -0.00000000 1.00000000
vn -0.16600000 0.98610000 -0.00000000
vn 0.91050000 -0.41350000 -0.00000000
vn -0.00000000 -0.00000000 1.00000000
vn 0.91960000 -0.39280000 -0.00000000
vn -0.07870000 0.99690000 -0.00000000
vn -0.08060000 0.99670000 -0.00000000
vn -0.08070000 0.99670000 -0.00000000
vn -0.00000000 -0.00000000 1.00000000
vn 0.91960000 -0.39280000 -0.00000000
vn -0.00000000 -0.00000000 1.00000000
vn -0.00000000 -0.00000000 1.00000000
vn -0.07870000 0.99690000 -0.00000000
vn 0.90140000 -0.43300000 -0.00000000
vn -0.00000000 -0.00000000 1.00000000
vn 0.91050000 -0.41350000 -0.00000000
vn -0.25800000 0.96610000 -0.00000000
vn -0.16600000 0.98610000 -0.00000000
vn -0.00000000 -0.00000000 1.00000000
vn -0.00000000 -0.00000000 1.00000000
vn -0.77850000 -0.62770000 -0.00000000
vn -0.77850000 -0.62760000 -0.00000000
vn -0.00000000 1.00000000 -0.00000000
vn -0.00000000 -0.00000000 1.00000000
vn -0.00000000 1.00000000 -0.00000000
vn -0.00000000 -0.00000000 1.00000000
vn -0.00000000 -0.00000000 1.00000000
vn -0.00000000 -1.00000000 -0.00000000
vn -0.00000000 -0.00000000 1.00000000
vn 0.98420000 0.17700000 -0.00000000
vn -0.00000000 -0.00000000 1.00000000
vn -0.00000000 -0.00000000 1.00000000
vn -0.00000000 -0.00000000 1.00000000
vn -0.92260000 -0.38570000 -0.00000000
vn -0.99370000 -0.11230000 -0.00000000
vn -0.91420000 0.40520000 -0.00000000
vn -0.91430000 0.40510000 -0.00000000
vn -0.99370000 -0.11230000 -0.00000000
vn -0.00000000 -0.00000000 1.00000000
vn -0.00000000 -0.00000000 1.00000000
vn -0.00000000 -0.00000000 1.00000000
vn -0.91350000 0.40690000 -0.00000000
vn -0.00000000 -0.00000000 1.00000000
vn -0.05930000 -0.99820000 -0.00000000
vn -0.00000000 -0.00000000 1.00000000
vn -0.05930000 -0.99820000 -0.00000000
vn -0.58580000 -0.81040000 -0.00000000
vn -0.91430000 0.40510000 -0.00000000
vn -0.77890000 0.62710000 -0.00000000
vn -0.00000000 -0.00000000 1.00000000
vn -0.77910000 0.62690000 -0.00000000
vn -0.63460000 0.77280000 -0.00000000
vn -0.63460000 0.77290000 -0.00000000
vn -0.77910000 0.62690000 -0.00000000
vn -0.00000000 -0.00000000 1.00000000
vn -0.91350000 0.40690000 -0.00000000
vn -0.92710000 0.37490000 -0.00000000
vn -0.00000000 -0.00000000 1.00000000
vn -0.63460000 0.77280000 -0.00000000
vn -0.00000000 -0.00000000 1.00000000
vn -0.63610000 0.77160000 -0.00000000
vn -0.63610000 0.77160000 -0.00000000
vn -0.92710000 0.37490000 -0.00000000
vn -0.00000000 -0.00000000 1.00000000
vn -0.83120000 -0.55590000 -0.00000000
vn -0.92260000 -0.38570000 -0.00000000
vn -0.00000000 -0.00000000 1.00000000
vn -0.00000000 -0.00000000 1.00000000
vn 0.79260000 0.60980000 -0.00000000
vn 0.47720000 0.87880000 -0.00000000
vn 0.47720000 0.87880000 -0.00000000
vn -0.00000000 -0.00000000 1.00000000
vn 0.02450000 0.99970000 -0.00000000
vn -0.00000000 -0.00000000 1.00000000
vn 0.96240000 0.27180000 -0.00000000
vn 0.79260000 0.60980000 -0.00000000
vn -0.00000000 -0.00000000 1.00000000
vn -0.00000000 -1.00000000 -0.00000000
vn -0.97790000 -0.20920000 -0.00000000
vn 1.00000000 0.00160000 -0.00000000
vn 0.96240000 0.27180000 -0.00000000
vn -0.00000000 -0.00000000 1.00000000
vn -0.58580000 -0.81040000 -0.00000000
vn -0.89300000 -0.45000000 -0.00000000
vn -0.00000000 -0.00000000 1.00000000
vn -0.99410000 -0.10860000 -0.00000000
vn -0.89300000 -0.45000000 -0.00000000
vn -0.00000000 -0.00000000 1.00000000
vn -0.00000000 -0.00000000 1.00000000
vn 0.82850000 0.56000000 -0.00000000
vn -0.37380000 0.92750000 -0.00000000
vn -0.00000000 -0.00000000 1.00000000
vn -0.00000000 -0.00000000 1.00000000
vn 0.99590000 -0.09010000 -0.00000000
vn 0.89290000 0.45020000 -0.00000000
vn 0.91610000 0.40090000 -0.00000000
vn -0.00000000 -0.00000000 1.00000000
vn 0.85240000 0.52290000 -0.00000000
vn 0.91610000 0.40080000 -0.00000000
vn -0.00000000 -0.00000000 1.00000000
vn 0.99200000 0.12650000 -0.00000000
vn 0.91610000 0.40080000 -0.00000000
vn -0.00000000 -0.00000000 1.00000000
vn 0.99200000 0.12650000 -0.00000000
vn 0.94310000 -0.33240000 -0.00000000
vn 0.94310000 -0.33240000 -0.00000000
vn 0.69780000 -0.71630000 -0.00000000
vn 0.69870000 -0.71540000 -0.00000000
vn -0.00000000 -0.00000000 1.00000000
vn 0.27870000 -0.96040000 -0.00000000
vn 0.27800000 -0.96060000 -0.00000000
vn -0.00000000 -0.00000000 1.00000000
vn 0.69870000 -0.71540000 -0.00000000
vn -0.17720000 -0.98420000 -0.00000000
vn -0.00000000 -0.00000000 1.00000000
vn -0.17750000 -0.98410000 -0.00000000
vn 0.27870000 -0.96040000 -0.00000000
vn 0.96180000 -0.27360000 -0.00000000
vn 1.00000000 0.00160000 -0.00000000
vn -0.00000000 -0.00000000 1.00000000
vn -0.80520000 -0.59300000 -0.00000000
vn -0.00000000 -0.00000000 1.00000000
vn -0.97790000 -0.20920000 -0.00000000
vn -0.00000000 -0.00000000 1.00000000
vn 0.71300000 -0.70110000 -0.00000000
vn 0.96180000 -0.27360000 -0.00000000
vn 0.70710000 -0.70710000 -0.00000000
vn -0.77850000 -0.62760000 -0.00000000
vn -0.00000000 -0.00000000 1.00000000
vn -0.78770000 -0.61600000 -0.00000000
vn -0.77850000 -0.62760000 -0.00000000
vn -0.78770000 -0.61610000 -0.00000000
vn -0.00000000 -0.00000000 1.00000000
vn -0.78230000 -0.62290000 -0.00000000
vn -0.00000000 -0.00000000 1.00000000
vn -0.78770000 -0.61600000 -0.00000000
vn -0.78230000 -0.62290000 -0.00000000
vn -0.00000000 -0.00000000 1.00000000
vn -0.83120000 -0.55590000 -0.00000000
vn 0.31010000 0.95070000 -0.00000000
vn -0.14760000 0.98900000 -0.00000000
vn -0.00000000 -0.00000000 1.00000000
vn -0.14760000 0.98900000 -0.00000000
vn -0.60230000 0.79830000 -0.00000000
vn -0.00000000 -0.00000000 1.00000000
vn -0.00000000 -0.00000000 1.00000000
vn -0.84230000 0.53900000 -0.00000000
vn -0.60230000 0.79830000 -0.00000000
vn -0.60290000 0.79780000 -0.00000000
vn -0.00000000 -0.00000000 1.00000000
vn -0.84230000 0.53900000 -0.00000000
vn -0.84230000 0.53890000 -0.00000000
vn -0.88210000 0.47110000 -0.00000000
vn -0.11950000 0.99280000 -0.00000000
vn -0.00000000 -0.00000000 1.00000000
vn 0.02450000 0.99970000 -0.00000000
vn -0.88210000 0.47110000 -0.00000000
vn -0.00000000 -0.00000000 1.00000000
vn -0.11950000 0.99280000 -0.00000000
vn -0.00000000 -0.00000000 1.00000000
vn 0.67760000 0.73550000 -0.00000000
vn 0.67780000 0.73520000 -0.00000000
vn 0.31010000 0.95070000 -0.00000000
vn 0.67780000 0.73520000 -0.00000000
vn 0.86200000 0.50690000 -0.00000000
vn -0.00000000 -0.00000000 1.00000000
vn 0.89850000 0.43900000 -0.00000000
vn 0.86200000 0.50690000 -0.00000000
vn -0.00000000 -0.00000000 1.00000000
vn 0.36240000 -0.93200000 -0.00000000
vn 0.99590000 -0.09010000 -0.00000000
vn 0.36250000 -0.93200000 -0.00000000
vn -0.00000000 -0.00000000 1.00000000
vn -0.00000000 -0.00000000 1.00000000
vn 0.36240000 -0.93200000 -0.00000000
vn -0.37380000 0.92750000 -0.00000000
vn -0.00000000 -0.00000000 1.00000000
vn -0.26970000 0.96300000 -0.00000000
vn -0.00000000 -0.00000000 1.00000000
vn 0.90140000 -0.43300000 -0.00000000
vn -0.00000000 -0.00000000 1.00000000
vn -0.26970000 0.96300000 -0.00000000
vn -0.25810000 0.96610000 -0.00000000
vn -0.26960000 0.96300000 -0.00000000
vn -0.00000000 -0.00000000 1.00000000
vn 0.82850000 0.56000000 -0.00000000
vn 0.85240000 0.52290000 -0.00000000
vn 0.88840000 0.45910000 -0.00000000
vn -0.00000000 -0.00000000 1.00000000
vn 0.89850000 0.43900000 -0.00000000
vn -0.00000000 -0.00000000 1.00000000
vn 0.88840000 0.45910000 -0.00000000
vn 0.89290000 0.45020000 -0.00000000
vn -0.08060000 0.99670000 -0.00000000
vn -0.00000000 -0.00000000 1.00000000
vn 0.91050000 -0.41350000 -0.00000000
vn -0.00000000 -0.00000000 1.00000000
vn 0.91960000 -0.39280000 -0.00000000
vn -0.08060000 0.99670000 -0.00000000
vn -0.07870000 0.99690000 -0.00000000
vn -0.00000000 -0.00000000 1.00000000
vn 0.91960000 -0.39280000 -0.00000000
vn -0.00000000 -0.00000000 1.00000000
vn 0.93590000 -0.35220000 -0.00000000
vn -0.00000000 -0.00000000 1.00000000
vn -0.07870000 0.99690000 -0.00000000
vn 0.93590000 -0.35220000 -0.00000000
vn 0.91050000 -0.41350000 -0.00000000
vn 0.90140000 -0.43300000 -0.00000000
vn -0.00000000 -0.00000000 1.00000000
vn -0.25800000 0.96610000 -0.00000000
vn -0.25810000 0.96610000 -0.00000000
vn -0.00000000 -0.00000000 1.00000000
vn -0.31710000 -0.94840000 -0.00000000
vn -0.00000000 -0.00000000 1.00000000
vn -0.46500000 -0.88530000 -0.00000000
vn 0.04540000 -0.99900000 -0.00000000
vn 0.04550000 -0.99900000 -0.00000000
vn -0.31710000 -0.94840000 -0.00000000
vn -0.00000000 -0.00000000 1.00000000
vn -0.17750000 -0.98410000 -0.00000000
vn -0.46470000 -0.88550000 -0.00000000
vn -0.00000000 -0.00000000 1.00000000
vn -0.46500000 -0.88530000 -0.00000000
vn 0.04540000 -0.99900000 -0.00000000
vn -0.00000000 -0.00000000 1.00000000
vn -0.00000000 -0.00000000 1.00000000
vn 0.67320000 -0.73940000 -0.00000000
vn -0.00000000 -0.00000000 1.00000000
vn 0.70710000 -0.70710000 -0.00000000
vn 0.67320000 -0.73940000 -0.00000000
vn 0.67330000 -0.73940000 -0.00000000
vn -0.00000000 -0.00000000 1.00000000
vn -0.11960000 -0.99280000 -0.00000000
vn -0.00000000 -0.00000000 1.00000000
vn 0.28130000 -0.95960000 -0.00000000
vn 0.71300000 -0.70110000 -0.00000000
vn 0.28130000 -0.95960000 -0.00000000
vn -0.00000000 -0.00000000 1.00000000
vn -0.00000000 -0.00000000 1.00000000
vn -0.47980000 -0.87740000 -0.00000000
vn -0.11960000 -0.99280000 -0.00000000
vn -0.80520000 -0.59300000 -0.00000000
vn -0.47980000 -0.87740000 -0.00000000
vn -0.00000000 -0.00000000 1.00000000
vn -0.99410000 -0.10860000 -0.00000000
vn -0.98390000 0.17880000 -0.00000000
vn -0.00000000 -0.00000000 1.00000000
vn -0.00000000 -0.00000000 1.00000000
vn -0.82380000 0.56690000 -0.00000000
vn -0.98390000 0.17880000 -0.00000000
vn -0.00000000 -0.00000000 1.00000000
vn -0.44640000 0.89480000 -0.00000000
vn -0.82380000 0.56690000 -0.00000000
vn -0.00000000 -0.00000000 1.00000000
vn -0.00000000 -0.00000000 1.00000000
vn 0.82230000 0.56900000 -0.00000000
vn 0.55720000 0.83030000 -0.00000000
vn -0.00000000 -0.00000000 1.00000000
vn 0.98420000 0.17700000 -0.00000000
vn 0.82230000 0.56900000 -0.00000000
vn -0.44640000 0.89480000 -0.00000000
vn -0.00000000 -0.00000000 1.00000000
vn -0.10050000 0.99490000 -0.00000000
vn 0.14870000 0.98890000 -0.00000000
vn -0.10050000 0.99490000 -0.00000000
vn -0.00000000 -0.00000000 1.00000000
vn 0.14870000 0.98890000 -0.00000000
vn 0.55720000 0.83030000 -0.00000000
vn -0.00000000 -0.00000000 1.00000000
vn 0.55560000 0.83150000 -0.00000000
vn 0.83150000 0.55560000 -0.00000000
vn -0.00000000 -0.00000000 1.00000000
vn -0.00000000 -0.00000000 1.00000000
vn 0.19510000 0.98080000 -0.00000000
vn 0.55560000 0.83150000 -0.00000000
vn 0.83150000 0.55560000 -0.00000000
vn -0.00000000 -0.00000000 1.00000000
vn 0.98080000 0.19510000 -0.00000000
vn -0.00000000 1.00000000 -0.00000000
vn 0.19510000 0.98080000 -0.00000000
vn -0.00000000 -0.00000000 1.00000000
vn 1.00000000 -0.00250000 -0.00000000
vn 1.00000000 -0.00230000 -0.00000000
vn -0.00000000 -0.00000000 1.00000000
vn -0.00000000 -0.00000000 1.00000000
vn 1.00000000 -0.00230000 -0.00000000
vn -0.00000000 -0.00000000 1.00000000
vn 0.99550000 -0.09430000 -0.00000000
vn -0.00000000 -0.00000000 1.00000000
vn 1.00000000 -0.00250000 -0.00000000
vn -0.00000000 -0.00000000 1.00000000
vn 0.95240000 -0.30480000 -0.00000000
vn 0.99550000 -0.09430000 -0.00000000
vn -0.00000000 -0.00000000 1.00000000
vn 0.83130000 -0.55590000 -0.00000000
vn 0.87860000 -0.47760000 -0.00000000
vn 0.87860000 -0.47760000 -0.00000000
vn -0.00000000 -0.00000000 1.00000000
vn -0.00000000 -1.00000000 -0.00000000
vn -0.00000000 -0.00000000 1.00000000
vn -0.00000000 -1.00000000 -0.00000000
vn -1.00000000 0.00200000 -0.00000000
vn 0.74490000 -0.66710000 -0.00000000
vn -0.00000000 -0.00000000 1.00000000
vn -0.00000000 -0.00000000 1.00000000
vn 0.83130000 -0.55590000 -0.00000000
vn 0.74490000 -0.66710000 -0.00000000
vn -0.00000000 -0.00000000 1.00000000
vn 0.55560000 -0.83150000 -0.00000000
vn 0.19510000 -0.98080000 -0.00000000
vn -0.00000000 -0.00000000 1.00000000
vn 0.83150000 -0.55560000 -0.00000000
vn 0.55560000 -0.83150000 -0.00000000
vn -0.00000000 -1.00000000 -0.00000000
vn 0.19510000 -0.98080000 -0.00000000
vn -0.00000000 -0.00000000 1.00000000
vn -0.00000000 -0.00000000 1.00000000
vn 0.98080000 -0.19510000 -0.00000000
vn 0.83150000 -0.55560000 -0.00000000
vn -0.00000000 -1.00000000 -0.00000000
vn -0.00000000 -0.00000000 1.00000000
vn -0.98080000 -0.19510000 -0.00000000
vn -0.00000000 -0.00000000 1.00000000
vn -0.83150000 -0.55560000 -0.00000000
vn -0.00000000 -0.00000000 1.00000000
vn -0.55560000 -0.83150000 -0.00000000
vn -0.83150000 -0.55560000 -0.00000000
vn -0.00000000 -0.00000000 1.00000000
vn -0.55560000 -0.83150000 -0.00000000
vn -0.19510000 -0.98080000 -0.00000000
vn -0.00000000 -1.00000000 -0.00000000
vn -0.00000000 -0.00000000 1.00000000
vn -0.19510000 -0.98080000 -0.00000000
vn -0.00000000 -0.00000000 1.00000000
vn -0.98080000 -0.19510000 -0.00000000
vn -0.00000000 -0.00000000 1.00000000
vn -1.00000000 -0.00000000 -0.00000000
vn -0.00000000 -0.00000000 1.00000000
vn -0.00000000 -0.00000000 1.00000000
vn -1.00000000 -0.00000000 -0.00000000
vn -0.55560000 0.83150000 -0.00000000
vn -0.19510000 0.98080000 -0.00000000
vn -0.00000000 -0.00000000 1.00000000
vn -0.83150000 0.55560000 -0.00000000
vn -0.55560000 0.83150000 -0.00000000
vn -0.00000000 -0.00000000 1.00000000
vn -0.19510000 0.98080000 -0.00000000
vn -0.00000000 1.00000000 -0.00000000
vn -0.00000000 -0.00000000 1.00000000
vn -0.00000000 -0.00000000 1.00000000
vn -0.98080000 0.19510000 -0.00000000
vn -0.83150000 0.55560000 -0.00000000
vn -0.00000000 -0.00000000 1.00000000
vn 0.41540000 0.90960000 -0.00000000
vn 0.65490000 0.75570000 -0.00000000
vn -0.00000000 -0.00000000 1.00000000
vn -0.00000000 -0.00000000 1.00000000
vn 0.65490000 0.75570000 -0.00000000
vn 0.84130000 0.54060000 -0.00000000
vn -0.00000000 -0.00000000 1.00000000
vn -0.00000000 -0.00000000 1.00000000
vn 0.84130000 0.54060000 -0.00000000
vn 0.95950000 0.28170000 -0.00000000
vn -0.00000000 -0.00000000 1.00000000
vn 1.00000000 -0.00000000 -0.00000000
vn 0.95950000 0.28170000 -0.00000000
vn -0.00000000 -0.00000000 1.00000000
vn 0.95950000 -0.28170000 -0.00000000
vn 1.00000000 -0.00000000 -0.00000000
vn -0.00000000 -0.00000000 1.00000000
vn -0.00000000 -0.00000000 1.00000000
vn 0.84130000 -0.54060000 -0.00000000
vn 0.95950000 -0.28170000 -0.00000000
vn -0.00000000 -0.00000000 1.00000000
vn -0.14740000 0.98910000 -0.00000000
vn 0.16350000 0.98650000 -0.00000000
vn 0.16390000 0.98650000 -0.00000000
vn 0.71370000 0.70050000 -0.00000000
vn 0.71370000 0.70040000 -0.00000000
vn 0.16350000 0.98650000 -0.00000000
vn -0.00000000 -0.00000000 1.00000000
vn -0.14230000 -0.98980000 -0.00000000
vn -0.41540000 -0.90960000 -0.00000000
vn -0.00000000 -0.00000000 1.00000000
vn -0.00000000 -0.00000000 1.00000000
vn -0.14230000 -0.98980000 -0.00000000
vn 0.14230000 -0.98980000 -0.00000000
vn 0.41540000 -0.90960000 -0.00000000
vn -0.00000000 -0.00000000 1.00000000
vn 0.14230000 -0.98980000 -0.00000000
vn 0.65490000 -0.75570000 -0.00000000
vn 0.41540000 -0.90960000 -0.00000000
vn -0.00000000 -0.00000000 1.00000000
vn -0.00000000 -0.00000000 1.00000000
vn 0.84130000 -0.54060000 -0.00000000
vn 0.65490000 -0.75570000 -0.00000000
vn -0.92270000 0.38550000 -0.00000000
vn -0.82870000 0.55970000 -0.00000000
vn -0.00000000 -0.00000000 1.00000000
vn -0.00000000 -0.00000000 1.00000000
vn -0.57670000 0.81700000 -0.00000000
vn -0.82870000 0.55970000 -0.00000000
vn -0.00000000 -0.00000000 1.00000000
vn -0.14740000 0.98910000 -0.00000000
vn -0.57670000 0.81700000 -0.00000000
vn -0.14830000 0.98890000 -0.00000000
vn -0.41540000 -0.90960000 -0.00000000
vn -0.65490000 -0.75570000 -0.00000000
vn -0.00000000 -0.00000000 1.00000000
vn -0.84130000 -0.54060000 -0.00000000
vn -0.65490000 -0.75570000 -0.00000000
vn -0.00000000 -0.00000000 1.00000000
vn -0.92270000 0.38550000 -0.00000000
vn -0.00000000 -0.00000000 1.00000000
vn -0.96850000 0.24920000 -0.00000000
vn -0.00000000 -0.00000000 1.00000000
vn -0.84130000 -0.54060000 -0.00000000
vn -0.95950000 -0.28170000 -0.00000000
vn -1.00000000 -0.00000000 -0.00000000
vn -0.00000000 -0.00000000 1.00000000
vn -0.95950000 -0.28170000 -0.00000000
vn 1.00000000 -0.00000000 -0.00000000
vn -0.00000000 -0.00000000 1.00000000
vn -0.00000000 -0.00000000 1.00000000
vn -1.00000000 -0.00000000 -0.00000000
vn -0.95950000 0.28170000 -0.00000000
vn -0.95950000 0.28170000 -0.00000000
vn -0.84130000 0.54060000 -0.00000000
vn -0.00000000 -0.00000000 1.00000000
vn -0.00000000 -0.00000000 1.00000000
vn -0.84130000 0.54060000 -0.00000000
vn -0.65490000 0.75570000 -0.00000000
vn -0.00000000 -0.00000000 1.00000000
vn -0.65490000 0.75570000 -0.00000000
vn -0.41540000 0.90960000 -0.00000000
vn -0.00000000 -0.00000000 1.00000000
vn -0.41540000 0.90960000 -0.00000000
vn -0.14230000 0.98980000 -0.00000000
vn -0.00000000 -0.00000000 1.00000000
vn 0.14230000 0.98980000 -0.00000000
vn -0.00000000 -0.00000000 1.00000000
vn -0.14230000 0.98980000 -0.00000000
vn 0.14230000 0.98980000 -0.00000000
vn -0.00000000 -0.00000000 1.00000000
vn 0.41540000 0.90960000 -0.00000000
vn -0.00000000 -0.00000000 1.00000000
vn -0.65490000 0.75570000 -0.00000000
vn -0.00000000 -0.00000000 1.00000000
vn -0.84130000 0.54060000 -0.00000000
vn -0.00000000 -0.00000000 1.00000000
vn -0.65490000 0.75570000 -0.00000000
vn -0.41540000 0.90960000 -0.00000000
vn -0.00000000 -0.00000000 1.00000000
vn -0.41540000 0.90960000 -0.00000000
vn -0.14230000 0.98980000 -0.00000000
vn -0.00000000 -0.00000000 1.00000000
vn -0.00000000 -0.00000000 1.00000000
vn -0.65490000 -0.75570000 -0.00000000
vn -0.41540000 -0.90960000 -0.00000000
vn -0.00000000 -0.00000000 1.00000000
vn -0.65490000 -0.75570000 -0.00000000
vn -0.84130000 -0.54060000 -0.00000000
vn -0.00000000 -0.00000000 1.00000000
vn -0.00000000 -0.00000000 1.00000000
vn 0.65490000 -0.75570000 -0.00000000
vn 0.84130000 -0.54060000 -0.00000000
vn -0.95950000 -0.28170000 -0.00000000
vn -0.00000000 -0.00000000 1.00000000
vn -0.84130000 -0.54060000 -0.00000000
vn -0.00000000 -0.00000000 1.00000000
vn 0.14230000 0.98980000 -0.00000000
vn -0.00000000 -0.00000000 1.00000000
vn 0.41540000 0.90960000 -0.00000000
vn 0.41540000 0.90960000 -0.00000000
vn -0.00000000 -0.00000000 1.00000000
vn 0.65490000 0.75570000 -0.00000000
vn 0.84130000 0.54060000 -0.00000000
vn 0.65490000 0.75570000 -0.00000000
vn -0.00000000 -0.00000000 1.00000000
vn -0.00000000 -0.00000000 1.00000000
vn -0.84130000 0.54060000 -0.00000000
vn -0.95950000 0.28170000 -0.00000000
vn 0.95950000 0.28170000 -0.00000000
vn 0.84130000 0.54060000 -0.00000000
vn -0.00000000 -0.00000000 1.00000000
vn -0.00000000 -0.00000000 1.00000000
vn -1.00000000 -0.00000000 -0.00000000
vn -0.95950000 0.28170000 -0.00000000
vn 1.00000000 -0.00000000 -0.00000000
vn 0.95950000 0.28170000 -0.00000000
vn -0.00000000 -0.00000000 1.00000000
vn -0.95950000 -0.28170000 -0.00000000
vn -1.00000000 -0.00000000 -0.00000000
vn -0.00000000 -0.00000000 1.00000000
vn 1.00000000 -0.00000000 -0.00000000
vn -0.00000000 -0.00000000 1.00000000
vn 0.95950000 -0.28170000 -0.00000000
vn -0.00000000 -0.00000000 1.00000000
vn 0.84130000 -0.54060000 -0.00000000
vn 0.95950000 -0.28170000 -0.00000000
vn -0.14230000 -0.98980000 -0.00000000
vn 0.14230000 -0.98980000 -0.00000000
vn -0.00000000 -0.00000000 1.00000000
vn -0.14230000 -0.98980000 -0.00000000
vn -0.00000000 -0.00000000 1.00000000
vn -0.41540000 -0.90960000 -0.00000000
vn -0.41540000 -0.90960000 -0.00000000
vn -0.00000000 -0.00000000 1.00000000
vn -0.65490000 -0.75570000 -0.00000000
vn -0.00000000 -0.00000000 1.00000000
vn -0.84130000 -0.54060000 -0.00000000
vn -0.65490000 -0.75570000 -0.00000000
vn -0.00000000 -0.00000000 1.00000000
vn -0.95950000 -0.28170000 -0.00000000
vn -0.84130000 -0.54060000 -0.00000000
vn -0.84130000 0.54060000 -0.00000000
vn -0.65490000 0.75570000 -0.00000000
vn -0.00000000 -0.00000000 1.00000000
vn -0.65490000 0.75570000 -0.00000000
vn -0.00000000 -0.00000000 1.00000000
vn -0.41540000 0.90960000 -0.00000000
vn -0.41540000 0.90960000 -0.00000000
vn -0.00000000 -0.00000000 1.00000000
vn -0.14230000 0.98980000 -0.00000000
vn -0.95950000 -0.28170000 -0.00000000
vn -1.00000000 -0.00000000 -0.00000000
vn -0.00000000 -0.00000000 1.00000000
vn -0.95950000 0.28170000 -0.00000000
vn -0.00000000 -0.00000000 1.00000000
vn -1.00000000 -0.00000000 -0.00000000
vn -0.95950000 0.28170000 -0.00000000
vn -0.00000000 -0.00000000 1.00000000
vn -0.84130000 0.54060000 -0.00000000
vn -1.00000000 -0.00000000 -0.00000000
vn -0.00000000 -0.00000000 1.00000000
vn -0.00000000 -0.00000000 1.00000000
vn 0.95950000 -0.28170000 -0.00000000
vn 1.00000000 -0.00000000 -0.00000000
vn 0.84130000 -0.54060000 -0.00000000
vn -0.00000000 -0.00000000 1.00000000
vn 0.95950000 -0.28170000 -0.00000000
vn 0.95950000 0.28170000 -0.00000000
vn -0.00000000 -0.00000000 1.00000000
vn 1.00000000 -0.00000000 -0.00000000
vn 0.95950000 0.28170000 -0.00000000
vn 0.84130000 0.54060000 -0.00000000
vn -0.00000000 -0.00000000 1.00000000
vn -0.00000000 -0.00000000 1.00000000
vn -0.05930000 -0.99820000 -0.00000000
vn -0.00000000 -0.00000000 1.00000000
vn -0.05930000 -0.99820000 -0.00000000
vn -0.58580000 -0.81040000 -0.00000000
vn -0.91350000 0.40690000 -0.00000000
vn -0.00000000 -0.00000000 1.00000000
vn -0.00000000 -0.00000000 1.00000000
vn -0.91350000 0.40690000 -0.00000000
vn -0.92710000 0.37490000 -0.00000000
vn 0.55720000 0.83040000 -0.00000000
vn 0.82230000 0.56900000 -0.00000000
vn -0.00000000 -0.00000000 1.00000000
vn 0.98420000 0.17700000 -0.00000000
vn 0.82230000 0.56900000 -0.00000000
vn -0.00000000 -0.00000000 1.00000000
vn 0.36240000 -0.93200000 -0.00000000
vn 0.99590000 -0.09010000 -0.00000000
vn -0.00000000 -0.00000000 1.00000000
vn -0.00000000 -0.00000000 1.00000000
vn 0.36240000 -0.93200000 -0.00000000
vn 0.90140000 -0.43300000 -0.00000000
vn -0.00000000 -0.00000000 1.00000000
vn 0.47720000 0.87880000 -0.00000000
vn -0.00000000 -0.00000000 1.00000000
vn 0.79260000 0.60980000 -0.00000000
vn 0.02450000 0.99970000 -0.00000000
vn 0.47720000 0.87880000 -0.00000000
vn -0.00000000 -0.00000000 1.00000000
vn -0.00000000 -0.00000000 1.00000000
vn 0.96240000 0.27180000 -0.00000000
vn 0.79260000 0.60980000 -0.00000000
vn -0.97790000 -0.20920000 -0.00000000
vn -0.00000000 -1.00000000 -0.00000000
vn -0.00000000 -0.00000000 1.00000000
vn -0.00000000 -0.00000000 1.00000000
vn -0.00000000 -0.00000000 1.00000000
vn -0.58580000 -0.81040000 -0.00000000
vn -0.89300000 -0.45000000 -0.00000000
vn -0.89300000 -0.45000000 -0.00000000
vn -0.00000000 -0.00000000 1.00000000
vn -0.99410000 -0.10860000 -0.00000000
vn -0.00000000 -0.00000000 1.00000000
vn 0.91050000 -0.41350000 -0.00000000
vn 0.90140000 -0.43300000 -0.00000000
vn 0.91050000 -0.41350000 -0.00000000
vn -0.00000000 -0.00000000 1.00000000
vn 0.91960000 -0.39280000 -0.00000000
vn -0.00000000 -0.00000000 1.00000000
vn 0.91960000 -0.39280000 -0.00000000
vn 0.93590000 -0.35220000 -0.00000000
vn -0.00000000 -0.00000000 1.00000000
vn -0.80520000 -0.59300000 -0.00000000
vn -0.97790000 -0.20920000 -0.00000000
vn -0.00000000 -0.00000000 1.00000000
vn 1.00000000 0.00160000 -0.00000000
vn 0.96180000 -0.27360000 -0.00000000
vn -0.00000000 -0.00000000 1.00000000
vn 0.96240000 0.27180000 -0.00000000
vn 1.00000000 0.00160000 -0.00000000
vn -0.00000000 -0.00000000 1.00000000
vn -0.82380000 0.56690000 -0.00000000
vn -0.44640000 0.89480000 -0.00000000
vn -0.10050000 0.99490000 -0.00000000
vn -0.44640000 0.89480000 -0.00000000
vn -0.00000000 -0.00000000 1.00000000
vn -0.00000000 -0.00000000 1.00000000
vn -0.41540000 -0.90960000 -0.00000000
vn -0.16050000 -0.98700000 -0.00000000
vn 0.14870000 0.98890000 -0.00000000
vn -0.00000000 -0.00000000 1.00000000
vn -0.10050000 0.99490000 -0.00000000
vn 0.14870000 0.98890000 -0.00000000
vn -0.00000000 -0.00000000 1.00000000
vn 0.55720000 0.83040000 -0.00000000
vn 0.98420000 0.17700000 -0.00000000
vn -0.00000000 -0.00000000 1.00000000
vn -0.00000000 -0.00000000 1.00000000
vn -0.00000000 -1.00000000 -0.00000000
vn 0.99590000 -0.09010000 -0.00000000
vn 0.89290000 0.45030000 -0.00000000
vn -0.00000000 -0.00000000 1.00000000
vn 0.71300000 -0.70110000 -0.00000000
vn 0.28130000 -0.95960000 -0.00000000
vn -0.00000000 -0.00000000 1.00000000
vn 0.71310000 -0.70110000 -0.00000000
vn 0.71310000 -0.70110000 -0.00000000
vn 0.96180000 -0.27360000 -0.00000000
vn -0.00000000 -0.00000000 1.00000000
vn -0.11960000 -0.99280000 -0.00000000
vn 0.28130000 -0.95960000 -0.00000000
vn -0.00000000 -0.00000000 1.00000000
vn -0.11960000 -0.99280000 -0.00000000
vn -0.47980000 -0.87740000 -0.00000000
vn -0.00000000 -0.00000000 1.00000000
vn -0.00000000 -0.00000000 1.00000000
vn -0.47980000 -0.87740000 -0.00000000
vn -0.80520000 -0.59300000 -0.00000000
vn -0.00000000 -0.00000000 1.00000000
vn -0.99410000 -0.10860000 -0.00000000
vn -0.00000000 -0.00000000 1.00000000
vn -0.98390000 0.17880000 -0.00000000
vn -0.98390000 0.17880000 -0.00000000
vn -0.82380000 0.56690000 -0.00000000
vn -0.00000000 -0.00000000 1.00000000
vn -0.00000000 -0.00000000 1.00000000
vn 0.31090000 0.95050000 -0.00000000
vn -0.14920000 0.98880000 -0.00000000
vn 0.30930000 0.95100000 -0.00000000
vn -0.60230000 0.79830000 -0.00000000
vn -0.14920000 0.98880000 -0.00000000
vn -0.14650000 0.98920000 -0.00000000
vn -0.00000000 -0.00000000 1.00000000
vn -0.00000000 -0.00000000 1.00000000
vn -0.60230000 0.79830000 -0.00000000
vn -0.84230000 0.53900000 -0.00000000
vn -0.00000000 -0.00000000 1.00000000
vn -0.88210000 0.47110000 -0.00000000
vn -0.84230000 0.53900000 -0.00000000
vn -0.84230000 0.53890000 -0.00000000
vn 0.02450000 0.99970000 -0.00000000
vn -0.00000000 -0.00000000 1.00000000
vn -0.11950000 0.99280000 -0.00000000
vn -0.00000000 -0.00000000 1.00000000
vn -0.11950000 0.99280000 -0.00000000
vn -0.88210000 0.47110000 -0.00000000
vn 0.67760000 0.73550000 -0.00000000
vn 0.67730000 0.73570000 -0.00000000
vn 0.31090000 0.95050000 -0.00000000
vn -0.00000000 -0.00000000 1.00000000
vn 0.67760000 0.73550000 -0.00000000
vn 0.86210000 0.50680000 -0.00000000
vn -0.00000000 -0.00000000 1.00000000
vn 0.86210000 0.50680000 -0.00000000
vn -0.00000000 -0.00000000 1.00000000
vn 0.89840000 0.43910000 -0.00000000
vn 0.89840000 0.43910000 -0.00000000
vn -0.00000000 -0.00000000 1.00000000
vn 0.88840000 0.45910000 -0.00000000
vn 0.89290000 0.45030000 -0.00000000
vn 0.88840000 0.45910000 -0.00000000
vn -0.00000000 -0.00000000 1.00000000
vn -0.00000000 -0.00000000 1.00000000
vn 0.95550000 0.29490000 -0.00000000
vn -0.00000000 -0.00000000 1.00000000
vn 0.95550000 0.29490000 -0.00000000
vn 0.94970000 0.31310000 -0.00000000
vn -0.00000000 -0.00000000 1.00000000
vn 0.95240000 -0.30480000 -0.00000000
vn 0.94970000 0.31310000 -0.00000000
vn 0.98080000 0.19510000 -0.00000000
vn 1.00000000 -0.00000000 -0.00000000
vn -0.00000000 -0.00000000 1.00000000
vn -0.00000000 -0.00000000 1.00000000
vn -1.00000000 0.00200000 -0.00000000
vn -0.99980000 0.02180000 -0.00000000
vn -0.00000000 -0.00000000 1.00000000
vn 1.00000000 -0.00000000 -0.00000000
vn -0.00000000 -0.00000000 1.00000000
vn -0.99980000 0.02180000 -0.00000000
vn -0.99840000 0.05610000 -0.00000000
vn -0.99380000 0.11080000 -0.00000000
vn -0.99840000 0.05610000 -0.00000000
vn -0.00000000 -0.00000000 1.00000000
vn 0.93590000 -0.35220000 -0.00000000
vn -0.07870000 0.99690000 -0.00000000
vn -0.00000000 -0.00000000 1.00000000
vn -0.08060000 0.99670000 -0.00000000
vn -0.07870000 0.99690000 -0.00000000
vn -0.00000000 -0.00000000 1.00000000
vn -0.00000000 -0.00000000 1.00000000
vn -0.91430000 0.40510000 -0.00000000
vn -0.99370000 -0.11230000 -0.00000000
vn -0.91420000 0.40520000 -0.00000000
vn -0.77920000 0.62680000 -0.00000000
vn -0.00000000 -0.00000000 1.00000000
vn -0.91430000 0.40510000 -0.00000000
vn -0.63610000 0.77160000 -0.00000000
vn -0.00000000 -0.00000000 1.00000000
vn -0.63460000 0.77280000 -0.00000000
vn -0.00000000 -0.00000000 1.00000000
vn -0.63610000 0.77160000 -0.00000000
vn -0.92710000 0.37490000 -0.00000000
vn -0.77920000 0.62680000 -0.00000000
vn -0.00000000 -0.00000000 1.00000000
vn -0.63460000 0.77280000 -0.00000000
vn -0.63460000 0.77290000 -0.00000000
vn -0.00000000 -0.00000000 1.00000000
vn 0.85230000 0.52300000 -0.00000000
vn 0.91610000 0.40090000 -0.00000000
vn 0.91610000 0.40080000 -0.00000000
vn -0.00000000 -0.00000000 1.00000000
vn 0.91610000 0.40090000 -0.00000000
vn 0.99200000 0.12650000 -0.00000000
vn 0.94290000 -0.33310000 -0.00000000
vn 0.94300000 -0.33290000 -0.00000000
vn -0.00000000 -0.00000000 1.00000000
vn 0.99200000 0.12650000 -0.00000000
vn 0.94290000 -0.33310000 -0.00000000
vn 0.69870000 -0.71540000 -0.00000000
vn -0.00000000 -0.00000000 1.00000000
vn -0.00000000 -0.00000000 1.00000000
vn 0.69870000 -0.71540000 -0.00000000
vn 0.27780000 -0.96060000 -0.00000000
vn 0.27850000 -0.96040000 -0.00000000
vn -0.00000000 -0.00000000 1.00000000
vn -0.00000000 -0.00000000 1.00000000
vn -0.17750000 -0.98410000 -0.00000000
vn 0.27850000 -0.96040000 -0.00000000
vn -0.00000000 -0.00000000 1.00000000
vn 0.04550000 -0.99900000 -0.00000000
vn -0.46490000 -0.88540000 -0.00000000
vn -0.46470000 -0.88550000 -0.00000000
vn -0.17750000 -0.98410000 -0.00000000
vn -0.00000000 -0.00000000 1.00000000
vn -0.31710000 -0.94840000 -0.00000000
vn 0.04550000 -0.99900000 -0.00000000
vn -0.00000000 -0.00000000 1.00000000
vn -0.31710000 -0.94840000 -0.00000000
vn -0.31720000 -0.94840000 -0.00000000
vn -0.46490000 -0.88540000 -0.00000000
vn -0.00000000 -0.00000000 1.00000000
vn -0.78770000 -0.61600000 -0.00000000
vn -0.00000000 -0.00000000 1.00000000
vn -0.78230000 -0.62290000 -0.00000000
vn -0.00000000 -0.00000000 1.00000000
vn -0.78230000 -0.62290000 -0.00000000
vn -0.83120000 -0.55590000 -0.00000000
vn -0.00000000 -0.00000000 1.00000000
vn -0.00000000 1.00000000 -0.00000000
vn -0.83120000 -0.55590000 -0.00000000
vn -0.00000000 -0.00000000 1.00000000
vn -0.92260000 -0.38570000 -0.00000000
vn -0.00000000 -0.00000000 1.00000000
vn -0.99370000 -0.11230000 -0.00000000
vn -0.92260000 -0.38570000 -0.00000000
vn -0.08060000 0.99670000 -0.00000000
vn -0.00000000 -0.00000000 1.00000000
vn -0.25800000 0.96610000 -0.00000000
vn -0.00000000 -0.00000000 1.00000000
vn -0.25810000 0.96610000 -0.00000000
vn -0.26970000 0.96300000 -0.00000000
vn -0.25810000 0.96610000 -0.00000000
vn -0.00000000 -0.00000000 1.00000000
vn -0.26960000 0.96300000 -0.00000000
vn -0.00000000 -0.00000000 1.00000000
vn -0.26970000 0.96300000 -0.00000000
vn -0.37380000 0.92750000 -0.00000000
vn 0.82850000 0.56000000 -0.00000000
vn -0.37380000 0.92750000 -0.00000000
vn -0.00000000 -0.00000000 1.00000000
vn 0.85240000 0.52290000 -0.00000000
vn 0.82850000 0.56000000 -0.00000000
vn -0.00000000 -0.00000000 1.00000000
vn 0.85230000 0.52300000 -0.00000000
vn -0.00000000 -0.00000000 1.00000000
vn 0.67320000 -0.73940000 -0.00000000
vn 0.67330000 -0.73940000 -0.00000000
vn 0.67330000 -0.73940000 -0.00000000
vn -0.00000000 -0.00000000 1.00000000
vn 0.70710000 -0.70710000 -0.00000000
vn -0.00000000 -0.00000000 1.00000000
vn -0.77850000 -0.62760000 -0.00000000
vn 0.70710000 -0.70710000 -0.00000000
vn -0.78770000 -0.61610000 -0.00000000
vn -0.77850000 -0.62760000 -0.00000000
vn -0.00000000 -0.00000000 1.00000000
vn -0.78770000 -0.61600000 -0.00000000
vn -1.00000000 -0.00000000 -0.00000000
vn -0.00000000 -0.00000000 1.00000000
vn -0.98080000 0.19510000 -0.00000000
vn -1.00000000 -0.00000000 -0.00000000
vn -0.00000000 -0.00000000 1.00000000
vn -0.00000000 -0.00000000 1.00000000
vn -0.00000000 -0.00000000 1.00000000
vn -0.00000000 -0.00000000 1.00000000
vn -0.00000000 -0.00000000 1.00000000
vn -0.00000000 -0.00000000 1.00000000
vn 0.14230000 0.98980000 -0.00000000
vn -0.14230000 0.98980000 -0.00000000
vn 0.14230000 0.98980000 -0.00000000
vn -0.00000000 -0.00000000 1.00000000
vn 0.41540000 0.90960000 -0.00000000
vn -0.00000000 -0.00000000 1.00000000
vn 0.41540000 0.90960000 -0.00000000
vn 0.65490000 0.75570000 -0.00000000
vn 0.65490000 0.75570000 -0.00000000
vn 0.84130000 0.54060000 -0.00000000
vn -0.00000000 -0.00000000 1.00000000
vn -0.00000000 -0.00000000 1.00000000
vn -0.99140000 0.13070000 -0.00000000
vn -0.90680000 0.42160000 -0.00000000
vn -0.00000000 -0.00000000 1.00000000
vn -0.99960000 0.02690000 -0.00000000
vn -0.99140000 0.13070000 -0.00000000
vn -0.00000000 -0.00000000 1.00000000
vn 0.99820000 0.05970000 -0.00000000
vn 0.96070000 -0.27760000 -0.00000000
vn -0.92420000 0.38190000 -0.00000000
vn -0.99530000 0.09710000 -0.00000000
vn -0.92420000 0.38200000 -0.00000000
vn -0.00000000 -0.00000000 1.00000000
vn -0.00000000 -0.00000000 1.00000000
vn -0.63530000 0.77230000 -0.00000000
vn -0.63550000 0.77210000 -0.00000000
vn -0.92420000 0.38190000 -0.00000000
vn -0.99960000 0.02690000 -0.00000000
vn -0.00000000 -0.00000000 1.00000000
vn -0.00000000 1.00000000 -0.00000000
vn -0.00000000 -0.00000000 1.00000000
vn 0.68280000 -0.73060000 -0.00000000
vn 0.53630000 -0.84400000 -0.00000000
vn 0.68280000 -0.73060000 -0.00000000
vn -0.00000000 -0.00000000 1.00000000
vn 0.96070000 -0.27760000 -0.00000000
vn 0.96720000 -0.25410000 -0.00000000
vn -0.00000000 -0.00000000 1.00000000
vn 0.76080000 -0.64890000 -0.00000000
vn -0.00000000 -0.00000000 1.00000000
vn 0.76080000 -0.64890000 -0.00000000
vn 0.28630000 -0.95820000 -0.00000000
vn 0.28630000 -0.95810000 -0.00000000
vn 0.26000000 0.96560000 -0.00000000
vn -0.20990000 0.97770000 -0.00000000
vn -0.00000000 -0.00000000 1.00000000
vn -0.64260000 0.76620000 -0.00000000
vn -0.20990000 0.97770000 -0.00000000
vn -0.00000000 -0.00000000 1.00000000
vn -0.00000000 -0.00000000 1.00000000
vn -0.90680000 0.42160000 -0.00000000
vn -0.64260000 0.76620000 -0.00000000
vn -0.00000000 -0.00000000 1.00000000
vn -0.00000000 -0.00000000 1.00000000
vn -0.00000000 -0.00000000 1.00000000
vn 0.96150000 -0.27490000 -0.00000000
vn -0.00000000 -0.00000000 1.00000000
vn 0.80820000 -0.58900000 -0.00000000
vn -0.00000000 -0.00000000 1.00000000
vn 0.96150000 -0.27490000 -0.00000000
vn 0.80820000 -0.58890000 -0.00000000
vn -0.00000000 -0.00000000 1.00000000
vn -0.00000000 1.00000000 -0.00000000
vn 0.99920000 0.04080000 -0.00000000
vn -0.00000000 -0.00000000 1.00000000
vn 0.99920000 -0.04080000 -0.00000000
vn 0.96720000 -0.25410000 -0.00000000
vn -0.00000000 -0.00000000 1.00000000
vn -0.23850000 0.97110000 -0.00000000
vn -0.63550000 0.77210000 -0.00000000
vn -0.04590000 0.99890000 -0.00000000
vn -0.04580000 0.99890000 -0.00000000
vn -0.23850000 0.97110000 -0.00000000
vn -0.00000000 -0.00000000 1.00000000
vn -0.00000000 -0.00000000 1.00000000
vn -0.04590000 0.99890000 -0.00000000
vn -0.00000000 -0.00000000 1.00000000
vn 0.99820000 0.05970000 -0.00000000
vn 0.92850000 0.37130000 -0.00000000
vn 0.92850000 0.37130000 -0.00000000
vn -0.00000000 -0.00000000 1.00000000
vn 0.70350000 0.71070000 -0.00000000
vn 0.26000000 0.96560000 -0.00000000
vn -0.00000000 -0.00000000 1.00000000
vn 0.70350000 0.71070000 -0.00000000
vn -0.00000000 -0.00000000 1.00000000
vn -0.31440000 -0.94930000 -0.00000000
vn -0.70550000 -0.70870000 -0.00000000
vn -0.00000000 -0.00000000 1.00000000
vn -0.31440000 -0.94930000 -0.00000000
vn 0.04610000 -0.99890000 -0.00000000
vn -0.00000000 -0.00000000 1.00000000
vn 0.28630000 -0.95820000 -0.00000000
vn -0.00000000 -0.00000000 1.00000000
vn 0.04620000 -0.99890000 -0.00000000
vn 0.04610000 -0.99890000 -0.00000000
vn -0.00000000 -0.00000000 1.00000000
vn -0.00000000 -0.00000000 1.00000000
vn -0.00000000 -0.00000000 1.00000000
vn -0.99880000 0.04940000 -0.00000000
vn -0.00000000 -0.00000000 1.00000000
vn -0.99580000 0.09110000 -0.00000000
vn 0.99210000 -0.12560000 -0.00000000
vn 0.98450000 -0.17550000 -0.00000000
vn -0.00000000 -0.00000000 1.00000000
vn -0.00000000 -0.00000000 1.00000000
vn -0.95280000 0.30350000 -0.00000000
vn -0.99580000 0.09110000 -0.00000000
vn -0.00000000 -0.00000000 1.00000000
vn 0.99210000 -0.12560000 -0.00000000
vn 0.16870000 -0.98570000 -0.00000000
vn 0.03310000 -0.99950000 -0.00000000
vn 0.16860000 -0.98570000 -0.00000000
vn -0.00000000 -0.00000000 1.00000000
vn 0.16860000 -0.98570000 -0.00000000
vn -0.00000000 -0.00000000 1.00000000
vn 0.61210000 -0.79080000 -0.00000000
vn 0.90190000 -0.43200000 -0.00000000
vn 0.90190000 -0.43190000 -0.00000000
vn -0.00000000 -0.00000000 1.00000000
vn 0.61210000 -0.79080000 -0.00000000
vn -0.00000000 -0.00000000 1.00000000
vn 0.99920000 -0.04080000 -0.00000000
vn 0.99920000 0.04080000 -0.00000000
vn -0.00000000 -0.00000000 1.00000000
vn -0.94280000 -0.33320000 -0.00000000
vn -0.70550000 -0.70870000 -0.00000000
vn -0.00000000 -0.00000000 1.00000000
vn -0.99960000 -0.02650000 -0.00000000
vn -0.00000000 -0.00000000 1.00000000
vn -0.95980000 0.28080000 -0.00000000
vn 0.67020000 -0.74220000 -0.00000000
vn 0.80820000 -0.58890000 -0.00000000
vn -0.00000000 -0.00000000 1.00000000
vn -0.00000000 -0.00000000 1.00000000
vn 0.67020000 -0.74220000 -0.00000000
vn 0.60700000 -0.79470000 -0.00000000
vn 0.53630000 -0.84400000 -0.00000000
vn 0.60700000 -0.79470000 -0.00000000
vn -0.00000000 -0.00000000 1.00000000
vn -0.70360000 0.71060000 -0.00000000
vn -0.00000000 -0.00000000 1.00000000
vn -0.95280000 0.30350000 -0.00000000
vn -0.00000000 -0.00000000 1.00000000
vn -0.70360000 0.71060000 -0.00000000
vn -0.00000000 -0.00000000 1.00000000
vn -0.75140000 0.65980000 -0.00000000
vn -0.00000000 -0.00000000 1.00000000
vn -0.00000000 -1.00000000 -0.00000000
vn -0.95980000 0.28080000 -0.00000000
vn -0.00000000 -0.00000000 1.00000000
vn -0.75140000 0.65980000 -0.00000000
vn -0.00000000 -0.00000000 1.00000000
vn 0.03310000 -0.99950000 -0.00000000
vn -0.99880000 0.04940000 -0.00000000
vn -0.00000000 -0.00000000 1.00000000
vn 0.90190000 -0.43190000 -0.00000000
vn 0.98450000 -0.17550000 -0.00000000
vn -0.00000000 -0.00000000 1.00000000
vn -0.00000000 -1.00000000 -0.00000000
vn -0.99920000 -0.04000000 -0.00000000
vn -0.00000000 -0.00000000 1.00000000
vn -0.99530000 0.09710000 -0.00000000
vn -0.00000000 -0.00000000 1.00000000
vn -0.99920000 -0.04000000 -0.00000000
vn -0.00000000 -0.00000000 1.00000000
vn -0.00000000 1.00000000 -0.00000000
vn -0.00000000 1.00000000 -0.00000000
vn -0.00000000 -0.00000000 1.00000000
vn -0.00000000 1.00000000 -0.00000000
vn -0.00000000 -0.00000000 1.00000000
vn -0.00000000 -0.00000000 1.00000000
vn -0.00000000 -0.00000000 1.00000000
vn -0.00000000 -0.00000000 1.00000000
vn -0.00000000 -0.00000000 1.00000000
vn -0.00000000 -0.00000000 1.00000000
vn 0.98080000 -0.19510000 -0.00000000
vn 1.00000000 -0.00000000 -0.00000000
vn -0.00000000 -1.00000000 -0.00000000
vn -0.00000000 -0.00000000 1.00000000
vn -0.00000000 -0.00000000 1.00000000
vn -0.00000000 -1.00000000 -0.00000000
vn -0.00000000 -0.00000000 1.00000000
vn -0.00000000 -1.00000000 -0.00000000
vn -0.00000000 -0.00000000 1.00000000
vn -0.00000000 -1.00000000 -0.00000000
vn -0.00000000 -1.00000000 -0.00000000
vn -0.00000000 -0.00000000 1.00000000
vn -0.00000000 -1.00000000 -0.00000000
vn -0.00000000 -0.00000000 1.00000000
vn -0.00000000 -1.00000000 -0.00000000
vn -0.00000000 -0.00000000 1.00000000
vn -0.00000000 1.00000000 -0.00000000
vn 0.19510000 0.98080000 -0.00000000
vn -0.00000000 -0.00000000 -1.00000000
vn -0.00000000 -0.00000000 -1.00000000
vn 0.19510000 0.98080000 -0.00000000
vn 0.55560000 0.83150000 -0.00000000
vn 0.83150000 0.55560000 -0.00000000
vn -0.00000000 -0.00000000 -1.00000000
vn 0.55560000 0.83150000 -0.00000000
vn -0.00000000 -0.00000000 -1.00000000
vn 0.98080000 0.19510000 -0.00000000
vn 0.83150000 0.55560000 -0.00000000
vn 1.00000000 -0.00000000 -0.00000000
vn 0.98080000 0.19510000 -0.00000000
vn -0.00000000 -0.00000000 -1.00000000
vn 1.00000000 -0.00000000 -0.00000000
vn 0.98080000 -0.19510000 -0.00000000
vn -0.00000000 -0.00000000 -1.00000000
vn 0.83150000 -0.55560000 -0.00000000
vn -0.00000000 -0.00000000 -1.00000000
vn 0.98080000 -0.19510000 -0.00000000
vn 0.83150000 -0.55560000 -0.00000000
vn 0.55560000 -0.83150000 -0.00000000
vn -0.00000000 -0.00000000 -1.00000000
vn -0.00000000 -0.00000000 -1.00000000
vn 0.55560000 -0.83150000 -0.00000000
vn 0.19510000 -0.98080000 -0.00000000
vn 0.19510000 -0.98080000 -0.00000000
vn -0.00000000 -1.00000000 -0.00000000
vn -0.00000000 -0.00000000 -1.00000000
vn -0.00000000 -1.00000000 -0.00000000
vn -0.00000000 -0.00000000 -1.00000000
vn -0.19510000 -0.98080000 -0.00000000
vn -0.55560000 -0.83150000 -0.00000000
vn -0.00000000 -0.00000000 -1.00000000
vn -0.19510000 -0.98080000 -0.00000000
vn -0.55560000 -0.83150000 -0.00000000
vn -0.83150000 -0.55560000 -0.00000000
vn -0.00000000 -0.00000000 -1.00000000
vn -0.83150000 -0.55560000 -0.00000000
vn -0.98080000 -0.19510000 -0.00000000
vn -0.00000000 -0.00000000 -1.00000000
vn -1.00000000 -0.00000000 -0.00000000
vn -0.00000000 -0.00000000 -1.00000000
vn -0.98080000 -0.19510000 -0.00000000
vn -1.00000000 -0.00000000 -0.00000000
vn -0.00000000 -0.00000000 -1.00000000
vn -0.98080000 0.19510000 -0.00000000
vn -0.00000000 -0.00000000 -1.00000000
vn -0.98080000 0.19510000 -0.00000000
vn -0.83150000 0.55560000 -0.00000000
vn -0.83150000 0.55560000 -0.00000000
vn -0.55560000 0.83150000 -0.00000000
vn -0.00000000 -0.00000000 -1.00000000
vn -0.55560000 0.83150000 -0.00000000
vn -0.19510000 0.98080000 -0.00000000
vn -0.00000000 -0.00000000 -1.00000000
vn -0.19510000 0.98080000 -0.00000000
vn -0.00000000 -0.00000000 -1.00000000
vn -0.00000000 1.00000000 -0.00000000
vn -0.00000000 -0.00000000 -1.00000000
vn -0.98080000 0.19510000 -0.00000000
vn -0.83150000 0.55560000 -0.00000000
vn -0.00000000 -0.00000000 -1.00000000
vn 0.96590000 -0.25880000 -0.00000000
vn 0.70710000 -0.70710000 -0.00000000
vn 0.96590000 0.25880000 -0.00000000
vn -0.00000000 -0.00000000 -1.00000000
vn 0.96590000 -0.25880000 -0.00000000
vn -0.96590000 -0.25880000 -0.00000000
vn -0.70710000 -0.70710000 -0.00000000
vn -0.00000000 -0.00000000 -1.00000000
vn -0.70710000 -0.70710000 -0.00000000
vn -0.00000000 -0.00000000 -1.00000000
vn -0.25880000 -0.96590000 -0.00000000
vn -0.00000000 -0.00000000 -1.00000000
vn -0.25880000 -0.96590000 -0.00000000
vn -0.70710000 -0.70710000 -0.00000000
vn 0.98080000 0.19510000 -0.00000000
vn 0.83150000 0.55560000 -0.00000000
vn -0.00000000 -0.00010000 -1.00000000
vn 0.83150000 0.55560000 -0.00000000
vn -0.00000000 -0.00010000 -1.00000000
vn -0.00000000 -0.00000000 -1.00000000
vn 0.55560000 0.83150000 -0.00000000
vn -0.00000000 -0.00000000 -1.00000000
vn -0.70710000 -0.70710000 -0.00000000
vn -0.96590000 -0.25880000 -0.00000000
vn -0.55560000 0.83150000 -0.00000000
vn -0.83150000 0.55560000 -0.00000000
vn -0.00000000 -0.00000000 -1.00000000
vn -0.55560000 0.83150000 -0.00000000
vn -0.00000000 -0.00000000 -1.00000000
vn -0.19510000 0.98080000 -0.00000000
vn 0.70710000 -0.70710000 -0.00000000
vn 0.25880000 -0.96590000 -0.00000000
vn -0.00000000 -0.00000000 -1.00000000
vn 0.25880000 -0.96590000 -0.00000000
vn -0.25880000 -0.96590000 -0.00000000
vn -0.00000000 -0.00000000 -1.00000000
vn -0.25880000 -0.96590000 -0.00000000
vn -0.70710000 -0.70710000 -0.00000000
vn -0.00000000 -0.00000000 -1.00000000
vn 0.70710000 0.70710000 -0.00000000
vn -0.00000000 -0.00000000 -1.00000000
vn 0.96590000 0.25880000 -0.00000000
vn 0.25880000 0.96590000 -0.00000000
vn 0.70710000 0.70710000 -0.00000000
vn -0.00000000 -0.00000000 -1.00000000
vn -0.25880000 0.96590000 -0.00000000
vn -0.70710000 0.70710000 -0.00000000
vn -0.00000000 -0.00000000 -1.00000000
vn -0.96590000 0.25880000 -0.00000000
vn -0.70710000 0.70710000 -0.00000000
vn -0.00000000 -0.00000000 -1.00000000
vn -0.00000000 -0.00000000 -1.00000000
vn -0.96590000 0.25880000 -0.00000000
vn -0.96590000 -0.25880000 -0.00000000
vn -0.00000000 -0.00000000 -1.00000000
vn 0.55560000 0.83150000 -0.00000000
vn 0.19510000 0.98080000 -0.00000000
vn 0.96590000 0.25880000 -0.00000000
vn -0.00000000 -0.00000000 -1.00000000
vn 0.96590000 -0.25880000 -0.00000000
vn 0.25880000 -0.96590000 -0.00000000
vn -0.00000000 -0.00000000 -1.00000000
vn 0.70710000 -0.70710000 -0.00000000
vn 0.96590000 -0.25880000 -0.00000000
vn 0.70710000 -0.70710000 -0.00000000
vn -0.00000000 -0.00000000 -1.00000000
vn 0.96590000 -0.25880000 -0.00000000
vn 0.96590000 0.25880000 -0.00000000
vn -0.00000000 -0.00000000 -1.00000000
vn 0.70710000 0.70710000 -0.00000000
vn -0.00000000 -0.00000000 -1.00000000
vn 0.96590000 0.25880000 -0.00000000
vn -0.00000000 -0.00000000 -1.00000000
vn -0.96590000 0.25880000 -0.00000000
vn -0.96590000 -0.25880000 -0.00000000
vn -0.96590000 0.25880000 -0.00000000
vn -0.70710000 0.70710000 -0.00000000
vn -0.00000000 -0.00000000 -1.00000000
vn -0.00000000 -0.00000000 -1.00000000
vn 0.98080000 -0.19510000 -0.00000000
vn 0.83150000 -0.55560000 -0.00000000
vn 0.70710000 0.70710000 -0.00000000
vn -0.00000000 -0.00000000 -1.00000000
vn 0.96590000 0.25880000 -0.00000000
vn -0.00000000 -0.00000000 -1.00000000
vn 0.70710000 0.70710000 -0.00000000
vn 0.25880000 0.96590000 -0.00000000
vn -0.96590000 -0.25880000 -0.00000000
vn -0.96590000 0.25880000 -0.00000000
vn -0.00000000 -0.00000000 -1.00000000
vn -0.00000000 -0.00000000 -1.00000000
vn -0.70710000 0.70710000 -0.00000000
vn -0.96590000 0.25880000 -0.00000000
vn -0.00000000 -0.00000000 -1.00000000
vn -0.70710000 0.70710000 -0.00000000
vn -0.25880000 0.96590000 -0.00000000
vn -0.98080000 0.19510000 -0.00000000
vn -0.83150000 0.55560000 -0.00000000
vn -0.00000000 -0.00000000 -1.00000000
vn 0.70710000 -0.70710000 -0.00000000
vn 0.96590000 -0.25880000 -0.00000000
vn -0.00000000 -0.00000000 -1.00000000
vn 0.70710000 -0.70710000 -0.00000000
vn 0.25880000 -0.96590000 -0.00000000
vn -0.00000000 -0.00000000 -1.00000000
vn -0.00000000 -0.00000000 -1.00000000
vn 0.96590000 -0.25880000 -0.00000000
vn 0.70710000 -0.70710000 -0.00000000
vn 0.96590000 -0.25880000 -0.00000000
vn -0.00000000 -0.00000000 -1.00000000
vn 0.96590000 0.25880000 -0.00000000
vn 0.70710000 0.70710000 -0.00000000
vn 0.25880000 0.96590000 -0.00000000
vn -0.00000000 -0.00000000 -1.00000000
vn -0.83150000 -0.55560000 -0.00000000
vn -0.00000000 -0.00000000 -1.00000000
vn -0.98080000 -0.19510000 -0.00000000
vn -0.83150000 -0.55560000 -0.00000000
vn -0.00000000 -0.00000000 -1.00000000
vn -0.55560000 -0.83150000 -0.00000000
vn -0.19510000 -0.98080000 -0.00000000
vn -0.55560000 -0.83150000 -0.00000000
vn -0.00000000 -0.00000000 -1.00000000
vn 0.25880000 0.96590000 -0.00000000
vn 0.70710000 0.70710000 -0.00000000
vn -0.00000000 -0.00000000 -1.00000000
vn 0.25880000 0.96590000 -0.00000000
vn -0.25880000 0.96590000 -0.00000000
vn -0.00000000 -0.00000000 -1.00000000
vn -0.25880000 0.96590000 -0.00000000
vn -0.70710000 0.70710000 -0.00000000
vn -0.00000000 -0.00000000 -1.00000000
vn 0.55560000 -0.83150000 -0.00000000
vn 0.19510000 -0.98080000 -0.00000000
vn -0.00000000 -0.00000000 -1.00000000
vn 0.55560000 -0.83150000 -0.00000000
vn -0.00000000 -0.00000000 -1.00000000
vn 0.83150000 -0.55560000 -0.00000000
vn -0.00000000 -0.00000000 -1.00000000
vn -0.70710000 -0.70710000 -0.00000000
vn -0.96590000 -0.25880000 -0.00000000
vn 0.55560000 0.83150000 -0.00000000
vn 0.83150000 0.55560000 -0.00000000
vn -0.00000000 -0.00000000 -1.00000000
vn -0.00000000 -0.00000000 -1.00000000
vn 0.98080000 0.19510000 -0.00000000
vn 0.83150000 0.55560000 -0.00000000
vn 0.96590000 0.25880000 -0.00000000
vn -0.00000000 -0.00000000 -1.00000000
vn 0.70710000 0.70710000 -0.00000000
vn -0.55560000 -0.83150000 -0.00000000
vn -0.00000000 -0.00000000 -1.00000000
vn -0.83150000 -0.55560000 -0.00000000
vn -0.83150000 -0.55560000 -0.00000000
vn -0.98080000 -0.19510000 -0.00000000
vn -0.00000000 -0.00000000 -1.00000000
vn 0.55560000 0.83150000 -0.00000000
vn -0.00000000 -0.00000000 -1.00000000
vn 0.19510000 0.98080000 -0.00000000
vn 0.25880000 -0.96590000 -0.00000000
vn -0.00000000 -0.00000000 -1.00000000
vn -0.25880000 -0.96590000 -0.00000000
vn 0.70710000 -0.70710000 -0.00000000
vn -0.00000000 -0.00000000 -1.00000000
vn 0.25880000 -0.96590000 -0.00000000
vn -0.00000000 -0.00000000 -1.00000000
vn -0.19510000 0.98080000 -0.00000000
vn -0.55560000 0.83150000 -0.00000000
vn -0.00000000 -0.00000000 -1.00000000
vn -0.83150000 0.55560000 -0.00000000
vn -0.55560000 0.83150000 -0.00000000
vn -0.55560000 -0.83150000 -0.00000000
vn -0.19510000 -0.98080000 -0.00000000
vn -0.00000000 -0.00000000 -1.00000000
vn 0.98080000 -0.19510000 -0.00000000
vn -0.00000000 -0.00000000 -1.00000000
vn 0.83150000 -0.55560000 -0.00000000
vn -0.70710000 0.70710000 -0.00000000
vn -0.00000000 -0.00000000 -1.00000000
vn -0.96590000 0.25880000 -0.00000000
vn -0.96590000 0.25880000 -0.00000000
vn -0.00000000 -0.00000000 -1.00000000
vn -0.96590000 -0.25880000 -0.00000000
vn -0.96590000 -0.25880000 -0.00000000
vn -0.00000000 -0.00000000 -1.00000000
vn -0.70710000 -0.70710000 -0.00000000
vn -0.70710000 -0.70710000 -0.00000000
vn -0.25880000 -0.96590000 -0.00000000
vn -0.00000000 -0.00000000 -1.00000000
vn -0.25880000 0.96590000 -0.00000000
vn 0.25880000 0.96590000 -0.00000000
vn -0.00000000 -0.00000000 -1.00000000
vn -0.25880000 0.96590000 -0.00000000
vn -0.70710000 0.70710000 -0.00000000
vn -0.00000000 -0.00000000 -1.00000000
vn -0.00000000 -0.00000000 -1.00000000
vn 0.55560000 -0.83150000 -0.00000000
vn 0.19510000 -0.98080000 -0.00000000
vn -0.00000000 -0.00000000 -1.00000000
vn 0.83150000 -0.55560000 -0.00000000
vn 0.55560000 -0.83150000 -0.00000000
vn -0.00000000 -0.00000000 1.00000000
vn -0.14230000 0.98980000 -0.00000000
vn 0.14230000 0.98980000 -0.00000000
vn -0.00000000 -0.00000000 1.00000000
vn -0.14230000 0.98980000 -0.00000000
vn -0.41540000 0.90960000 -0.00000000
vn -0.41540000 0.90960000 -0.00000000
vn -0.65490000 0.75570000 -0.00000000
vn -0.00000000 -0.00000000 1.00000000
vn -0.65490000 0.75570000 -0.00000000
vn -0.00000000 -0.00000000 1.00000000
vn -0.84130000 0.54060000 -0.00000000
vn -0.84130000 0.54060000 -0.00000000
vn -0.95950000 0.28170000 -0.00000000
vn -0.00000000 -0.00000000 1.00000000
vn -0.00000000 -0.00000000 1.00000000
vn -0.95950000 0.28170000 -0.00000000
vn -1.00000000 -0.00000000 -0.00000000
vn -0.95950000 -0.28170000 -0.00000000
vn -1.00000000 -0.00000000 -0.00000000
vn -0.00000000 -0.00000000 1.00000000
vn -0.00000000 -0.00000000 1.00000000
vn -0.84130000 -0.54060000 -0.00000000
vn -0.95950000 -0.28170000 -0.00000000
vn -0.65490000 -0.75570000 -0.00000000
vn -0.00000000 -0.00000000 1.00000000
vn -0.84130000 -0.54060000 -0.00000000
vn -0.65490000 -0.75570000 -0.00000000
vn -0.41540000 -0.90960000 -0.00000000
vn -0.00000000 -0.00000000 1.00000000
vn -0.14230000 -0.98980000 -0.00000000
vn -0.41540000 -0.90960000 -0.00000000
vn -0.00000000 -0.00000000 1.00000000
vn -0.14230000 -0.98980000 -0.00000000
vn -0.00000000 -0.00000000 1.00000000
vn 0.14230000 -0.98980000 -0.00000000
vn -0.00000000 -0.00000000 1.00000000
vn 0.14230000 -0.98980000 -0.00000000
vn 0.41540000 -0.90960000 -0.00000000
vn 0.65490000 -0.75570000 -0.00000000
vn -0.00000000 -0.00000000 1.00000000
vn 0.41540000 -0.90960000 -0.00000000
vn 0.65490000 -0.75570000 -0.00000000
vn 0.84130000 -0.54060000 -0.00000000
vn -0.00000000 -0.00000000 1.00000000
vn 0.95950000 -0.28170000 -0.00000000
vn -0.00000000 -0.00000000 1.00000000
vn 0.84130000 -0.54060000 -0.00000000
vn -0.00000000 -0.00000000 1.00000000
vn 0.95950000 -0.28170000 -0.00000000
vn 1.00000000 -0.00000000 -0.00000000
vn -0.00000000 -0.00000000 1.00000000
vn 0.95950000 0.28170000 -0.00000000
vn 1.00000000 -0.00000000 -0.00000000
vn 0.95950000 0.28170000 -0.00000000
vn -0.00000000 -0.00000000 1.00000000
vn 0.84130000 0.54060000 -0.00000000
vn 0.65490000 0.75570000 -0.00000000
vn -0.00000000 -0.00000000 1.00000000
vn 0.84130000 0.54060000 -0.00000000
vn -0.00000000 -0.00000000 1.00000000
vn 0.65490000 0.75570000 -0.00000000
vn 0.41540000 0.90960000 -0.00000000
vn -0.00000000 -0.00000000 1.00000000
vn 0.41540000 0.90960000 -0.00000000
vn 0.14230000 0.98980000 -0.00000000
vn -0.00000000 -0.00000000 1.00000000
vn -0.14230000 0.98980000 -0.00000000
vn 0.14230000 0.98980000 -0.00000000
vn 0.14230000 0.98980000 -0.00000000
vn -0.14230000 0.98980000 -0.00000000
vn -0.41540000 0.90960000 -0.00000000
vn -0.14230000 0.98980000 -0.00000000
vn -0.00000000 -0.00000000 1.00000000
vn -0.41540000 0.90960000 -0.00000000
vn -0.65490000 0.75570000 -0.00000000
vn -0.00000000 -0.00000000 1.00000000
vn -0.00000000 -0.00000000 1.00000000
vn -0.65490000 0.75570000 -0.00000000
vn -0.84130000 0.54060000 -0.00000000
vn -0.00000000 -0.00000000 1.00000000
vn -0.95950000 0.28170000 -0.00000000
vn -0.84130000 0.54060000 -0.00000000
vn -1.00000000 -0.00000000 -0.00000000
vn -0.00000000 -0.00000000 1.00000000
vn -0.95950000 0.28170000 -0.00000000
vn -1.00000000 -0.00000000 -0.00000000
vn -0.95950000 -0.28170000 -0.00000000
vn -0.00000000 -0.00000000 1.00000000
vn -0.95950000 -0.28170000 -0.00000000
vn -0.00000000 -0.00000000 1.00000000
vn -0.84130000 -0.54060000 -0.00000000
vn -0.00000000 -0.00000000 1.00000000
vn -0.65490000 -0.75570000 -0.00000000
vn -0.84130000 -0.54060000 -0.00000000
vn -0.65490000 -0.75570000 -0.00000000
vn -0.00000000 -0.00000000 1.00000000
vn -0.41540000 -0.90960000 -0.00000000
vn -0.41540000 -0.90960000 -0.00000000
vn -0.00000000 -0.00000000 1.00000000
vn -0.14230000 -0.98980000 -0.00000000
vn 0.14230000 -0.98980000 -0.00000000
vn -0.14230000 -0.98980000 -0.00000000
vn 0.41540000 -0.90960000 -0.00000000
vn 0.14230000 -0.98980000 -0.00000000
vn -0.00000000 -0.00000000 1.00000000
vn -0.00000000 -0.00000000 1.00000000
vn 0.41540000 -0.90960000 -0.00000000
vn 0.65490000 -0.75570000 -0.00000000
vn -0.00000000 -0.00000000 1.00000000
vn 0.65490000 -0.75570000 -0.00000000
vn 0.84130000 -0.54060000 -0.00000000
vn -0.00000000 -0.00000000 1.00000000
vn 0.95950000 -0.28170000 -0.00000000
vn 0.84130000 -0.54060000 -0.00000000
vn -0.00000000 -0.00000000 1.00000000
vn 1.00000000 -0.00000000 -0.00000000
vn 0.95950000 -0.28170000 -0.00000000
vn 1.00000000 -0.00000000 -0.00000000
vn 0.95950000 0.28170000 -0.00000000
vn -0.00000000 -0.00000000 1.00000000
vn 0.84130000 0.54060000 -0.00000000
vn 0.95950000 0.28170000 -0.00000000
vn -0.00000000 -0.00000000 1.00000000
vn 0.84130000 0.54060000 -0.00000000
vn 0.65490000 0.75570000 -0.00000000
vn -0.00000000 -0.00000000 1.00000000
vn 0.41540000 0.90960000 -0.00000000
vn -0.00000000 -0.00000000 1.00000000
vn 0.65490000 0.75570000 -0.00000000
vn 0.14230000 0.98980000 -0.00000000
vn -0.00000000 -0.00000000 1.00000000
vn 0.41540000 0.90960000 -0.00000000
vn -0.00000000 -0.00000000 1.00000000
vn -0.00000000 -0.00000000 1.00000000
vn -0.00000000 -0.00000000 1.00000000
vn -0.00000000 -0.00000000 1.00000000
vn -0.14230000 -0.98980000 0.00130000
vn -0.16050000 -0.98700000 -0.00000000
vn -0.41540000 -0.90960000 -0.00000000
vn -0.14230000 -0.98980000 0.00130000
vn -0.00000000 -0.00000000 1.00000000
vn -0.01840000 -0.99980000 -0.00000000
vn 0.14230000 -0.98980000 -0.00000000
vn -0.00000000 -0.00000000 1.00000000
vn 0.14230000 -0.98980000 -0.00000000
vn 0.41540000 -0.90960000 -0.00000000
vn 0.41540000 -0.90960000 -0.00000000
vn 0.65490000 -0.75570000 -0.00000000
vn -0.00000000 -0.00000000 1.00000000
vn 0.65490000 -0.75570000 -0.00000000
vn 0.84130000 -0.54060000 -0.00000000
vn -0.00000000 -0.00000000 1.00000000
vn 0.84130000 -0.54060000 -0.00000000
vn 0.95950000 -0.28170000 -0.00000000
vn -0.00000000 -0.00000000 1.00000000
vn 1.00000000 -0.00000000 -0.00000000
vn 0.95950000 -0.28170000 -0.00000000
vn -0.00000000 -0.00000000 1.00000000
vn 1.00000000 -0.00000000 -0.00000000
vn 0.95950000 0.28170000 -0.00000000
vn -0.00000000 -0.00000000 1.00000000
vn -0.00000000 -0.00000000 1.00000000
vn 0.95950000 0.28170000 -0.00000000
vn 0.84130000 0.54060000 -0.00000000
vn 0.84130000 0.54060000 -0.00000000
vn -0.00000000 -0.00000000 1.00000000
vn 0.65490000 0.75570000 -0.00000000
vn 0.65490000 0.75570000 -0.00000000
vn -0.00000000 -0.00000000 1.00000000
vn 0.41540000 0.90960000 -0.00000000
vn 0.14230000 0.98980000 -0.00000000
vn 0.41540000 0.90960000 -0.00000000
vn -0.00000000 -0.00000000 1.00000000
vn -0.14230000 0.98980000 -0.00000000
vn 0.14230000 0.98980000 -0.00000000
vn -0.00000000 -0.00000000 1.00000000
vn -0.14230000 0.98980000 -0.00000000
vn -0.00000000 -0.00000000 1.00000000
vn -0.41540000 0.90960000 -0.00000000
vn -0.65490000 0.75570000 -0.00000000
vn -0.00000000 -0.00000000 1.00000000
vn -0.41540000 0.90960000 -0.00000000
vn -0.65490000 0.75570000 -0.00000000
vn -0.84130000 0.54060000 -0.00000000
vn -0.00000000 -0.00000000 1.00000000
vn -0.95950000 0.28170000 -0.00000000
vn -0.84130000 0.54060000 -0.00000000
vn -0.00000000 -0.00000000 1.00000000
vn -0.00000000 -0.00000000 1.00000000
vn -1.00000000 -0.00000000 -0.00000000
vn -0.95950000 0.28170000 -0.00000000
vn -1.00000000 -0.00000000 -0.00000000
vn -0.00000000 -0.00000000 1.00000000
vn -0.95950000 -0.28170000 -0.00000000
vn -0.00000000 -0.00000000 1.00000000
vn -0.95950000 -0.28170000 -0.00000000
vn -0.84130000 -0.54060000 -0.00000000
vn -0.00000000 -0.00000000 1.00000000
vn -0.65490000 -0.75570000 -0.00000000
vn -0.84130000 -0.54060000 -0.00000000
vn -0.41540000 -0.90960000 -0.00000000
vn -0.00000000 -0.00000000 1.00000000
vn -0.65490000 -0.75570000 -0.00000000
vn -0.00000000 -0.00000000 1.00000000
vn 0.55560000 -0.83150000 -0.00000000
vn 0.19510000 -0.98080000 -0.00000000
vn -0.00000000 -0.00000000 1.00000000
vn -0.00000000 -0.00000000 1.00000000
vn 0.83150000 -0.55560000 -0.00000000
vn 0.55560000 -0.83150000 -0.00000000
vn 0.83150000 -0.55560000 -0.00000000
vn -0.00000000 -0.00000000 1.00000000
vn 0.98080000 -0.19510000 -0.00000000
vn -0.00000000 -0.00000000 1.00000000
vn -0.83150000 -0.55560000 -0.00000000
vn -0.98080000 -0.19510000 -0.00000000
vn -0.83150000 -0.55560000 -0.00000000
vn -0.00000000 -0.00000000 1.00000000
vn -0.55560000 -0.83150000 -0.00000000
vn -0.00000000 -0.00000000 1.00000000
vn -0.19510000 -0.98080000 -0.00000000
vn -0.55560000 -0.83150000 -0.00000000
vn 0.70710000 -0.70710000 -0.00000000
vn -0.00000000 -0.00000000 1.00000000
vn 0.96590000 -0.25880000 -0.00000000
vn 0.96590000 -0.25880000 -0.00000000
vn -0.00000000 -0.00000000 1.00000000
vn 0.96590000 0.25880000 -0.00000000
vn 0.96590000 0.25880000 -0.00000000
vn -0.00000000 -0.00000000 1.00000000
vn 0.70710000 0.70710000 -0.00000000
vn -0.00000000 -0.00000000 1.00000000
vn 0.70710000 0.70710000 -0.00000000
vn 0.25880000 0.96590000 -0.00000000
vn 0.25880000 0.96590000 -0.00000000
vn -0.00000000 -0.00000000 1.00000000
vn -0.25880000 0.96590000 -0.00000000
vn -0.96590000 -0.25880000 -0.00000000
vn -0.00000000 -0.00000000 1.00000000
vn -0.96590000 0.25880000 -0.00000000
vn -0.70710000 -0.70710000 -0.00000000
vn -0.00000000 -0.00000000 1.00000000
vn -0.96590000 -0.25880000 -0.00000000
vn 0.70710000 -0.70710000 -0.00000000
vn -0.00000000 -0.00000000 1.00000000
vn 0.25880000 -0.96590000 -0.00000000
vn -0.00000000 -0.00000000 1.00000000
vn -0.70710000 -0.70710000 -0.00000000
vn -0.25880000 -0.96590000 -0.00000000
vn -0.70710000 0.70710000 -0.00000000
vn -0.00000000 -0.00000000 1.00000000
vn -0.96590000 0.25880000 -0.00000000
vn -0.70710000 0.70710000 -0.00000000
vn -0.00000000 -0.00000000 1.00000000
vn -0.25880000 0.96590000 -0.00000000
vn 0.55560000 -0.83150000 -0.00000000
vn -0.00000000 -0.00000000 1.00000000
vn 0.19510000 -0.98080000 -0.00000000
vn 0.55560000 -0.83150000 -0.00000000
vn 0.83150000 -0.55560000 -0.00000000
vn -0.00000000 -0.00000000 1.00000000
vn -0.00000000 -0.00000000 1.00000000
vn 0.98080000 -0.19510000 -0.00000000
vn 0.83150000 -0.55560000 -0.00000000
vn -0.98080000 -0.19510000 -0.00000000
vn -0.83150000 -0.55560000 -0.00000000
vn -0.00000000 -0.00000000 1.00000000
vn -0.55560000 -0.83150000 -0.00000000
vn -0.00000000 -0.00000000 1.00000000
vn -0.83150000 -0.55560000 -0.00000000
vn -0.55560000 -0.83150000 -0.00000000
vn -0.19510000 -0.98080000 -0.00000000
vn -0.00000000 -0.00000000 1.00000000
vn -0.00000000 -0.00000000 1.00000000
vn 0.96590000 -0.25880000 -0.00000000
vn 0.70710000 -0.70710000 -0.00000000
vn -0.00000000 -0.00000000 1.00000000
vn 0.96590000 0.25880000 -0.00000000
vn 0.96590000 -0.25880000 -0.00000000
vn 0.96590000 0.25880000 -0.00000000
vn -0.00000000 -0.00000000 1.00000000
vn 0.70710000 0.70710000 -0.00000000
vn 0.70710000 -0.70710000 -0.00000000
vn 0.25880000 -0.96590000 -0.00000000
vn -0.00000000 -0.00000000 1.00000000
vn 0.70710000 0.70710000 -0.00000000
vn 0.25880000 0.96590000 -0.00000000
vn -0.00000000 -0.00000000 1.00000000
vn -0.25880000 0.96590000 -0.00000000
vn -0.00000000 -0.00000000 1.00000000
vn -0.70710000 0.70710000 -0.00000000
vn -0.96590000 -0.25880000 -0.00000000
vn -0.96590000 0.25880000 -0.00000000
vn -0.00000000 -0.00000000 1.00000000
vn -0.70710000 -0.70710000 -0.00000000
vn -0.00000000 -0.00000000 1.00000000
vn -0.96590000 -0.25880000 -0.00000000
vn -0.00000000 -0.00000000 1.00000000
vn -0.25880000 -0.96590000 -0.00000000
vn -0.70710000 -0.70710000 -0.00000000
vn -0.70710000 0.70710000 -0.00000000
vn -0.96590000 0.25880000 -0.00000000
vn -0.00000000 -0.00000000 1.00000000
vn -0.19510000 0.98080000 -0.00000000
vn -0.00000000 -0.00000000 1.00000000
vn -0.55560000 0.83150000 -0.00000000
vn -0.55560000 0.83150000 -0.00000000
vn -0.83150000 0.55560000 -0.00000000
vn -0.00000000 -0.00000000 1.00000000
vn -0.00000000 -0.00000000 1.00000000
vn -0.83150000 0.55560000 -0.00000000
vn -0.98080000 0.19510000 -0.00000000
vn 0.98080000 0.19510000 -0.00000000
vn 0.83150000 0.55560000 -0.00000000
vn -0.00000000 -0.00000000 1.00000000
vn -0.00000000 -0.00000000 1.00000000
vn 0.83150000 0.55560000 -0.00000000
vn 0.55560000 0.83150000 -0.00000000
vn -0.00000000 -0.00000000 1.00000000
vn 0.55560000 0.83150000 -0.00000000
vn 0.19510000 0.98080000 -0.00000000
vn 0.25880000 0.96590000 -0.00000000
vn -0.00000000 -0.00000000 1.00000000
vn 0.70710000 0.70710000 -0.00000000
vn -0.70710000 0.70710000 -0.00000000
vn -0.25880000 0.96590000 -0.00000000
vn -0.00000000 -0.00000000 1.00000000
vn 0.96590000 -0.25880000 -0.00000000
vn 0.70710000 -0.70710000 -0.00000000
vn -0.00000000 -0.00000000 1.00000000
vn -0.00000000 -0.00000000 1.00000000
vn 0.96590000 -0.25880000 -0.00000000
vn 0.96590000 0.25880000 -0.00000000
vn 0.96590000 0.25880000 -0.00000000
vn -0.00000000 -0.00000000 1.00000000
vn 0.70710000 0.70710000 -0.00000000
vn -0.70710000 -0.70710000 -0.00000000
vn -0.00000000 -0.00000000 1.00000000
vn -0.96590000 -0.25880000 -0.00000000
vn -0.00000000 -0.00000000 1.00000000
vn -0.96590000 -0.25880000 -0.00000000
vn -0.96590000 0.25880000 -0.00000000
vn -0.96590000 0.25880000 -0.00000000
vn -0.00000000 -0.00000000 1.00000000
vn -0.70710000 0.70710000 -0.00000000
vn -0.00000000 -0.00000000 1.00000000
vn 0.70710000 -0.70710000 -0.00000000
vn 0.25880000 -0.96590000 -0.00000000
vn -0.70710000 -0.70710000 -0.00000000
vn -0.00000000 -0.00000000 1.00000000
vn -0.25880000 -0.96590000 -0.00000000
vn -0.00000000 -0.00000000 1.00000000
vn -0.19510000 0.98080000 -0.00000000
vn -0.55560000 0.83150000 -0.00000000
vn -0.00000000 -0.00000000 1.00000000
vn -0.83150000 0.55560000 -0.00000000
vn -0.55560000 0.83150000 -0.00000000
vn -0.83150000 0.55560000 -0.00000000
vn -0.98080000 0.19510000 -0.00000000
vn -0.00000000 -0.00000000 1.00000000
vn -0.00000000 -0.00000000 1.00000000
vn 0.98080000 0.19510000 -0.00000000
vn 0.83150000 0.55560000 -0.00000000
vn 0.83150000 0.55560000 -0.00000000
vn 0.55560000 0.83150000 -0.00000000
vn -0.00000000 -0.00000000 1.00000000
vn 0.55560000 0.83150000 -0.00000000
vn -0.00000000 -0.00000000 1.00000000
vn 0.19510000 0.98080000 -0.00000000
vn -0.00000000 -0.00000000 1.00000000
vn 0.70710000 0.70710000 -0.00000000
vn 0.25880000 0.96590000 -0.00000000
vn -0.00000000 -0.00000000 1.00000000
vn -0.25880000 0.96590000 -0.00000000
vn -0.70710000 0.70710000 -0.00000000
vn 0.70710000 -0.70710000 -0.00000000
vn 0.25880000 -0.96590000 -0.00000000
vn -0.00000000 -0.00000000 1.00000000
vn -0.00000000 -0.00000000 1.00000000
vn 0.70710000 0.70710000 -0.00000000
vn 0.96590000 0.25880000 -0.00000000
vn 0.96590000 -0.25880000 -0.00000000
vn -0.00000000 -0.00000000 1.00000000
vn 0.96590000 0.25880000 -0.00000000
vn 0.70710000 -0.70710000 -0.00000000
vn -0.00000000 -0.00000000 1.00000000
vn 0.96590000 -0.25880000 -0.00000000
vn -0.96590000 -0.25880000 -0.00000000
vn -0.00000000 -0.00000000 1.00000000
vn -0.70710000 -0.70710000 -0.00000000
vn -0.96590000 -0.25880000 -0.00000000
vn -0.00000000 -0.00000000 1.00000000
vn -0.96590000 0.25880000 -0.00000000
vn -0.00000000 -0.00000000 1.00000000
vn -0.70710000 0.70710000 -0.00000000
vn -0.96590000 0.25880000 -0.00000000
vn -0.25880000 -0.96590000 -0.00000000
vn -0.70710000 -0.70710000 -0.00000000
vn -0.00000000 -0.00000000 1.00000000
vn -0.00000000 -0.00000000 1.00000000
vn 0.87860000 -0.47760000 -0.00000000
vn 0.83130000 -0.55590000 -0.00000000
vn -0.00000000 -0.00000000 1.00000000
vn -0.00000000 -1.00000000 -0.00000000
vn 0.87860000 -0.47760000 -0.00000000
vn -0.00000000 -0.00000000 1.00000000
vn -0.00000000 -1.00000000 -0.00000000
vn -1.00000000 0.00200000 -0.00000000
vn -1.00000000 0.00200000 -0.00000000
vn -0.99980000 0.02180000 -0.00000000
vn -0.00000000 -0.00000000 1.00000000
vn 0.16390000 0.98650000 -0.00000000
vn 0.71370000 0.70050000 -0.00000000
vn 0.16350000 0.98650000 -0.00000000
vn -0.00000000 -0.00000000 1.00000000
vn -0.14740000 0.98910000 -0.00000000
vn -0.14830000 0.98890000 -0.00000000
vn -0.00000000 -0.00000000 1.00000000
vn 0.16390000 0.98650000 -0.00000000
vn -0.14830000 0.98890000 -0.00000000
vn -0.57670000 0.81700000 -0.00000000
vn -0.00000000 -0.00000000 1.00000000
vn -0.00000000 -0.00000000 1.00000000
vn -0.57670000 0.81700000 -0.00000000
vn -0.82870000 0.55970000 -0.00000000
vn -0.82870000 0.55970000 -0.00000000
vn -0.92270000 0.38550000 -0.00000000
vn -0.00000000 -0.00000000 1.00000000
vn -0.92270000 0.38550000 -0.00000000
vn -0.96850000 0.24920000 -0.00000000
vn -0.00000000 -0.00000000 1.00000000
vn -0.96850000 0.24920000 -0.00000000
vn -0.00000000 -0.00000000 1.00000000
vn -0.98970000 0.14280000 -0.00000000
vn -0.98970000 0.14280000 -0.00000000
vn -0.99380000 0.11080000 -0.00000000
vn -0.00000000 -0.00000000 1.00000000
vn -0.00000000 -0.00000000 1.00000000
vn -0.99840000 0.05610000 -0.00000000
vn -0.99380000 0.11080000 -0.00000000
vn -0.00000000 -0.00000000 1.00000000
vn -0.99840000 0.05610000 -0.00000000
vn -0.99980000 0.02180000 -0.00000000
vn -0.00000000 -0.00000000 1.00000000
vn 0.93630000 0.35110000 -0.00000000
vn 0.92990000 0.36790000 -0.00000000
vn 0.92990000 0.36790000 -0.00000000
vn 0.71370000 0.70050000 -0.00000000
vn -0.00000000 -0.00000000 1.00000000
vn 0.71370000 0.70040000 -0.00000000
vn 0.93630000 0.35110000 -0.00000000
vn -0.00000000 -0.00000000 1.00000000
vn 0.95550000 0.29490000 -0.00000000
vn 0.93630000 0.35110000 -0.00000000
vn 0.93630000 0.35110000 -0.00000000
vn 0.94970000 0.31310000 -0.00000000
vn -0.00000000 -0.00000000 1.00000000
vn 0.95550000 0.29490000 -0.00000000
vn -0.00000000 -0.00000000 1.00000000
vn 1.00000000 -0.00230000 -0.00000000
vn 1.00000000 -0.00250000 -0.00000000
vn 1.00000000 -0.00250000 -0.00000000
vn -0.00000000 -0.00000000 1.00000000
vn 0.99550000 -0.09430000 -0.00000000
vn 0.99550000 -0.09430000 -0.00000000
vn 0.95240000 -0.30480000 -0.00000000
vn -0.00000000 -0.00000000 1.00000000
vn 0.95240000 -0.30480000 -0.00000000
vn 0.94970000 0.31310000 -0.00000000
vn -0.00000000 -0.00000000 1.00000000
vn -0.00000000 -0.00000000 1.00000000
vn -0.65470000 0.75590000 -0.00000000
vn 1.00000000 -0.00230000 -0.00000000
vn -0.65470000 0.75590000 -0.00000000
vn -0.00000000 -0.00000000 1.00000000
vn 0.97350000 0.22860000 -0.00000000
vn -0.65470000 0.75590000 -0.00000000
vn 0.97350000 0.22860000 -0.00000000
vn -0.65470000 0.75590000 -0.00000000
vn 0.97350000 0.22860000 -0.00000000
vn -0.00000000 -0.00000000 1.00000000
vn 0.74490000 -0.66710000 -0.00000000
vn 0.97350000 0.22860000 -0.00000000
vn -0.00000000 -0.00000000 1.00000000
vn 0.83130000 -0.55590000 -0.00000000
vn 0.74490000 -0.66710000 -0.00000000
vn 0.36240000 -0.93200000 -0.00000000
vn -0.00000000 -0.00000000 1.00000000
vn 0.35110000 -0.93630000 -0.00000000
vn 0.36250000 -0.93200000 -0.00000000
vn 0.90140000 -0.43300000 -0.00000000
vn -0.00000000 -0.00000000 1.00000000
vn 0.35110000 -0.93630000 -0.00000000
vn 0.35120000 -0.93630000 -0.00000000
vn 0.35110000 -0.93630000 -0.00000000
vn 0.35120000 -0.93630000 -0.00000000
vn 0.35120000 -0.93630000 -0.00000000
vn 0.93590000 -0.35220000 -0.00000000
vn -0.00000000 -0.00000000 1.00000000
vn 0.91960000 -0.39280000 -0.00000000
vn 0.91960000 -0.39280000 -0.00000000
vn -0.00000000 -0.00000000 1.00000000
vn 0.91050000 -0.41350000 -0.00000000
vn 0.91050000 -0.41350000 -0.00000000
vn 0.90140000 -0.43300000 -0.00000000
vn -0.00000000 -0.00000000 1.00000000
vn -0.07870000 0.99690000 -0.00000000
vn -0.00000000 -0.00000000 1.00000000
vn 0.93590000 -0.35220000 -0.00000000
vn -0.16600000 0.98610000 -0.00000000
vn -0.08060000 0.99670000 -0.00000000
vn -0.00000000 -0.00000000 1.00000000
vn -0.08060000 0.99670000 -0.00000000
vn -0.07870000 0.99690000 -0.00000000
vn -0.00000000 -0.00000000 1.00000000
vn -0.16600000 0.98610000 -0.00000000
vn -0.25800000 0.96610000 -0.00000000
vn -0.00000000 -0.00000000 1.00000000
vn -0.16600000 0.98610000 -0.00000000
vn -0.16600000 0.98610000 -0.00000000
vn -0.37380000 0.92750000 -0.00000000
vn -0.26970000 0.96300000 -0.00000000
vn -0.26960000 0.96300000 -0.00000000
vn -0.00000000 -0.00000000 1.00000000
vn -0.00000000 -0.00000000 1.00000000
vn -0.26960000 0.96300000 -0.00000000
vn -0.25810000 0.96610000 -0.00000000
vn -0.25800000 0.96610000 -0.00000000
vn -0.37380000 0.92750000 -0.00000000
vn -0.00000000 -0.00000000 1.00000000
vn 0.82850000 0.56000000 -0.00000000
vn 0.85240000 0.52290000 -0.00000000
vn 0.82850000 0.56000000 -0.00000000
vn -0.00000000 -0.00000000 1.00000000
vn 0.04540000 -0.99900000 -0.00000000
vn 0.04550000 -0.99900000 -0.00000000
vn 0.03240000 -0.99950000 -0.00000000
vn -0.00000000 -0.00000000 1.00000000
vn 0.04550000 -0.99900000 -0.00000000
vn -0.31710000 -0.94840000 -0.00000000
vn -0.00000000 -0.00000000 1.00000000
vn -0.31710000 -0.94840000 -0.00000000
vn -0.00000000 -0.00000000 1.00000000
vn -0.46470000 -0.88550000 -0.00000000
vn -0.46500000 -0.88530000 -0.00000000
vn -0.00000000 0.00010000 1.00000000
vn -0.17720000 -0.98420000 -0.00000000
vn -0.17750000 -0.98410000 -0.00000000
vn -0.46470000 -0.88550000 -0.00000000
vn -0.00000000 -0.00000000 1.00000000
vn -0.00000000 -0.00000000 1.00000000
vn 0.27870000 -0.96040000 -0.00000000
vn -0.17720000 -0.98420000 -0.00000000
vn 0.27800000 -0.96060000 -0.00000000
vn 0.69780000 -0.71630000 -0.00000000
vn 0.27800000 -0.96060000 -0.00000000
vn -0.00000000 0.00010000 1.00000000
vn -0.00000000 -0.00000000 1.00000000
vn 0.69870000 -0.71540000 -0.00000000
vn -0.00000000 -0.00000000 1.00000000
vn 0.69780000 -0.71630000 -0.00000000
vn 0.94310000 -0.33240000 -0.00000000
vn -0.00000000 0.00010000 1.00000000
vn 0.94310000 -0.33240000 -0.00000000
vn 0.99200000 0.12650000 -0.00000000
vn -0.00000000 -0.00000000 1.00000000
vn 0.99200000 0.12650000 -0.00000000
vn 0.91610000 0.40080000 -0.00000000
vn -0.00000000 -0.00000000 1.00000000
vn 0.91610000 0.40090000 -0.00000000
vn -0.00000000 -0.00000000 1.00000000
vn 0.91610000 0.40090000 -0.00000000
vn 0.85240000 0.52290000 -0.00000000
vn -0.00000000 -0.00000000 1.00000000
vn 0.11790000 -0.99300000 -0.00000000
vn 0.03240000 -0.99950000 -0.00000000
vn 0.03240000 -0.99950000 -0.00000000
vn 0.03240000 -0.99950000 -0.00000000
vn 0.11790000 -0.99300000 -0.00000000
vn 0.11780000 -0.99300000 -0.00000000
vn 0.11780000 -0.99300000 -0.00000000
vn 0.67330000 -0.73940000 -0.00000000
vn 0.11790000 -0.99300000 -0.00000000
vn -0.00000000 -0.00000000 1.00000000
vn 0.11780000 -0.99300000 -0.00000000
vn 0.70710000 -0.70710000 -0.00000000
vn -0.00000000 -0.00000000 1.00000000
vn 0.67330000 -0.73940000 -0.00000000
vn 0.67320000 -0.73940000 -0.00000000
vn -0.77850000 -0.62760000 -0.00000000
vn 0.70710000 -0.70710000 -0.00000000
vn -0.00000000 -0.00000000 1.00000000
vn -0.00000000 -0.00000000 1.00000000
vn -0.78770000 -0.61610000 -0.00000000
vn -0.78230000 -0.62290000 -0.00000000
vn -0.78770000 -0.61600000 -0.00000000
vn -0.77850000 -0.62760000 -0.00000000
vn -0.00000000 -0.00000000 1.00000000
vn -0.78770000 -0.61610000 -0.00000000
vn -0.00000000 -0.00000000 1.00000000
vn -0.78230000 -0.62290000 -0.00000000
vn -0.83120000 -0.55590000 -0.00000000
vn -0.00000000 -0.00000000 1.00000000
vn -0.63610000 0.77160000 -0.00000000
vn -0.63460000 0.77290000 -0.00000000
vn -0.63460000 0.77280000 -0.00000000
vn -0.00000000 -0.00000000 1.00000000
vn -0.77910000 0.62690000 -0.00000000
vn -0.63460000 0.77290000 -0.00000000
vn -0.77890000 0.62710000 -0.00000000
vn -0.00000000 -0.00000000 1.00000000
vn -0.77890000 0.62710000 -0.00000000
vn -0.91430000 0.40510000 -0.00000000
vn -0.91420000 0.40520000 -0.00000000
vn -0.00000000 -0.00000000 1.00000000
vn -0.99370000 -0.11230000 -0.00000000
vn -0.91420000 0.40520000 -0.00000000
vn -0.00000000 -0.00000000 1.00000000
vn -0.99370000 -0.11230000 -0.00000000
vn -0.92260000 -0.38570000 -0.00000000
vn -0.00000000 -0.00000000 1.00000000
vn -0.83120000 -0.55590000 -0.00000000
vn -0.92260000 -0.38570000 -0.00000000
vn -0.92710000 0.37490000 -0.00000000
vn -0.63610000 0.77160000 -0.00000000
vn -0.00000000 -0.00000000 1.00000000
vn -0.88460000 0.46640000 -0.00000000
vn -0.91350000 0.40690000 -0.00000000
vn -0.00000000 -0.00000000 1.00000000
vn -0.92710000 0.37490000 -0.00000000
vn -0.00000000 -0.00000000 1.00000000
vn -0.91350000 0.40690000 -0.00000000
vn -0.05930000 -0.99820000 -0.00000000
vn -0.00000000 -0.00000000 1.00000000
vn -0.88460000 0.46640000 -0.00000000
vn -0.88460000 0.46640000 -0.00000000
vn -0.88460000 0.46640000 -0.00000000
vn -0.99410000 -0.10860000 -0.00000000
vn -0.00000000 -0.00000000 1.00000000
vn -0.98390000 0.17880000 -0.00000000
vn -0.00000000 -0.00000000 1.00000000
vn -0.89300000 -0.45000000 -0.00000000
vn -0.99410000 -0.10860000 -0.00000000
vn -0.89300000 -0.45000000 -0.00000000
vn -0.00000000 -0.00000000 1.00000000
vn -0.58580000 -0.81040000 -0.00000000
vn -0.58580000 -0.81040000 -0.00000000
vn -0.00000000 -0.00000000 1.00000000
vn -0.05930000 -0.99820000 -0.00000000
vn 0.14870000 0.98890000 -0.00000000
vn -0.00000000 -0.00000000 1.00000000
vn -0.10050000 0.99490000 -0.00000000
vn -0.00000000 -0.00000000 1.00000000
vn -0.10050000 0.99490000 -0.00000000
vn -0.44640000 0.89480000 -0.00000000
vn -0.00000000 -0.00000000 1.00000000
vn -0.44640000 0.89480000 -0.00000000
vn -0.82380000 0.56690000 -0.00000000
vn -0.98390000 0.17880000 -0.00000000
vn -0.82380000 0.56690000 -0.00000000
vn -0.00000000 -0.00000000 1.00000000
vn 0.99960000 0.02660000 -0.00000000
vn -0.00000000 -0.00000000 1.00000000
vn 0.98420000 0.17700000 -0.00000000
vn 0.98420000 0.17700000 -0.00000000
vn -0.00000000 -0.00000000 1.00000000
vn 0.82230000 0.56900000 -0.00000000
vn -0.00000000 -0.00000000 1.00000000
vn 0.82230000 0.56900000 -0.00000000
vn 0.55720000 0.83030000 -0.00000000
vn 0.14870000 0.98890000 -0.00000000
vn 0.55720000 0.83030000 -0.00000000
vn -0.00000000 -0.00000000 1.00000000
vn -0.00000000 -1.00000000 -0.00000000
vn -0.00000000 -0.00000000 1.00000000
vn 0.99960000 0.02660000 -0.00000000
vn 0.99960000 0.02660000 -0.00000000
vn 0.99960000 0.02660000 -0.00000000
vn -0.00000000 -1.00000000 -0.00000000
vn -0.00000000 -0.00000000 1.00000000
vn -0.97790000 -0.20920000 -0.00000000
vn 0.28130000 -0.95960000 -0.00000000
vn -0.11960000 -0.99280000 -0.00000000
vn -0.00000000 -0.00000000 1.00000000
vn -0.47980000 -0.87740000 -0.00000000
vn -0.11960000 -0.99280000 -0.00000000
vn -0.00000000 -0.00000000 1.00000000
vn -0.47980000 -0.87740000 -0.00000000
vn -0.80520000 -0.59300000 -0.00000000
vn -0.00000000 -0.00000000 1.00000000
vn -0.80520000 -0.59300000 -0.00000000
vn -0.97790000 -0.20920000 -0.00000000
vn -0.00000000 -0.00000000 1.00000000
vn 0.96240000 0.27180000 -0.00000000
vn -0.00000000 -0.00000000 1.00000000
vn 1.00000000 0.00160000 -0.00000000
vn 1.00000000 0.00160000 -0.00000000
vn -0.00000000 -0.00000000 1.00000000
vn 0.96180000 -0.27360000 -0.00000000
vn 0.96180000 -0.27360000 -0.00000000
vn -0.00000000 -0.00000000 1.00000000
vn 0.71300000 -0.70110000 -0.00000000
vn 0.28130000 -0.95960000 -0.00000000
vn -0.00000000 -0.00000000 1.00000000
vn 0.71300000 -0.70110000 -0.00000000
vn -0.00000000 -0.00000000 1.00000000
vn -0.11950000 0.99280000 -0.00000000
vn 0.02450000 0.99970000 -0.00000000
vn 0.02450000 0.99970000 -0.00000000
vn 0.47720000 0.87880000 -0.00000000
vn -0.00000000 -0.00000000 1.00000000
vn 0.79260000 0.60980000 -0.00000000
vn 0.47720000 0.87880000 -0.00000000
vn -0.00000000 -0.00000000 1.00000000
vn 0.79260000 0.60980000 -0.00000000
vn 0.96240000 0.27180000 -0.00000000
vn -0.00000000 -0.00000000 1.00000000
vn -0.11950000 0.99280000 -0.00000000
vn -0.88210000 0.47110000 -0.00000000
vn -0.00000000 -0.00000000 1.00000000
vn -0.84230000 0.53890000 -0.00000000
vn -0.88210000 0.47110000 -0.00000000
vn -0.00000000 -0.00000000 1.00000000
vn 0.88840000 0.45910000 -0.00000000
vn 0.89850000 0.43900000 -0.00000000
vn -0.00000000 -0.00000000 1.00000000
vn 0.89850000 0.43900000 -0.00000000
vn -0.00000000 -0.00000000 1.00000000
vn 0.86200000 0.50690000 -0.00000000
vn 0.67780000 0.73520000 -0.00000000
vn 0.86200000 0.50690000 -0.00000000
vn -0.00000000 -0.00000000 1.00000000
vn 0.67760000 0.73550000 -0.00000000
vn 0.67760000 0.73550000 -0.00000000
vn 0.31010000 0.95070000 -0.00000000
vn -0.00000000 -0.00000000 1.00000000
vn -0.14760000 0.98900000 -0.00000000
vn 0.31010000 0.95070000 -0.00000000
vn -0.00000000 -0.00000000 1.00000000
vn -0.00000000 -0.00000000 1.00000000
vn -0.14760000 0.98900000 -0.00000000
vn -0.60230000 0.79830000 -0.00000000
vn -0.60290000 0.79780000 -0.00000000
vn -0.60290000 0.79780000 -0.00000000
vn -0.00000000 -0.00000000 1.00000000
vn -0.84230000 0.53890000 -0.00000000
vn -0.84230000 0.53900000 -0.00000000
vn 0.88840000 0.45910000 -0.00000000
vn 0.89290000 0.45020000 -0.00000000
vn -0.00000000 -0.00000000 1.00000000
vn 0.36250000 -0.93200000 -0.00000000
vn 0.99590000 -0.09010000 -0.00000000
vn -0.00000000 -0.00000000 1.00000000
vn 0.89290000 0.45020000 -0.00000000
vn 0.99590000 -0.09010000 -0.00000000
vn -0.00000000 -0.00000000 1.00000000
vn -0.99140000 0.13070000 -0.00000000
vn -0.99960000 0.02690000 -0.00000000
vn -0.00000000 -0.00000000 1.00000000
vn -0.00000000 -0.00000000 1.00000000
vn -0.99960000 0.02690000 -0.00000000
vn -0.00000000 1.00000000 -0.00000000
vn 0.99920000 0.04080000 -0.00000000
vn -0.00000000 -0.00000000 1.00000000
vn -0.00000000 1.00000000 -0.00000000
vn 0.96720000 -0.25410000 -0.00000000
vn 0.99920000 -0.04080000 -0.00000000
vn -0.00000000 -0.00000000 1.00000000
vn 0.99920000 0.04080000 -0.00000000
vn 0.99920000 -0.04080000 -0.00000000
vn -0.00000000 -0.00000000 1.00000000
vn 0.04620000 -0.99890000 -0.00000000
vn -0.31440000 -0.94930000 -0.00000000
vn -0.00000000 -0.00000000 1.00000000
vn 0.04610000 -0.99890000 -0.00000000
vn -0.00000000 -0.00000000 1.00000000
vn 0.28630000 -0.95820000 -0.00000000
vn 0.04620000 -0.99890000 -0.00000000
vn 0.28630000 -0.95810000 -0.00000000
vn -0.00000000 -0.00000000 1.00000000
vn 0.28630000 -0.95810000 -0.00000000
vn 0.76080000 -0.64890000 -0.00000000
vn 0.96720000 -0.25410000 -0.00000000
vn -0.00000000 -0.00000000 1.00000000
vn 0.76080000 -0.64890000 -0.00000000
vn -0.95980000 0.28080000 -0.00000000
vn -0.00000000 -0.00000000 1.00000000
vn -0.99960000 -0.02650000 -0.00000000
vn -0.94280000 -0.33320000 -0.00000000
vn -0.99960000 -0.02650000 -0.00000000
vn -0.99960000 -0.02650000 -0.00000000
vn -0.94280000 -0.33320000 -0.00000000
vn -0.00000000 -0.00000000 1.00000000
vn -0.94280000 -0.33320000 -0.00000000
vn -0.70550000 -0.70870000 -0.00000000
vn -0.00000000 -0.00000000 1.00000000
vn -0.70550000 -0.70870000 -0.00000000
vn -0.31440000 -0.94930000 -0.00000000
vn -0.00000000 -0.00000000 1.00000000
vn -0.00000000 -0.00000000 1.00000000
vn -0.75140000 0.65980000 -0.00000000
vn -0.53390000 0.84560000 -0.00000000
vn -0.00000000 -0.00000000 1.00000000
vn -0.75140000 0.65980000 -0.00000000
vn -0.95980000 0.28080000 -0.00000000
vn -0.00000000 -0.00000000 1.00000000
vn -0.53390000 0.84550000 -0.00000000
vn -0.70360000 0.71060000 -0.00000000
vn -0.53390000 0.84560000 -0.00000000
vn -0.53390000 0.84550000 -0.00000000
vn -0.53390000 0.84560000 -0.00000000
vn -0.53390000 0.84550000 -0.00000000
vn -0.99880000 0.04940000 -0.00000000
vn -0.00000000 -0.00000000 1.00000000
vn -0.99580000 0.09110000 -0.00000000
vn -0.95280000 0.30350000 -0.00000000
vn -0.00000000 -0.00000000 1.00000000
vn -0.99580000 0.09110000 -0.00000000
vn -0.70360000 0.71060000 -0.00000000
vn -0.00000000 -0.00000000 1.00000000
vn -0.95280000 0.30350000 -0.00000000
vn -0.99880000 0.04940000 -0.00000000
vn -0.00000000 -0.00000000 1.00000000
vn 0.03310000 -0.99950000 -0.00000000
vn 0.16870000 -0.98570000 -0.00000000
vn -0.00000000 -0.00000000 1.00000000
vn 0.03310000 -0.99950000 -0.00000000
vn -0.00000000 -0.00000000 1.00000000
vn 0.99210000 -0.12560000 -0.00000000
vn 0.99890000 -0.04590000 -0.00000000
vn 0.98450000 -0.17550000 -0.00000000
vn 0.99210000 -0.12560000 -0.00000000
vn -0.00000000 -0.00000000 1.00000000
vn 0.90190000 -0.43190000 -0.00000000
vn 0.98450000 -0.17550000 -0.00000000
vn -0.00000000 -0.00000000 1.00000000
vn 0.90190000 -0.43200000 -0.00000000
vn -0.00000000 -0.00000000 1.00000000
vn 0.90190000 -0.43200000 -0.00000000
vn 0.61210000 -0.79080000 -0.00000000
vn 0.16860000 -0.98570000 -0.00000000
vn 0.16870000 -0.98570000 -0.00000000
vn -0.00000000 -0.00000000 1.00000000
vn 0.61210000 -0.79080000 -0.00000000
vn -0.00000000 -1.00000000 -0.00000000
vn -0.00000000 -0.00000000 1.00000000
vn 0.99890000 -0.04590000 -0.00000000
vn 0.99890000 -0.04590000 -0.00000000
vn 0.99890000 -0.04590000 -0.00000000
vn -0.00000000 -0.00000000 1.00000000
vn -0.99930000 -0.03810000 -0.00000000
vn -0.00000000 -1.00000000 -0.00000000
vn -0.99920000 -0.04000000 -0.00000000
vn -0.00000000 -0.00000000 1.00000000
vn -0.99930000 -0.03810000 -0.00000000
vn -0.99930000 -0.03810000 -0.00000000
vn -0.99930000 -0.03810000 -0.00000000
vn -0.04580000 0.99890000 -0.00000000
vn -0.00000000 -0.00000000 1.00000000
vn -0.04590000 0.99890000 -0.00000000
vn -0.02530000 0.99970000 -0.00000000
vn -0.23850000 0.97110000 -0.00000000
vn -0.00000000 -0.00000000 1.00000000
vn -0.04580000 0.99890000 -0.00000000
vn -0.23850000 0.97110000 -0.00000000
vn -0.63550000 0.77210000 -0.00000000
vn -0.63530000 0.77230000 -0.00000000
vn -0.00000000 -0.00000000 1.00000000
vn -0.92420000 0.38200000 -0.00000000
vn -0.92420000 0.38190000 -0.00000000
vn -0.63530000 0.77230000 -0.00000000
vn -0.00000000 -0.00000000 1.00000000
vn -0.92420000 0.38200000 -0.00000000
vn -0.99530000 0.09710000 -0.00000000
vn -0.00000000 -0.00000000 1.00000000
vn -0.00000000 -0.00000000 1.00000000
vn -0.99920000 -0.04000000 -0.00000000
vn -0.99530000 0.09710000 -0.00000000
vn 0.12800000 0.99180000 -0.00000000
vn -0.00000000 -0.00000000 1.00000000
vn -0.02530000 0.99970000 -0.00000000
vn -0.02530000 0.99970000 -0.00000000
vn -0.02530000 0.99970000 -0.00000000
vn 0.99670000 -0.08060000 -0.00000000
vn 0.96150000 -0.27490000 -0.00000000
vn -0.00000000 -0.00000000 1.00000000
vn 0.99670000 -0.08060000 -0.00000000
vn 0.99670000 -0.08060000 -0.00000000
vn 1.00000000 -0.00600000 -0.00000000
vn 0.99670000 -0.08060000 -0.00000000
vn -0.00000000 -0.00000000 1.00000000
vn 1.00000000 -0.00600000 -0.00000000
vn 0.97460000 0.22390000 -0.00000000
vn 1.00000000 -0.00600000 -0.00000000
vn 0.97460000 0.22390000 -0.00000000
vn 1.00000000 -0.00600000 -0.00000000
vn -0.00000000 -0.00000000 1.00000000
vn 0.83020000 0.55740000 -0.00000000
vn 0.97460000 0.22390000 -0.00000000
vn 0.97460000 0.22390000 -0.00000000
vn 0.83020000 0.55740000 -0.00000000
vn 0.83010000 0.55760000 -0.00000000
vn -0.00000000 -0.00000000 1.00000000
vn 0.83020000 0.55740000 -0.00000000
vn 0.61430000 0.78910000 -0.00000000
vn 0.83010000 0.55760000 -0.00000000
vn 0.61420000 0.78910000 -0.00000000
vn 0.61430000 0.78910000 -0.00000000
vn -0.00000000 -0.00000000 1.00000000
vn 0.83010000 0.55760000 -0.00000000
vn 0.61430000 0.78910000 -0.00000000
vn 0.12800000 0.99180000 -0.00000000
vn 0.61420000 0.78910000 -0.00000000
vn 0.12800000 0.99180000 -0.00000000
vn 0.61420000 0.78910000 -0.00000000
vn -0.00000000 -0.00000000 1.00000000
vn 0.12800000 0.99180000 -0.00000000
vn -0.00000000 -0.00000000 1.00000000
vn 0.60700000 -0.79470000 -0.00000000
vn 0.53630000 -0.84400000 -0.00000000
vn 0.67020000 -0.74220000 -0.00000000
vn -0.00000000 -0.00000000 1.00000000
vn 0.60700000 -0.79470000 -0.00000000
vn 0.67020000 -0.74220000 -0.00000000
vn 0.80820000 -0.58900000 -0.00000000
vn -0.00000000 -0.00000000 1.00000000
vn 0.80820000 -0.58890000 -0.00000000
vn 0.80820000 -0.58900000 -0.00000000
vn 0.96150000 -0.27490000 -0.00000000
vn -0.00000000 -0.00000000 1.00000000
vn -0.00000000 -0.00000000 1.00000000
vn 0.53630000 -0.84400000 -0.00000000
vn 0.68280000 -0.73060000 -0.00000000
vn -0.00000000 -0.00000000 1.00000000
vn 0.99820000 0.05970000 -0.00000000
vn 0.92850000 0.37130000 -0.00000000
vn 0.99820000 0.05970000 -0.00000000
vn -0.00000000 -0.00000000 1.00000000
vn 0.96070000 -0.27760000 -0.00000000
vn 0.68280000 -0.73060000 -0.00000000
vn -0.00000000 -0.00000000 1.00000000
vn 0.96070000 -0.27760000 -0.00000000
vn 0.26000000 0.96560000 -0.00000000
vn -0.20990000 0.97770000 -0.00000000
vn -0.00000000 -0.00000000 1.00000000
vn -0.00000000 -0.00000000 1.00000000
vn 0.70350000 0.71070000 -0.00000000
vn 0.26000000 0.96560000 -0.00000000
vn 0.70350000 0.71070000 -0.00000000
vn 0.92850000 0.37130000 -0.00000000
vn -0.00000000 -0.00000000 1.00000000
vn -0.90680000 0.42160000 -0.00000000
vn -0.99140000 0.13070000 -0.00000000
vn -0.00000000 -0.00000000 1.00000000
vn -0.00000000 -0.00000000 1.00000000
vn -0.90680000 0.42160000 -0.00000000
vn -0.64260000 0.76620000 -0.00000000
vn -0.64260000 0.76620000 -0.00000000
vn -0.00000000 -0.00000000 1.00000000
vn -0.20990000 0.97770000 -0.00000000
vn 0.35110000 -0.93630000 -0.00000000
vn -0.00000000 -0.00000000 1.00000000
vn 0.36250000 -0.93200000 -0.00000000
vn 0.36240000 -0.93200000 -0.00000000
vn 0.90140000 -0.43300000 -0.00000000
vn -0.00000000 -0.00000000 1.00000000
vn 0.35120000 -0.93630000 -0.00000000
vn 0.35110000 -0.93630000 -0.00000000
vn 0.91960000 -0.39280000 -0.00000000
vn -0.00000000 -0.00000000 1.00000000
vn 0.93590000 -0.35220000 -0.00000000
vn -0.00000000 -0.00000000 1.00000000
vn 0.91050000 -0.41350000 -0.00000000
vn 0.91960000 -0.39280000 -0.00000000
vn 0.91050000 -0.41350000 -0.00000000
vn 0.90140000 -0.43300000 -0.00000000
vn -0.00000000 -0.00000000 1.00000000
vn -0.00000000 -0.00000000 1.00000000
vn 0.93590000 -0.35220000 -0.00000000
vn -0.07870000 0.99690000 -0.00000000
vn 0.93590000 -0.35220000 -0.00000000
vn 0.93590000 -0.35220000 -0.00000000
vn -0.16600000 0.98610000 -0.00000000
vn -0.00000000 -0.00000000 1.00000000
vn -0.08070000 0.99670000 -0.00000000
vn -0.08060000 0.99670000 -0.00000000
vn -0.00000000 -0.00000000 1.00000000
vn -0.07870000 0.99690000 -0.00000000
vn -0.08060000 0.99670000 -0.00000000
vn -0.00000000 -0.00000000 1.00000000
vn -0.25800000 0.96610000 -0.00000000
vn -0.16600000 0.98610000 -0.00000000
vn -0.26970000 0.96300000 -0.00000000
vn -0.00000000 -0.00000000 1.00000000
vn -0.37370000 0.92750000 -0.00000000
vn -0.26970000 0.96300000 -0.00000000
vn -0.00000000 -0.00000000 1.00000000
vn -0.25800000 0.96610000 -0.00000000
vn 0.82850000 0.56000000 -0.00000000
vn -0.37380000 0.92750000 -0.00000000
vn -0.37370000 0.92750000 -0.00000000
vn -0.00000000 -0.00000000 1.00000000
vn -0.37370000 0.92750000 -0.00000000
vn -0.37380000 0.92750000 -0.00000000
vn -0.37380000 0.92750000 -0.00000000
vn -0.00000000 -0.00000000 1.00000000
vn 0.85240000 0.52290000 -0.00000000
vn 0.82850000 0.56000000 -0.00000000
vn -0.00000000 -0.00000000 1.00000000
vn 0.03240000 -0.99950000 -0.00000000
vn 0.04540000 -0.99900000 -0.00000000
vn 0.04540000 -0.99900000 -0.00000000
vn -0.31720000 -0.94840000 -0.00000000
vn -0.31710000 -0.94840000 -0.00000000
vn -0.00000000 -0.00000000 1.00000000
vn -0.00000000 -0.00000000 1.00000000
vn -0.46490000 -0.88540000 -0.00000000
vn -0.46470000 -0.88550000 -0.00000000
vn -0.31710000 -0.94840000 -0.00000000
vn -0.00000000 -0.00000000 1.00000000
vn -0.46490000 -0.88540000 -0.00000000
vn -0.00000000 0.00010000 1.00000000
vn -0.17720000 -0.98420000 -0.00000000
vn -0.00000000 0.00010000 1.00000000
vn -0.17720000 -0.98420000 -0.00000000
vn 0.27850000 -0.96040000 -0.00000000
vn 0.27710000 -0.96080000 -0.00000000
vn 0.69860000 -0.71550000 -0.00000000
vn 0.27850000 -0.96040000 -0.00000000
vn -0.00000000 0.00010000 1.00000000
vn -0.00000000 -0.00000000 1.00000000
vn 0.69900000 -0.71510000 -0.00000000
vn 0.94300000 -0.33270000 -0.00000000
vn -0.00000000 -0.00000000 1.00000000
vn 0.69900000 -0.71510000 -0.00000000
vn 0.94300000 -0.33270000 -0.00000000
vn 0.99200000 0.12650000 -0.00000000
vn -0.00000000 -0.00000000 1.00000000
vn 0.91610000 0.40100000 -0.00000000
vn -0.00000000 -0.00000000 1.00000000
vn 0.99200000 0.12650000 -0.00000000
vn 0.91610000 0.40090000 -0.00000000
vn 0.91610000 0.40090000 -0.00000000
vn 0.85240000 0.52290000 -0.00000000
vn -0.00000000 -0.00000000 1.00000000
vn 0.03240000 -0.99950000 -0.00000000
vn 0.11790000 -0.99300000 -0.00000000
vn -0.00000000 -0.00000000 1.00000000
vn 0.03240000 -0.99950000 -0.00000000
vn 0.03240000 -0.99950000 -0.00000000
vn -0.00000000 -0.00000000 1.00000000
vn 0.11790000 -0.99300000 -0.00000000
vn 0.67320000 -0.73940000 -0.00000000
vn -0.00000000 -0.00000000 1.00000000
vn 0.70710000 -0.70710000 -0.00000000
vn 0.67320000 -0.73940000 -0.00000000
vn -0.77850000 -0.62760000 -0.00000000
vn 0.70710000 -0.70710000 -0.00000000
vn -0.00000000 -0.00000000 1.00000000
vn 0.70710000 -0.70710000 -0.00000000
vn 0.70710000 -0.70710000 -0.00000000
vn -0.78230000 -0.62290000 -0.00000000
vn -0.00000000 -0.00000000 1.00000000
vn -0.78770000 -0.61610000 -0.00000000
vn -0.77850000 -0.62770000 -0.00000000
vn -0.77850000 -0.62760000 -0.00000000
vn -0.00000000 -0.00000000 1.00000000
vn -0.78770000 -0.61610000 -0.00000000
vn -0.83120000 -0.55600000 -0.00000000
vn -0.00000000 -0.00000000 1.00000000
vn -0.78230000 -0.62290000 -0.00000000
vn -0.78230000 -0.62290000 -0.00000000
vn -0.78230000 -0.62290000 -0.00000000
vn -0.63460000 0.77280000 -0.00000000
vn -0.63610000 0.77160000 -0.00000000
vn -0.63460000 0.77290000 -0.00000000
vn -0.00000000 -0.00000000 1.00000000
vn -0.77900000 0.62700000 -0.00000000
vn -0.00000000 -0.00000000 1.00000000
vn -0.77930000 0.62670000 -0.00000000
vn -0.63460000 0.77280000 -0.00000000
vn -0.77930000 0.62670000 -0.00000000
vn -0.91420000 0.40530000 -0.00000000
vn -0.91420000 0.40520000 -0.00000000
vn -0.00000000 -0.00000000 1.00000000
vn -0.99370000 -0.11240000 -0.00000000
vn -0.99370000 -0.11230000 -0.00000000
vn -0.91420000 0.40520000 -0.00000000
vn -0.00000000 -0.00000000 1.00000000
vn -0.92260000 -0.38570000 -0.00000000
vn -0.99370000 -0.11240000 -0.00000000
vn -0.92270000 -0.38560000 -0.00000000
vn -0.00000000 -0.00000000 1.00000000
vn -0.00000000 -0.00000000 1.00000000
vn -0.83120000 -0.55600000 -0.00000000
vn -0.92270000 -0.38560000 -0.00000000
vn -0.00000000 -0.00000000 1.00000000
vn -0.63610000 0.77160000 -0.00000000
vn -0.92710000 0.37490000 -0.00000000
vn -0.63610000 0.77160000 -0.00000000
vn -0.63610000 0.77160000 -0.00000000
vn -0.91350000 0.40690000 -0.00000000
vn -0.88460000 0.46640000 -0.00000000
vn -0.00000000 -0.00000000 1.00000000
vn -0.00000000 -0.00000000 1.00000000
vn -0.91350000 0.40690000 -0.00000000
vn -0.92710000 0.37490000 -0.00000000
vn -0.05930000 -0.99820000 -0.00000000
vn -0.00000000 -0.00000000 1.00000000
vn -0.88460000 0.46640000 -0.00000000
vn -0.99410000 -0.10860000 -0.00000000
vn -0.00000000 -0.00000000 1.00000000
vn -0.98390000 0.17880000 -0.00000000
vn -0.99410000 -0.10860000 -0.00000000
vn -0.89300000 -0.45000000 -0.00000000
vn -0.00000000 -0.00000000 1.00000000
vn -0.00000000 -0.00000000 1.00000000
vn -0.89300000 -0.45000000 -0.00000000
vn -0.58580000 -0.81040000 -0.00000000
vn -0.58580000 -0.81040000 -0.00000000
vn -0.00000000 -0.00000000 1.00000000
vn -0.05930000 -0.99820000 -0.00000000
vn -0.00000000 -0.00000000 1.00000000
vn 0.14870000 0.98890000 -0.00000000
vn -0.10050000 0.99490000 -0.00000000
vn -0.10050000 0.99490000 -0.00000000
vn -0.44640000 0.89480000 -0.00000000
vn -0.00000000 -0.00000000 1.00000000
vn -0.00000000 -0.00000000 1.00000000
vn -0.82380000 0.56690000 -0.00000000
vn -0.44640000 0.89480000 -0.00000000
vn -0.98390000 0.17880000 -0.00000000
vn -0.82380000 0.56690000 -0.00000000
vn -0.00000000 -0.00000000 1.00000000
vn 0.99960000 0.02660000 -0.00000000
vn -0.00000000 -0.00000000 1.00000000
vn 0.98420000 0.17700000 -0.00000000
vn 0.82230000 0.56900000 -0.00000000
vn -0.00000000 -0.00000000 1.00000000
vn 0.98420000 0.17700000 -0.00000000
vn 0.55720000 0.83040000 -0.00000000
vn -0.00000000 -0.00000000 1.00000000
vn 0.82230000 0.56900000 -0.00000000
vn 0.55720000 0.83030000 -0.00000000
vn -0.00000000 -0.00000000 1.00000000
vn 0.55720000 0.83030000 -0.00000000
vn 0.14870000 0.98890000 -0.00000000
vn -0.00000000 -0.00000000 1.00000000
vn 0.99960000 0.02660000 -0.00000000
vn -0.00000000 -1.00000000 -0.00000000
vn -0.97790000 -0.20920000 -0.00000000
vn -0.00000000 -1.00000000 -0.00000000
vn -0.00000000 -0.00000000 1.00000000
vn 0.28130000 -0.95960000 -0.00000000
vn -0.11960000 -0.99280000 -0.00000000
vn -0.00000000 -0.00000000 1.00000000
vn -0.00000000 -0.00000000 1.00000000
vn -0.11960000 -0.99280000 -0.00000000
vn -0.47980000 -0.87740000 -0.00000000
vn -0.80520000 -0.59300000 -0.00000000
vn -0.47980000 -0.87740000 -0.00000000
vn -0.00000000 -0.00000000 1.00000000
vn -0.97790000 -0.20920000 -0.00000000
vn -0.80520000 -0.59300000 -0.00000000
vn -0.00000000 -0.00000000 1.00000000
vn 1.00000000 0.00160000 -0.00000000
vn 0.96240000 0.27180000 -0.00000000
vn -0.00000000 -0.00000000 1.00000000
vn -0.00000000 -0.00000000 1.00000000
vn 1.00000000 0.00160000 -0.00000000
vn 0.96180000 -0.27360000 -0.00000000
vn 0.71300000 -0.70110000 -0.00000000
vn -0.00000000 -0.00000000 1.00000000
vn 0.96180000 -0.27360000 -0.00000000
vn 0.28130000 -0.95960000 -0.00000000
vn -0.00000000 -0.00000000 1.00000000
vn 0.71300000 -0.70110000 -0.00000000
vn -0.11950000 0.99280000 -0.00000000
vn -0.00000000 -0.00000000 1.00000000
vn 0.02450000 0.99970000 -0.00000000
vn -0.00000000 -0.00000000 1.00000000
vn 0.02450000 0.99970000 -0.00000000
vn 0.47720000 0.87880000 -0.00000000
vn 0.79260000 0.60980000 -0.00000000
vn 0.47720000 0.87880000 -0.00000000
vn -0.00000000 -0.00000000 1.00000000
vn 0.79260000 0.60980000 -0.00000000
vn 0.96240000 0.27180000 -0.00000000
vn -0.00000000 -0.00000000 1.00000000
vn -0.00000000 -0.00000000 1.00000000
vn -0.11960000 0.99280000 -0.00000000
vn -0.88210000 0.47110000 -0.00000000
vn -0.11950000 0.99280000 -0.00000000
vn -0.00000000 -0.00000000 1.00000000
vn -0.84230000 0.53890000 -0.00000000
vn -0.88210000 0.47110000 -0.00000000
vn -0.88210000 0.47110000 -0.00000000
vn -0.88210000 0.47110000 -0.00000000
vn 0.88840000 0.45910000 -0.00000000
vn -0.00000000 -0.00000000 1.00000000
vn 0.89850000 0.43900000 -0.00000000
vn 0.86200000 0.50690000 -0.00000000
vn 0.89850000 0.43900000 -0.00000000
vn -0.00000000 -0.00000000 1.00000000
vn -0.00000000 -0.00000000 1.00000000
vn 0.86200000 0.50690000 -0.00000000
vn 0.67770000 0.73530000 -0.00000000
vn 0.67770000 0.73530000 -0.00000000
vn 0.31000000 0.95070000 -0.00000000
vn -0.00000000 -0.00000000 1.00000000
vn 0.30930000 0.95100000 -0.00000000
vn -0.14630000 0.98920000 -0.00000000
vn -0.00000000 -0.00000000 1.00000000
vn -0.14900000 0.98880000 -0.00000000
vn 0.31000000 0.95070000 -0.00000000
vn -0.60190000 0.79860000 -0.00000000
vn -0.00000000 -0.00000000 1.00000000
vn -0.60250000 0.79810000 -0.00000000
vn -0.14900000 0.98880000 -0.00000000
vn -0.84230000 0.53890000 -0.00000000
vn -0.60250000 0.79810000 -0.00000000
vn -0.00000000 -0.00000000 1.00000000
vn 0.88840000 0.45910000 -0.00000000
vn 0.89290000 0.45030000 -0.00000000
vn -0.00000000 -0.00000000 1.00000000
vn 0.99590000 -0.09010000 -0.00000000
vn -0.00000000 -0.00000000 1.00000000
vn 0.36250000 -0.93200000 -0.00000000
vn 0.99590000 -0.09010000 -0.00000000
vn -0.00000000 -0.00000000 1.00000000
vn 0.89290000 0.45030000 -0.00000000
vn -0.00000000 -0.00000000 1.00000000
vn 0.36240000 -0.93200000 -0.00000000
vn 0.35120000 -0.93630000 -0.00000000
vn -0.00000000 -0.00000000 1.00000000
vn 0.90140000 -0.43300000 -0.00000000
vn 0.35120000 -0.93630000 -0.00000000
vn 0.35110000 -0.93630000 -0.00000000
vn 0.35110000 -0.93630000 -0.00000000
vn 0.35120000 -0.93630000 -0.00000000
vn 0.35110000 -0.93630000 -0.00000000
vn 0.91960000 -0.39280000 -0.00000000
vn -0.00000000 -0.00000000 1.00000000
vn 0.93590000 -0.35220000 -0.00000000
vn -0.00000000 -0.00000000 1.00000000
vn 0.91050000 -0.41350000 -0.00000000
vn 0.91960000 -0.39280000 -0.00000000
vn -0.00000000 -0.00000000 1.00000000
vn 0.90140000 -0.43300000 -0.00000000
vn 0.91050000 -0.41350000 -0.00000000
vn -0.07870000 0.99690000 -0.00000000
vn -0.00000000 -0.00000000 1.00000000
vn 0.93590000 -0.35220000 -0.00000000
vn -0.08060000 0.99670000 -0.00000000
vn -0.16600000 0.98610000 -0.00000000
vn -0.00000000 -0.00000000 1.00000000
vn -0.08060000 0.99670000 -0.00000000
vn -0.07870000 0.99690000 -0.00000000
vn -0.00000000 -0.00000000 1.00000000
vn -0.16600000 0.98610000 -0.00000000
vn -0.00000000 -0.00000000 1.00000000
vn -0.25800000 0.96610000 -0.00000000
vn -0.16600000 0.98610000 -0.00000000
vn -0.16600000 0.98610000 -0.00000000
vn -0.26960000 0.96300000 -0.00000000
vn -0.00000000 -0.00000000 1.00000000
vn -0.37380000 0.92750000 -0.00000000
vn -0.26970000 0.96300000 -0.00000000
vn -0.25800000 0.96610000 -0.00000000
vn -0.25810000 0.96610000 -0.00000000
vn -0.26960000 0.96300000 -0.00000000
vn -0.00000000 -0.00000000 1.00000000
vn -0.00000000 -0.00000000 1.00000000
vn -0.37380000 0.92750000 -0.00000000
vn 0.82850000 0.56000000 -0.00000000
vn 0.85240000 0.52290000 -0.00000000
vn -0.00000000 -0.00000000 1.00000000
vn 0.82850000 0.56000000 -0.00000000
vn 0.04550000 -0.99900000 -0.00000000
vn 0.03240000 -0.99950000 -0.00000000
vn -0.00000000 -0.00000000 1.00000000
vn 0.04550000 -0.99900000 -0.00000000
vn -0.31710000 -0.94840000 -0.00000000
vn -0.31720000 -0.94840000 -0.00000000
vn -0.00000000 -0.00000000 1.00000000
vn -0.00000000 -0.00000000 1.00000000
vn -0.46490000 -0.88540000 -0.00000000
vn -0.31720000 -0.94840000 -0.00000000
vn -0.46470000 -0.88550000 -0.00000000
vn -0.46470000 -0.88550000 -0.00000000
vn -0.17750000 -0.98410000 -0.00000000
vn -0.00000000 -0.00000000 1.00000000
vn 0.27850000 -0.96040000 -0.00000000
vn 0.27780000 -0.96060000 -0.00000000
vn -0.00000000 -0.00000000 1.00000000
vn -0.17750000 -0.98410000 -0.00000000
vn 0.27780000 -0.96060000 -0.00000000
vn -0.00000000 -0.00000000 1.00000000
vn 0.69870000 -0.71540000 -0.00000000
vn -0.00000000 -0.00000000 1.00000000
vn 0.69870000 -0.71540000 -0.00000000
vn 0.94300000 -0.33290000 -0.00000000
vn 0.94290000 -0.33310000 -0.00000000
vn -0.00000000 -0.00000000 1.00000000
vn 0.94300000 -0.33290000 -0.00000000
vn 0.99200000 0.12650000 -0.00000000
vn 0.99200000 0.12650000 -0.00000000
vn 0.91610000 0.40090000 -0.00000000
vn 0.91610000 0.40080000 -0.00000000
vn -0.00000000 -0.00000000 1.00000000
vn -0.00000000 -0.00000000 1.00000000
vn 0.91610000 0.40080000 -0.00000000
vn 0.85230000 0.52300000 -0.00000000
vn 0.85240000 0.52290000 -0.00000000
vn 0.03240000 -0.99950000 -0.00000000
vn 0.11780000 -0.99300000 -0.00000000
vn -0.00000000 -0.00000000 1.00000000
vn 0.03240000 -0.99950000 -0.00000000
vn 0.03240000 -0.99950000 -0.00000000
vn 0.11790000 -0.99300000 -0.00000000
vn 0.11780000 -0.99300000 -0.00000000
vn -0.00000000 -0.00000000 1.00000000
vn 0.11790000 -0.99300000 -0.00000000
vn 0.11780000 -0.99300000 -0.00000000
vn 0.67320000 -0.73940000 -0.00000000
vn 0.11790000 -0.99300000 -0.00000000
vn -0.00000000 -0.00000000 1.00000000
vn 0.67320000 -0.73940000 -0.00000000
vn 0.67330000 -0.73940000 -0.00000000
vn 0.70710000 -0.70710000 -0.00000000
vn -0.00000000 -0.00000000 1.00000000
vn -0.77850000 -0.62760000 -0.00000000
vn 0.70710000 -0.70710000 -0.00000000
vn -0.00000000 -0.00000000 1.00000000
vn -0.78230000 -0.62290000 -0.00000000
vn -0.78770000 -0.61600000 -0.00000000
vn -0.78770000 -0.61610000 -0.00000000
vn -0.77850000 -0.62760000 -0.00000000
vn -0.00000000 -0.00000000 1.00000000
vn -0.78770000 -0.61610000 -0.00000000
vn -0.78230000 -0.62290000 -0.00000000
vn -0.00000000 -0.00000000 1.00000000
vn -0.83120000 -0.55590000 -0.00000000
vn -0.00000000 -0.00000000 1.00000000
vn -0.63610000 0.77160000 -0.00000000
vn -0.63460000 0.77290000 -0.00000000
vn -0.63460000 0.77280000 -0.00000000
vn -0.00000000 -0.00000000 1.00000000
vn -0.77920000 0.62680000 -0.00000000
vn -0.63460000 0.77290000 -0.00000000
vn -0.00000000 -0.00000000 1.00000000
vn -0.91430000 0.40510000 -0.00000000
vn -0.77920000 0.62680000 -0.00000000
vn -0.91420000 0.40520000 -0.00000000
vn -0.91420000 0.40520000 -0.00000000
vn -0.00000000 -0.00000000 1.00000000
vn -0.99370000 -0.11230000 -0.00000000
vn -0.92260000 -0.38570000 -0.00000000
vn -0.99370000 -0.11230000 -0.00000000
vn -0.00000000 -0.00000000 1.00000000
vn -0.83120000 -0.55590000 -0.00000000
vn -0.00000000 -0.00000000 1.00000000
vn -0.92260000 -0.38570000 -0.00000000
vn -0.92710000 0.37490000 -0.00000000
vn -0.63610000 0.77160000 -0.00000000
vn -0.00000000 -0.00000000 1.00000000
vn -0.91350000 0.40690000 -0.00000000
vn -0.00000000 -0.00000000 1.00000000
vn -0.88460000 0.46640000 -0.00000000
vn -0.91350000 0.40690000 -0.00000000
vn -0.92710000 0.37490000 -0.00000000
vn -0.00000000 -0.00000000 1.00000000
vn -0.05930000 -0.99820000 -0.00000000
vn -0.88460000 0.46640000 -0.00000000
vn -0.00000000 -0.00000000 1.00000000
vn -0.88460000 0.46640000 -0.00000000
vn -0.88460000 0.46640000 -0.00000000
vn -0.00000000 -0.00000000 1.00000000
vn -0.99410000 -0.10860000 -0.00000000
vn -0.98390000 0.17880000 -0.00000000
vn -0.89300000 -0.45000000 -0.00000000
vn -0.00000000 -0.00000000 1.00000000
vn -0.99410000 -0.10860000 -0.00000000
vn -0.89300000 -0.45000000 -0.00000000
vn -0.00000000 -0.00000000 1.00000000
vn -0.58580000 -0.81040000 -0.00000000
vn -0.00000000 -0.00000000 1.00000000
vn -0.05930000 -0.99820000 -0.00000000
vn -0.58580000 -0.81040000 -0.00000000
vn 0.14870000 0.98890000 -0.00000000
vn -0.10050000 0.99490000 -0.00000000
vn -0.00000000 -0.00000000 1.00000000
vn -0.00000000 -0.00000000 1.00000000
vn -0.44640000 0.89480000 -0.00000000
vn -0.10050000 0.99490000 -0.00000000
vn -0.44640000 0.89480000 -0.00000000
vn -0.00000000 -0.00000000 1.00000000
vn -0.82380000 0.56690000 -0.00000000
vn -0.00000000 -0.00000000 1.00000000
vn -0.82380000 0.56690000 -0.00000000
vn -0.98390000 0.17880000 -0.00000000
vn 0.98420000 0.17700000 -0.00000000
vn -0.00000000 -0.00000000 1.00000000
vn 0.99960000 0.02660000 -0.00000000
vn 0.98420000 0.17700000 -0.00000000
vn 0.82230000 0.56900000 -0.00000000
vn -0.00000000 -0.00000000 1.00000000
vn 0.55720000 0.83040000 -0.00000000
vn 0.82230000 0.56900000 -0.00000000
vn -0.00000000 -0.00000000 1.00000000
vn 0.55720000 0.83040000 -0.00000000
vn -0.00000000 -0.00000000 1.00000000
vn 0.14870000 0.98890000 -0.00000000
vn -0.00000000 -1.00000000 -0.00000000
vn -0.00000000 -0.00000000 1.00000000
vn 0.99960000 0.02660000 -0.00000000
vn 0.99960000 0.02660000 -0.00000000
vn 0.99960000 0.02660000 -0.00000000
vn -0.00000000 -1.00000000 -0.00000000
vn -0.97790000 -0.20920000 -0.00000000
vn -0.00000000 -0.00000000 1.00000000
vn 0.28130000 -0.95960000 -0.00000000
vn -0.00000000 -0.00000000 1.00000000
vn -0.11960000 -0.99280000 -0.00000000
vn -0.00000000 -0.00000000 1.00000000
vn -0.11960000 -0.99280000 -0.00000000
vn -0.47980000 -0.87740000 -0.00000000
vn -0.00000000 -0.00000000 1.00000000
vn -0.80520000 -0.59300000 -0.00000000
vn -0.47980000 -0.87740000 -0.00000000
vn -0.97790000 -0.20920000 -0.00000000
vn -0.00000000 -0.00000000 1.00000000
vn -0.80520000 -0.59300000 -0.00000000
vn 1.00000000 0.00160000 -0.00000000
vn 0.96240000 0.27180000 -0.00000000
vn -0.00000000 -0.00000000 1.00000000
vn 1.00000000 0.00160000 -0.00000000
vn 0.96180000 -0.27360000 -0.00000000
vn -0.00000000 -0.00000000 1.00000000
vn 0.71310000 -0.70110000 -0.00000000
vn 0.96180000 -0.27360000 -0.00000000
vn 0.71300000 -0.70110000 -0.00000000
vn -0.00000000 -0.00000000 1.00000000
vn 0.71300000 -0.70110000 -0.00000000
vn -0.00000000 -0.00000000 1.00000000
vn 0.28130000 -0.95960000 -0.00000000
vn 0.02450000 0.99970000 -0.00000000
vn -0.00000000 -0.00000000 1.00000000
vn -0.11950000 0.99280000 -0.00000000
vn 0.47720000 0.87880000 -0.00000000
vn 0.02450000 0.99970000 -0.00000000
vn -0.00000000 -0.00000000 1.00000000
vn -0.00000000 -0.00000000 1.00000000
vn 0.47720000 0.87880000 -0.00000000
vn 0.79260000 0.60980000 -0.00000000
vn 0.79260000 0.60980000 -0.00000000
vn 0.96240000 0.27180000 -0.00000000
vn -0.00000000 -0.00000000 1.00000000
vn -0.00000000 -0.00000000 1.00000000
vn -0.11950000 0.99280000 -0.00000000
vn -0.88210000 0.47110000 -0.00000000
vn -0.88210000 0.47110000 -0.00000000
vn -0.84230000 0.53890000 -0.00000000
vn -0.00000000 -0.00000000 1.00000000
vn 0.89840000 0.43910000 -0.00000000
vn 0.88840000 0.45910000 -0.00000000
vn -0.00000000 -0.00000000 1.00000000
vn -0.00000000 -0.00000000 1.00000000
vn 0.89840000 0.43910000 -0.00000000
vn 0.86210000 0.50680000 -0.00000000
vn 0.86210000 0.50680000 -0.00000000
vn -0.00000000 -0.00000000 1.00000000
vn 0.67760000 0.73550000 -0.00000000
vn 0.67730000 0.73570000 -0.00000000
vn 0.67730000 0.73570000 -0.00000000
vn -0.00000000 -0.00010000 1.00000000
vn 0.30930000 0.95100000 -0.00000000
vn -0.00000000 -0.00000000 1.00000000
vn 0.31090000 0.95050000 -0.00000000
vn 0.30930000 0.95100000 -0.00000000
vn -0.14650000 0.98920000 -0.00000000
vn -0.14920000 0.98880000 -0.00000000
vn -0.00000000 -0.00000000 1.00000000
vn -0.00000000 -0.00000000 1.00000000
vn -0.00000000 -0.00010000 1.00000000
vn -0.14650000 0.98920000 -0.00000000
vn -0.60230000 0.79830000 -0.00000000
vn -0.00000000 -0.00000000 1.00000000
vn -0.84230000 0.53900000 -0.00000000
vn -0.84230000 0.53890000 -0.00000000
vn -0.60230000 0.79830000 -0.00000000
vn -0.00000000 -0.00010000 1.00000000
vn -0.00000000 -0.00000000 1.00000000
vn 0.88840000 0.45910000 -0.00000000
vn 0.89290000 0.45030000 -0.00000000
vn -0.00000000 -0.00000000 1.00000000
vn 0.36240000 -0.93200000 -0.00000000
vn 0.99590000 -0.09010000 -0.00000000
vn 0.89290000 0.45030000 -0.00000000
vn -0.00000000 -0.00000000 1.00000000
vn 0.99590000 -0.09010000 -0.00000000
vn 0.35120000 -0.93630000 -0.00000000
vn 0.36240000 -0.93200000 -0.00000000
vn -0.00000000 -0.00000000 1.00000000
vn 0.35120000 -0.93630000 -0.00000000
vn 0.35110000 -0.93630000 -0.00000000
vn 0.90140000 -0.43300000 -0.00000000
vn -0.00000000 -0.00000000 1.00000000
vn 0.35120000 -0.93630000 -0.00000000
vn 0.35110000 -0.93630000 -0.00000000
vn 0.35110000 -0.93630000 -0.00000000
vn 0.91960000 -0.39280000 -0.00000000
vn 0.93590000 -0.35220000 -0.00000000
vn -0.00000000 -0.00000000 1.00000000
vn 0.91050000 -0.41350000 -0.00000000
vn -0.00000000 -0.00000000 1.00000000
vn 0.91960000 -0.39280000 -0.00000000
vn 0.91050000 -0.41350000 -0.00000000
vn -0.00000000 -0.00000000 1.00000000
vn 0.90140000 -0.43300000 -0.00000000
vn 0.93590000 -0.35220000 -0.00000000
vn -0.07870000 0.99690000 -0.00000000
vn -0.00000000 -0.00000000 1.00000000
vn -0.08060000 0.99670000 -0.00000000
vn -0.16600000 0.98610000 -0.00000000
vn -0.00000000 -0.00000000 1.00000000
vn -0.08060000 0.99670000 -0.00000000
vn -0.07870000 0.99690000 -0.00000000
vn -0.00000000 -0.00000000 1.00000000
vn -0.25800000 0.96610000 -0.00000000
vn -0.16600000 0.98610000 -0.00000000
vn -0.00000000 -0.00000000 1.00000000
vn -0.16600000 0.98610000 -0.00000000
vn -0.16600000 0.98610000 -0.00000000
vn -0.26970000 0.96300000 -0.00000000
vn -0.00000000 -0.00000000 1.00000000
vn -0.37380000 0.92750000 -0.00000000
vn -0.26960000 0.96300000 -0.00000000
vn -0.26960000 0.96300000 -0.00000000
vn -0.25810000 0.96610000 -0.00000000
vn -0.00000000 -0.00000000 1.00000000
vn -0.25800000 0.96610000 -0.00000000
vn -0.00000000 -0.00000000 1.00000000
vn -0.37380000 0.92750000 -0.00000000
vn 0.82850000 0.56000000 -0.00000000
vn 0.82850000 0.56000000 -0.00000000
vn 0.85240000 0.52290000 -0.00000000
vn -0.00000000 -0.00000000 1.00000000
vn 0.04550000 -0.99900000 -0.00000000
vn -0.00000000 -0.00000000 1.00000000
vn 0.03240000 -0.99950000 -0.00000000
vn -0.00000000 -0.00000000 1.00000000
vn 0.04550000 -0.99900000 -0.00000000
vn -0.31710000 -0.94840000 -0.00000000
vn -0.31720000 -0.94840000 -0.00000000
vn -0.46470000 -0.88550000 -0.00000000
vn -0.46490000 -0.88540000 -0.00000000
vn -0.31720000 -0.94840000 -0.00000000
vn -0.00000000 -0.00000000 1.00000000
vn -0.46470000 -0.88550000 -0.00000000
vn -0.17750000 -0.98410000 -0.00000000
vn -0.00000000 -0.00000000 1.00000000
vn -0.17750000 -0.98410000 -0.00000000
vn 0.27780000 -0.96060000 -0.00000000
vn -0.00000000 -0.00000000 1.00000000
vn 0.27850000 -0.96040000 -0.00000000
vn 0.27780000 -0.96060000 -0.00000000
vn 0.69870000 -0.71540000 -0.00000000
vn -0.00000000 -0.00000000 1.00000000
vn 0.94290000 -0.33310000 -0.00000000
vn 0.69870000 -0.71540000 -0.00000000
vn 0.94300000 -0.33290000 -0.00000000
vn -0.00000000 -0.00000000 1.00000000
vn 0.94300000 -0.33290000 -0.00000000
vn 0.99200000 0.12650000 -0.00000000
vn -0.00000000 -0.00000000 1.00000000
vn 0.99200000 0.12650000 -0.00000000
vn -0.00000000 -0.00000000 1.00000000
vn 0.91600000 0.40110000 -0.00000000
vn 0.91600000 0.40120000 -0.00000000
vn -0.00000000 -0.00000000 1.00000000
vn 0.91600000 0.40110000 -0.00000000
vn 0.85240000 0.52290000 -0.00000000
vn -0.00000000 -0.00000000 1.00000000
vn 0.11790000 -0.99300000 -0.00000000
vn 0.03240000 -0.99950000 -0.00000000
vn 0.03240000 -0.99950000 -0.00000000
vn 0.03240000 -0.99950000 -0.00000000
vn 0.11790000 -0.99300000 -0.00000000
vn 0.67320000 -0.73940000 -0.00000000
vn -0.00000000 -0.00000000 1.00000000
vn 0.11790000 -0.99300000 -0.00000000
vn 0.11790000 -0.99300000 -0.00000000
vn 0.67330000 -0.73940000 -0.00000000
vn 0.70710000 -0.70710000 -0.00000000
vn -0.00000000 -0.00000000 1.00000000
vn 0.67320000 -0.73940000 -0.00000000
vn 0.70710000 -0.70710000 -0.00000000
vn -0.00000000 -0.00000000 1.00000000
vn -0.77850000 -0.62770000 -0.00000000
vn -0.78230000 -0.62290000 -0.00000000
vn -0.00000000 -0.00000000 1.00000000
vn -0.78770000 -0.61610000 -0.00000000
vn -0.78770000 -0.61600000 -0.00000000
vn -0.78770000 -0.61610000 -0.00000000
vn -0.00000000 -0.00000000 1.00000000
vn -0.77850000 -0.62770000 -0.00000000
vn -0.83120000 -0.55590000 -0.00000000
vn -0.78230000 -0.62290000 -0.00000000
vn -0.00000000 -0.00000000 1.00000000
vn -0.00000000 -0.00000000 1.00000000
vn -0.63460000 0.77280000 -0.00000000
vn -0.63610000 0.77160000 -0.00000000
vn -0.63460000 0.77290000 -0.00000000
vn -0.63460000 0.77290000 -0.00000000
vn -0.77920000 0.62680000 -0.00000000
vn -0.00000000 -0.00000000 1.00000000
vn -0.00000000 -0.00000000 1.00000000
vn -0.91420000 0.40520000 -0.00000000
vn -0.77920000 0.62680000 -0.00000000
vn -0.91430000 0.40510000 -0.00000000
vn -0.91420000 0.40520000 -0.00000000
vn -0.99370000 -0.11230000 -0.00000000
vn -0.00000000 -0.00000000 1.00000000
vn -0.00000000 -0.00000000 1.00000000
vn -0.92260000 -0.38570000 -0.00000000
vn -0.99370000 -0.11230000 -0.00000000
vn -0.83120000 -0.55590000 -0.00000000
vn -0.92260000 -0.38570000 -0.00000000
vn -0.00000000 -0.00000000 1.00000000
vn -0.63610000 0.77160000 -0.00000000
vn -0.00000000 -0.00000000 1.00000000
vn -0.92710000 0.37490000 -0.00000000
vn -0.88460000 0.46640000 -0.00000000
vn -0.91350000 0.40690000 -0.00000000
vn -0.00000000 -0.00000000 1.00000000
vn -0.92710000 0.37490000 -0.00000000
vn -0.00000000 -0.00000000 1.00000000
vn -0.91350000 0.40690000 -0.00000000
vn -0.88460000 0.46640000 -0.00000000
vn -0.00000000 -0.00000000 1.00000000
vn -0.05930000 -0.99820000 -0.00000000
vn -0.88460000 0.46640000 -0.00000000
vn -0.88460000 0.46640000 -0.00000000
vn -0.98390000 0.17880000 -0.00000000
vn -0.99410000 -0.10860000 -0.00000000
vn -0.00000000 -0.00000000 1.00000000
vn -0.89300000 -0.45000000 -0.00000000
vn -0.99410000 -0.10860000 -0.00000000
vn -0.00000000 -0.00000000 1.00000000
vn -0.58580000 -0.81040000 -0.00000000
vn -0.00000000 -0.00000000 1.00000000
vn -0.58590000 -0.81040000 -0.00000000
vn -0.89300000 -0.45000000 -0.00000000
vn -0.58580000 -0.81040000 -0.00000000
vn -0.05930000 -0.99820000 -0.00000000
vn -0.00000000 -0.00000000 1.00000000
vn -0.00000000 -0.00000000 1.00000000
vn 0.14870000 0.98890000 -0.00000000
vn -0.10050000 0.99490000 -0.00000000
vn -0.44640000 0.89480000 -0.00000000
vn -0.00000000 -0.00000000 1.00000000
vn -0.10050000 0.99490000 -0.00000000
vn -0.82380000 0.56690000 -0.00000000
vn -0.00000000 -0.00000000 1.00000000
vn -0.44640000 0.89480000 -0.00000000
vn -0.82380000 0.56690000 -0.00000000
vn -0.98390000 0.17880000 -0.00000000
vn -0.00000000 -0.00000000 1.00000000
vn -0.00000000 -0.00000000 1.00000000
vn 0.98420000 0.17700000 -0.00000000
vn 0.99960000 0.02660000 -0.00000000
vn -0.00000000 -0.00000000 1.00000000
vn 0.98420000 0.17700000 -0.00000000
vn 0.82230000 0.56900000 -0.00000000
vn -0.00000000 -0.00000000 1.00000000
vn 0.55720000 0.83040000 -0.00000000
vn 0.82230000 0.56900000 -0.00000000
vn -0.00000000 -0.00000000 1.00000000
vn 0.55720000 0.83040000 -0.00000000
vn 0.14870000 0.98890000 -0.00000000
vn -0.00000000 -1.00000000 -0.00000000
vn 0.99960000 0.02660000 -0.00000000
vn -0.00000000 -0.00000000 1.00000000
vn 0.99960000 0.02660000 -0.00000000
vn 0.99960000 0.02660000 -0.00000000
vn -0.00000000 -1.00000000 -0.00000000
vn -0.00000000 -0.00000000 1.00000000
vn -0.97790000 -0.20920000 -0.00000000
vn -0.11960000 -0.99280000 -0.00000000
vn 0.28130000 -0.95960000 -0.00000000
vn -0.00000000 -0.00000000 1.00000000
vn -0.00000000 -0.00000000 1.00000000
vn -0.11960000 -0.99280000 -0.00000000
vn -0.47980000 -0.87740000 -0.00000000
vn -0.00000000 -0.00000000 1.00000000
vn -0.47980000 -0.87740000 -0.00000000
vn -0.80520000 -0.59300000 -0.00000000
vn -0.97790000 -0.20920000 -0.00000000
vn -0.80520000 -0.59300000 -0.00000000
vn -0.00000000 -0.00000000 1.00000000
vn 1.00000000 0.00160000 -0.00000000
vn 0.96240000 0.27180000 -0.00000000
vn -0.00000000 -0.00000000 1.00000000
vn 1.00000000 0.00160000 -0.00000000
vn 0.96180000 -0.27360000 -0.00000000
vn -0.00000000 -0.00000000 1.00000000
vn -0.00000000 -0.00000000 1.00000000
vn 0.96180000 -0.27360000 -0.00000000
vn 0.71300000 -0.70110000 -0.00000000
vn 0.71310000 -0.70110000 -0.00000000
vn 0.28130000 -0.95960000 -0.00000000
vn -0.00000000 -0.00000000 1.00000000
vn 0.71300000 -0.70110000 -0.00000000
vn 0.02450000 0.99970000 -0.00000000
vn -0.11950000 0.99280000 -0.00000000
vn -0.00000000 -0.00000000 1.00000000
vn -0.00000000 -0.00000000 1.00000000
vn 0.02450000 0.99970000 -0.00000000
vn 0.47720000 0.87880000 -0.00000000
vn -0.00000000 -0.00000000 1.00000000
vn 0.47720000 0.87880000 -0.00000000
vn 0.79260000 0.60980000 -0.00000000
vn 0.79260000 0.60980000 -0.00000000
vn 0.96240000 0.27180000 -0.00000000
vn -0.00000000 -0.00000000 1.00000000
vn -0.88210000 0.47110000 -0.00000000
vn -0.11950000 0.99280000 -0.00000000
vn -0.00000000 -0.00000000 1.00000000
vn -0.84230000 0.53890000 -0.00000000
vn -0.88210000 0.47110000 -0.00000000
vn -0.00000000 -0.00000000 1.00000000
vn 0.89840000 0.43910000 -0.00000000
vn 0.88840000 0.45910000 -0.00000000
vn -0.00000000 -0.00000000 1.00000000
vn 0.86210000 0.50680000 -0.00000000
vn -0.00000000 -0.00000000 1.00000000
vn 0.89840000 0.43910000 -0.00000000
vn 0.67760000 0.73550000 -0.00000000
vn 0.86210000 0.50680000 -0.00000000
vn 0.67730000 0.73570000 -0.00000000
vn -0.00000000 -0.00000000 1.00000000
vn -0.00000000 -0.00010000 1.00000000
vn -0.00000000 -0.00000000 1.00000000
vn 0.30930000 0.95100000 -0.00000000
vn 0.67730000 0.73570000 -0.00000000
vn 0.31090000 0.95050000 -0.00000000
vn -0.14630000 0.98920000 -0.00000000
vn -0.00000000 -0.00000000 1.00000000
vn -0.14900000 0.98880000 -0.00000000
vn 0.30930000 0.95100000 -0.00000000
vn -0.00000000 -0.00000000 1.00000000
vn -0.60280000 0.79790000 -0.00000000
vn -0.00000000 -0.00010000 1.00000000
vn -0.14630000 0.98920000 -0.00000000
vn -0.84230000 0.53900000 -0.00000000
vn -0.84230000 0.53890000 -0.00000000
vn -0.00000000 -0.00000000 1.00000000
vn -0.00000000 -0.00010000 1.00000000
vn -0.60280000 0.79790000 -0.00000000
vn 0.88840000 0.45910000 -0.00000000
vn -0.00000000 -0.00000000 1.00000000
vn 0.89290000 0.45030000 -0.00000000
vn 0.99590000 -0.09010000 -0.00000000
vn -0.00000000 -0.00000000 1.00000000
vn 0.36240000 -0.93200000 -0.00000000
vn 0.99590000 -0.09010000 -0.00000000
vn -0.00000000 -0.00000000 1.00000000
vn 0.89290000 0.45030000 -0.00000000
f 1//1 8//8 10//10
f 10//10 8//8 14//14
f 4//4 11//11 18//18
f 4//4 18//18 20//20
f 22//22 19//19 24//24
f 22//22 24//24 27//27
f 26//26 25//25 29//29
f 26//26 29//29 32//32
f 34//34 30//30 36//36
f 34//34 36//36 39//39
f 38//38 35//35 43//43
f 38//38 43//43 47//47
f 51//51 45//45 56//56
f 56//56 45//45 41//41
f 49//49 54//54 59//59
f 49//49 59//59 61//61
f 60//60 57//57 65//65
f 60//60 65//65 68//68
f 67//67 63//63 70//70
f 67//67 70//70 72//72
f 74//74 69//69 77//77
f 74//74 77//77 79//79
f 80//80 75//75 84//84
f 80//80 84//84 85//85
f 91//91 86//86 93//93
f 93//93 86//86 81//81
f 5//5 92//92 15//15
f 15//15 92//92 95//95
f 98//98 100//100 90//90
f 105//105 108//108 7//7
f 7//7 108//108 111//111
f 111//111 112//112 7//7
f 7//7 112//112 115//115
f 7//7 115//115 90//90
f 90//90 115//115 121//121
f 90//90 121//121 98//98
f 100//100 125//125 90//90
f 90//90 125//125 128//128
f 90//90 128//128 88//88
f 88//88 128//128 131//131
f 133//133 3//3 21//21
f 33//33 40//40 136//136
f 136//136 40//40 48//48
f 136//136 48//48 138//138
f 142//142 146//146 52//52
f 52//52 146//146 152//152
f 52//52 152//152 48//48
f 48//48 152//152 154//154
f 48//48 154//154 138//138
f 133//133 21//21 136//136
f 136//136 21//21 28//28
f 136//136 28//28 33//33
f 133//133 156//156 3//3
f 3//3 156//156 160//160
f 3//3 160//160 7//7
f 7//7 160//160 164//164
f 7//7 164//164 105//105
f 142//142 52//52 167//167
f 167//167 52//52 62//62
f 167//167 62//62 66//66
f 131//131 169//169 88//88
f 88//88 169//169 172//172
f 88//88 172//172 78//78
f 78//78 172//172 167//167
f 78//78 167//167 73//73
f 73//73 167//167 66//66
f 175//175 178//178 16//16
f 181//181 184//184 94//94
f 94//94 184//184 189//189
f 94//94 189//189 191//191
f 191//191 193//193 94//94
f 94//94 193//193 197//197
f 94//94 197//197 16//16
f 16//16 197//197 203//203
f 16//16 203//203 175//175
f 178//178 205//205 16//16
f 16//16 205//205 209//209
f 16//16 209//209 12//12
f 12//12 209//209 210//210
f 214//214 55//55 218//218
f 218//218 55//55 44//44
f 218//218 44//44 221//221
f 181//181 94//94 224//224
f 224//224 94//94 82//82
f 224//224 82//82 229//229
f 221//221 44//44 231//231
f 231//231 44//44 37//37
f 231//231 37//37 31//31
f 210//210 234//234 12//12
f 12//12 234//234 237//237
f 12//12 237//237 17//17
f 17//17 237//237 231//231
f 17//17 231//231 23//23
f 23//23 231//231 31//31
f 214//214 239//239 55//55
f 55//55 239//239 242//242
f 55//55 242//242 58//58
f 58//58 242//242 64//64
f 229//229 82//82 246//246
f 246//246 82//82 76//76
f 246//246 76//76 242//242
f 242//242 76//76 71//71
f 242//242 71//71 64//64
f 140//140 153//153 219//219
f 220//220 155//155 148//148
f 217//217 149//149 216//216
f 215//215 150//150 145//145
f 213//213 144//144 241//241
f 241//241 144//144 141//141
f 240//240 143//143 244//244
f 244//244 143//143 166//166
f 243//243 168//168 248//248
f 247//247 165//165 173//173
f 245//245 174//174 228//228
f 228//228 174//174 170//170
f 227//227 171//171 226//226
f 226//226 171//171 129//129
f 225//225 130//130 183//183
f 183//183 130//130 127//127
f 182//182 126//126 185//185
f 185//185 126//126 124//124
f 186//186 123//123 187//187
f 187//187 123//123 102//102
f 188//188 101//101 190//190
f 190//190 101//101 97//97
f 192//192 99//99 194//194
f 194//194 99//99 122//122
f 195//195 120//120 198//198
f 198//198 120//120 119//119
f 196//196 116//116 202//202
f 202//202 116//116 114//114
f 201//201 113//113 177//177
f 177//177 113//113 109//109
f 176//176 110//110 179//179
f 179//179 110//110 106//106
f 180//180 107//107 206//206
f 206//206 107//107 103//103
f 204//204 104//104 207//207
f 207//207 104//104 162//162
f 208//208 163//163 211//211
f 211//211 163//163 159//159
f 212//212 161//161 233//233
f 233//233 161//161 158//158
f 235//235 157//157 238//238
f 238//238 157//157 132//132
f 236//236 134//134 232//232
f 232//232 134//134 135//135
f 230//230 137//137 223//223
f 223//223 137//137 139//139
f 222//222 140//140 219//219
f 252//252 256//256 257//257
f 252//252 257//257 260//260
f 262//262 259//259 264//264
f 262//262 264//264 267//267
f 268//268 265//265 271//271
f 268//268 271//271 272//272
f 274//274 270//270 276//276
f 274//274 276//276 279//279
f 280//280 275//275 281//281
f 280//280 281//281 286//286
f 291//291 285//285 294//294
f 294//294 285//285 282//282
f 289//289 296//296 297//297
f 289//289 297//297 301//301
f 302//302 299//299 304//304
f 302//302 304//304 306//306
f 308//308 305//305 311//311
f 308//308 311//311 313//313
f 312//312 309//309 316//316
f 312//312 316//316 320//320
f 319//319 315//315 321//321
f 319//319 321//321 326//326
f 329//329 328//328 335//335
f 335//335 328//328 324//324
f 338//338 332//332 343//343
f 343//343 332//332 333//333
f 249//249 340//340 253//253
f 253//253 340//340 344//344
f 345//345 350//350 331//331
f 353//353 356//356 337//337
f 337//337 356//356 358//358
f 337//337 358//358 331//331
f 331//331 358//358 362//362
f 331//331 362//362 345//345
f 367//367 369//369 337//337
f 337//337 369//369 373//373
f 337//337 373//373 353//353
f 350//350 375//375 331//331
f 331//331 375//375 379//379
f 331//331 379//379 327//327
f 327//327 379//379 381//381
f 385//385 388//388 288//288
f 288//288 388//388 391//391
f 288//288 391//391 278//278
f 278//278 391//391 273//273
f 367//367 337//337 394//394
f 394//394 337//337 250//250
f 394//394 250//250 397//397
f 397//397 250//250 399//399
f 399//399 250//250 261//261
f 399//399 261//261 391//391
f 391//391 261//261 266//266
f 391//391 266//266 273//273
f 290//290 300//300 404//404
f 404//404 300//300 307//307
f 381//381 407//407 327//327
f 327//327 407//407 410//410
f 327//327 410//410 318//318
f 318//318 410//410 404//404
f 318//318 404//404 314//314
f 314//314 404//404 307//307
f 404//404 411//411 290//290
f 290//290 411//411 415//415
f 290//290 415//415 288//288
f 288//288 415//415 422//422
f 288//288 422//422 385//385
f 424//424 428//428 342//342
f 429//429 433//433 334//334
f 334//334 433//433 435//435
f 334//334 435//435 440//440
f 442//442 295//295 446//446
f 446//446 295//295 283//283
f 446//446 283//283 449//449
f 440//440 452//452 334//334
f 334//334 452//452 456//456
f 334//334 456//456 342//342
f 342//342 456//456 462//462
f 342//342 462//462 424//424
f 429//429 334//334 463//463
f 463//463 334//334 322//322
f 463//463 322//322 467//467
f 442//442 469//469 295//295
f 295//295 469//469 473//473
f 295//295 473//473 298//298
f 298//298 473//473 303//303
f 428//428 476//476 342//342
f 342//342 476//476 480//480
f 342//342 480//480 254//254
f 254//254 480//480 482//482
f 467//467 322//322 486//486
f 486//486 322//322 317//317
f 486//486 317//317 473//473
f 473//473 317//317 310//310
f 473//473 310//310 303//303
f 449//449 283//283 487//487
f 487//487 283//283 277//277
f 487//487 277//277 269//269
f 482//482 493//493 254//254
f 254//254 493//493 495//495
f 254//254 495//495 258//258
f 258//258 495//495 487//487
f 258//258 487//487 263//263
f 263//263 487//487 269//269
f 387//387 384//384 445//445
f 447//447 383//383 420//420
f 448//448 417//417 441//441
f 443//443 419//419 416//416
f 444//444 414//414 471//471
f 471//471 414//414 413//413
f 470//470 412//412 474//474
f 474//474 412//412 402//402
f 472//472 403//403 484//484
f 484//484 403//403 408//408
f 485//485 409//409 468//468
f 468//468 409//409 406//406
f 466//466 405//405 465//465
f 465//465 405//405 382//382
f 464//464 380//380 430//430
f 430//430 380//380 378//378
f 431//431 377//377 434//434
f 434//434 377//377 374//374
f 432//432 376//376 437//437
f 437//437 376//376 348//348
f 436//436 349//349 439//439
f 439//439 349//349 346//346
f 438//438 347//347 453//453
f 453//453 347//347 363//363
f 454//454 364//364 455//455
f 455//455 364//364 361//361
f 458//458 359//359 460//460
f 460//460 359//359 354//354
f 461//461 355//355 425//425
f 425//425 355//355 352//352
f 423//423 351//351 426//426
f 426//426 351//351 372//372
f 427//427 371//371 475//475
f 475//475 371//371 370//370
f 477//477 368//368 478//478
f 478//478 368//368 366//366
f 479//479 365//365 483//483
f 483//483 365//365 393//393
f 481//481 392//392 491//491
f 491//491 392//392 396//396
f 492//492 395//395 494//494
f 494//494 395//395 400//400
f 496//496 398//398 489//489
f 490//490 401//401 389//389
f 488//488 390//390 450//450
f 450//450 390//390 386//386
f 451//451 387//387 445//445
f 499//499 501//501 506//506
f 499//499 506//506 508//508
f 510//510 507//507 513//513
f 510//510 513//513 515//515
f 516//516 511//511 518//518
f 516//516 518//518 520//520
f 522//522 519//519 525//525
f 522//522 525//525 528//528
f 526//526 524//524 529//529
f 526//526 529//529 533//533
f 539//539 534//534 541//541
f 541//541 534//534 530//530
f 538//538 542//542 545//545
f 538//538 545//545 548//548
f 550//550 546//546 553//553
f 550//550 553//553 556//556
f 555//555 552//552 558//558
f 555//555 558//558 561//561
f 560//560 557//557 563//563
f 560//560 563//563 568//568
f 567//567 564//564 572//572
f 567//567 572//572 574//574
f 578//578 575//575 581//581
f 581//581 575//575 570//570
f 587//587 577//577 590//590
f 590//590 577//577 582//582
f 500//500 588//588 502//502
f 502//502 588//588 592//592
f 595//595 598//598 580//580
f 599//599 602//602 585//585
f 585//585 602//602 605//605
f 585//585 605//605 580//580
f 580//580 605//605 610//610
f 580//580 610//610 595//595
f 615//615 535//535 617//617
f 617//617 535//535 537//537
f 617//617 537//537 621//621
f 623//623 627//627 585//585
f 585//585 627//627 630//630
f 585//585 630//630 599//599
f 598//598 632//632 580//580
f 580//580 632//632 636//636
f 580//580 636//636 573//573
f 573//573 636//636 639//639
f 615//615 641//641 535//535
f 535//535 641//641 643//643
f 535//535 643//643 527//527
f 527//527 643//643 521//521
f 623//623 585//585 646//646
f 646//646 585//585 497//497
f 646//646 497//497 649//649
f 621//621 537//537 653//653
f 653//653 537//537 549//549
f 653//653 549//549 554//554
f 639//639 657//657 573//573
f 573//573 657//657 659//659
f 573//573 659//659 566//566
f 566//566 659//659 653//653
f 566//566 653//653 562//562
f 562//562 653//653 554//554
f 649//649 497//497 662//662
f 662//662 497//497 509//509
f 662//662 509//509 643//643
f 643//643 509//509 514//514
f 643//643 514//514 521//521
f 665//665 670//670 591//591
f 672//672 674//674 583//583
f 583//583 674//674 679//679
f 583//583 679//679 681//681
f 681//681 684//684 583//583
f 583//583 684//684 689//689
f 583//583 689//689 591//591
f 591//591 689//689 693//693
f 591//591 693//693 665//665
f 670//670 695//695 591//591
f 591//591 695//695 699//699
f 591//591 699//699 503//503
f 503//503 699//699 702//702
f 703//703 544//544 707//707
f 707//707 544//544 532//532
f 707//707 532//532 709//709
f 672//672 583//583 713//713
f 713//713 583//583 569//569
f 713//713 569//569 716//716
f 709//709 532//532 720//720
f 720//720 532//532 523//523
f 720//720 523//523 517//517
f 702//702 723//723 503//503
f 503//503 723//723 725//725
f 503//503 725//725 505//505
f 505//505 725//725 720//720
f 505//505 720//720 512//512
f 512//512 720//720 517//517
f 703//703 728//728 544//544
f 544//544 728//728 732//732
f 544//544 732//732 547//547
f 547//547 732//732 551//551
f 716//716 569//569 735//735
f 735//735 569//569 565//565
f 735//735 565//565 732//732
f 732//732 565//565 559//559
f 732//732 559//559 551//551
f 609//609 688//688 611//611
f 611//611 688//688 685//685
f 612//612 683//683 593//593
f 593//593 683//683 682//682
f 594//594 680//680 597//597
f 597//597 680//680 677//677
f 596//596 678//678 633//633
f 633//633 678//678 676//676
f 631//631 675//675 635//635
f 635//635 675//675 671//671
f 634//634 673//673 638//638
f 638//638 673//673 714//714
f 637//637 712//712 656//656
f 656//656 712//712 715//715
f 655//655 717//717 658//658
f 658//658 717//717 734//734
f 660//660 736//736 654//654
f 654//654 736//736 733//733
f 652//652 731//731 619//619
f 619//619 731//731 730//730
f 620//620 729//729 616//616
f 616//616 729//729 705//705
f 618//618 704//704 614//614
f 614//614 704//704 706//706
f 613//613 708//708 642//642
f 642//642 708//708 710//710
f 640//640 711//711 644//644
f 644//644 711//711 721//721
f 645//645 718//718 664//664
f 663//663 719//719 727//727
f 661//661 726//726 650//650
f 650//650 726//726 724//724
f 651//651 722//722 648//648
f 648//648 722//722 701//701
f 647//647 700//700 622//622
f 622//622 700//700 698//698
f 624//624 697//697 626//626
f 626//626 697//697 694//694
f 625//625 696//696 628//628
f 628//628 696//696 668//668
f 629//629 669//669 601//601
f 601//601 669//669 667//667
f 600//600 666//666 603//603
f 603//603 666//666 691//691
f 604//604 692//692 607//607
f 607//607 692//692 687//687
f 737//737 744//744 747//747
f 737//737 747//747 750//750
f 751//751 746//746 754//754
f 751//751 754//754 757//757
f 756//756 752//752 759//759
f 756//756 759//759 763//763
f 761//761 758//758 766//766
f 761//761 766//766 769//769
f 768//768 764//764 772//772
f 768//768 772//772 774//774
f 778//778 777//777 783//783
f 783//783 777//777 773//773
f 780//780 784//784 787//787
f 780//780 787//787 790//790
f 791//791 786//786 792//792
f 791//791 792//792 796//796
f 795//795 793//793 798//798
f 795//795 798//798 803//803
f 801//801 799//799 805//805
f 801//801 805//805 808//808
f 807//807 806//806 810//810
f 807//807 810//810 817//817
f 818//818 814//814 823//823
f 823//823 814//814 812//812
f 827//827 819//819 830//830
f 830//830 819//819 822//822
f 738//738 828//828 743//743
f 743//743 828//828 833//833
f 834//834 838//838 820//820
f 842//842 845//845 829//829
f 829//829 845//845 850//850
f 829//829 850//850 820//820
f 820//820 850//850 852//852
f 820//820 852//852 834//834
f 856//856 859//859 829//829
f 829//829 859//859 861//861
f 829//829 861//861 842//842
f 838//838 865//865 820//820
f 820//820 865//865 868//868
f 820//820 868//868 815//815
f 815//815 868//868 869//869
f 762//762 767//767 873//873
f 873//873 767//767 775//775
f 873//873 775//775 875//875
f 856//856 829//829 878//878
f 878//878 829//829 740//740
f 878//878 740//740 882//882
f 882//882 740//740 884//884
f 884//884 740//740 749//749
f 884//884 749//749 873//873
f 873//873 749//749 755//755
f 873//873 755//755 762//762
f 887//887 781//781 893//893
f 893//893 781//781 789//789
f 893//893 789//789 797//797
f 869//869 896//896 815//815
f 815//815 896//896 899//899
f 815//815 899//899 809//809
f 809//809 899//899 893//893
f 809//809 893//893 802//802
f 802//802 893//893 797//797
f 887//887 901//901 781//781
f 781//781 901//901 906//906
f 781//781 906//906 775//775
f 775//775 906//906 910//910
f 775//775 910//910 875//875
f 912//912 916//916 832//832
f 919//919 922//922 825//825
f 825//825 922//922 925//925
f 825//825 925//925 929//929
f 932//932 785//785 935//935
f 935//935 785//785 771//771
f 935//935 771//771 939//939
f 929//929 943//943 825//825
f 825//825 943//943 947//947
f 825//825 947//947 832//832
f 832//832 947//947 949//949
f 832//832 949//949 912//912
f 919//919 825//825 953//953
f 953//953 825//825 811//811
f 953//953 811//811 956//956
f 932//932 960//960 785//785
f 785//785 960//960 963//963
f 785//785 963//963 788//788
f 788//788 963//963 794//794
f 916//916 965//965 832//832
f 832//832 965//965 967//967
f 832//832 967//967 741//741
f 741//741 967//967 970//970
f 956//956 811//811 974//974
f 974//974 811//811 804//804
f 974//974 804//804 963//963
f 963//963 804//804 800//800
f 963//963 800//800 794//794
f 939//939 771//771 977//977
f 977//977 771//771 765//765
f 977//977 765//765 760//760
f 970//970 981//981 741//741
f 741//741 981//981 985//985
f 741//741 985//985 748//748
f 748//748 985//985 977//977
f 748//748 977//977 753//753
f 753//753 977//977 760//760
f 877//877 909//909 936//936
f 934//934 911//911 907//907
f 937//937 903//903 933//933
f 931//931 908//908 900//900
f 930//930 902//902 958//958
f 958//958 902//902 889//889
f 959//959 888//888 961//961
f 961//961 888//888 892//892
f 962//962 891//891 976//976
f 975//975 890//890 898//898
f 973//973 897//897 957//957
f 957//957 897//897 895//895
f 955//955 894//894 954//954
f 954//954 894//894 870//870
f 952//952 871//871 918//918
f 918//918 871//871 866//866
f 920//920 867//867 921//921
f 921//921 867//867 864//864
f 923//923 863//863 924//924
f 924//924 863//863 837//837
f 926//926 839//839 927//927
f 927//927 839//839 836//836
f 928//928 835//835 941//941
f 941//941 835//835 851//851
f 942//942 853//853 945//945
f 945//945 853//853 849//849
f 946//946 846//846 951//951
f 951//951 846//846 844//844
f 950//950 843//843 914//914
f 914//914 843//843 841//841
f 913//913 840//840 915//915
f 915//915 840//840 860//860
f 917//917 862//862 964//964
f 964//964 862//862 857//857
f 966//966 858//858 968//968
f 968//968 858//858 854//854
f 969//969 855//855 972//972
f 972//972 855//855 880//880
f 971//971 879//879 980//980
f 980//980 879//879 881//881
f 982//982 883//883 984//984
f 984//984 883//883 885//885
f 983//983 886//886 979//979
f 979//979 886//886 874//874
f 978//978 872//872 940//940
f 940//940 872//872 876//876
f 938//938 877//877 936//936
f 986//986 990//990 993//993
f 994//994 997//997 1000//1000
f 1000//1000 997//997 1003//1003
f 1000//1000 1003//1003 1004//1004
f 1007//1007 1008//1008 1010//1010
f 1013//1013 1015//1015 1017//1017
f 1020//1020 1021//1021 1026//1026
f 1030//1030 1033//1033 1034//1034
f 1036//1036 1039//1039 1042//1042
f 1046//1046 1048//1048 1050//1050
f 1054//1054 1057//1057 1058//1058
f 1058//1058 1057//1057 1061//1061
f 1066//1066 1069//1069 1061//1061
f 1061//1061 1069//1069 1070//1070
f 1061//1061 1070//1070 1058//1058
f 1075//1075 1003//1003 1076//1076
f 1076//1076 1003//1003 1036//1036
f 1076//1076 1036//1036 1079//1079
f 1079//1079 1036//1036 1042//1042
f 1082//1082 1084//1084 1085//1085
f 1085//1085 1084//1084 1004//1004
f 1085//1085 1004//1004 1087//1087
f 1087//1087 1004//1004 1003//1003
f 1087//1087 1003//1003 1090//1090
f 1090//1090 1003//1003 1075//1075
f 1095//1095 1098//1098 1102//1102
f 1102//1102 1098//1098 1069//1069
f 1102//1102 1069//1069 1105//1105
f 1105//1105 1069//1069 1066//1066
f 1105//1105 1066//1066 1108//1108
f 1033//1033 1110//1110 1034//1034
f 1034//1034 1110//1110 1114//1114
f 1034//1034 1114//1114 1039//1039
f 1039//1039 1114//1114 1115//1115
f 1039//1039 1115//1115 1042//1042
f 1050//1050 1119//1119 1046//1046
f 1046//1046 1119//1119 1121//1121
f 1046//1046 1121//1121 1124//1124
f 1124//1124 1121//1121 1084//1084
f 1124//1124 1084//1084 1127//1127
f 1127//1127 1084//1084 1131//1131
f 1136//1136 1084//1084 1137//1137
f 1137//1137 1084//1084 1082//1082
f 1137//1137 1082//1082 1144//1144
f 1144//1144 1082//1082 1061//1061
f 1144//1144 1061//1061 1145//1145
f 1145//1145 1061//1061 1057//1057
f 1145//1145 1057//1057 1149//1149
f 1149//1149 1057//1057 1154//1154
f 1149//1149 1154//1154 1155//1155
f 1136//1136 1158//1158 1084//1084
f 1084//1084 1158//1158 1163//1163
f 1084//1084 1163//1163 1131//1131
f 1131//1131 1163//1163 1165//1165
f 1121//1121 1167//1167 1170//1170
f 1175//1175 1178//1178 1034//1034
f 1034//1034 1178//1178 1182//1182
f 1185//1185 1189//1189 1192//1192
f 1192//1192 1189//1189 1194//1194
f 1192//1192 1194//1194 1198//1198
f 1198//1198 1194//1194 1201//1201
f 1203//1203 1207//1207 1198//1198
f 1198//1198 1207//1207 1210//1210
f 1198//1198 1210//1210 1034//1034
f 1034//1034 1210//1210 1213//1213
f 1034//1034 1213//1213 1175//1175
f 1185//1185 1192//1192 1215//1215
f 1215//1215 1192//1192 1084//1084
f 1215//1215 1084//1084 1220//1220
f 1182//1182 1020//1020 1034//1034
f 1034//1034 1020//1020 1026//1026
f 1034//1034 1026//1026 1030//1030
f 1030//1030 1026//1026 1221//1221
f 1030//1030 1221//1221 1224//1224
f 1170//1170 1226//1226 1121//1121
f 1121//1121 1226//1226 1227//1227
f 1121//1121 1227//1227 1232//1232
f 1232//1232 1234//1234 1121//1121
f 1121//1121 1234//1234 1237//1237
f 1121//1121 1237//1237 1084//1084
f 1084//1084 1237//1237 1240//1240
f 1084//1084 1240//1240 1220//1220
f 1243//1243 1246//1246 1248//1248
f 1250//1250 1253//1253 1256//1256
f 1256//1256 1253//1253 1198//1198
f 1256//1256 1198//1198 1262//1262
f 1262//1262 1198//1198 1201//1201
f 1243//1243 1248//1248 1253//1253
f 1253//1253 1248//1248 1264//1264
f 1253//1253 1264//1264 1198//1198
f 1198//1198 1264//1264 1266//1266
f 1198//1198 1266//1266 1203//1203
f 1270//1270 1274//1274 1276//1276
f 1279//1279 1282//1282 1283//1283
f 1288//1288 1290//1290 1295//1295
f 1295//1295 1290//1290 1298//1298
f 1295//1295 1298//1298 1300//1300
f 1301//1301 1307//1307 1309//1309
f 1310//1310 1314//1314 1317//1317
f 1317//1317 1314//1314 1319//1319
f 1301//1301 1309//1309 1324//1324
f 1328//1328 1330//1330 1332//1332
f 1332//1332 1330//1330 1270//1270
f 1334//1334 1274//1274 1336//1336
f 1339//1339 1343//1343 1276//1276
f 1276//1276 1343//1343 1346//1346
f 1276//1276 1346//1346 1348//1348
f 1354//1354 1355//1355 1319//1319
f 1319//1319 1355//1355 1358//1358
f 1319//1319 1358//1358 1317//1317
f 1309//1309 1363//1363 1364//1364
f 1364//1364 1363//1363 1365//1365
f 1364//1364 1365//1365 1369//1369
f 1369//1369 1373//1373 1364//1364
f 1364//1364 1373//1373 1376//1376
f 1364//1364 1376//1376 1332//1332
f 1332//1332 1376//1376 1377//1377
f 1332//1332 1377//1377 1328//1328
f 1383//1383 1387//1387 1389//1389
f 1389//1389 1387//1387 1393//1393
f 1389//1389 1393//1393 1394//1394
f 1394//1394 1393//1393 1397//1397
f 1394//1394 1397//1397 1399//1399
f 1403//1403 1405//1405 1409//1409
f 1409//1409 1405//1405 1355//1355
f 1409//1409 1355//1355 1411//1411
f 1411//1411 1355//1355 1354//1354
f 1411//1411 1354//1354 1414//1414
f 1295//1295 1279//1279 1288//1288
f 1288//1288 1279//1279 1283//1283
f 1288//1288 1283//1283 1307//1307
f 1307//1307 1283//1283 1418//1418
f 1307//1307 1418//1418 1309//1309
f 1309//1309 1418//1418 1422//1422
f 1309//1309 1422//1422 1363//1363
f 1423//1423 1426//1426 1309//1309
f 1309//1309 1426//1426 1428//1428
f 1309//1309 1428//1428 1324//1324
f 1432//1432 1274//1274 1434//1434
f 1434//1434 1274//1274 1319//1319
f 1434//1434 1319//1319 1440//1440
f 1440//1440 1319//1319 1314//1314
f 1440//1440 1314//1314 1443//1443
f 1443//1443 1314//1314 1445//1445
f 1443//1443 1445//1445 1449//1449
f 1432//1432 1451//1451 1274//1274
f 1274//1274 1451//1451 1454//1454
f 1274//1274 1454//1454 1456//1456
f 1336//1336 1461//1461 1334//1334
f 1334//1334 1461//1461 1463//1463
f 1334//1334 1463//1463 1468//1468
f 1468//1468 1463//1463 1470//1470
f 1468//1468 1470//1470 1474//1474
f 1274//1274 1334//1334 1276//1276
f 1276//1276 1334//1334 1477//1477
f 1276//1276 1477//1477 1339//1339
f 1348//1348 1481//1481 1276//1276
f 1276//1276 1481//1481 1394//1394
f 1276//1276 1394//1394 1482//1482
f 1482//1482 1394//1394 1399//1399
f 1456//1456 1484//1484 1274//1274
f 1274//1274 1484//1484 1489//1489
f 1274//1274 1489//1489 1336//1336
f 1491//1491 1494//1494 1499//1499
f 1499//1499 1494//1494 1501//1501
f 1499//1499 1501//1501 1502//1502
f 1470//1470 1505//1505 1474//1474
f 1474//1474 1505//1505 1494//1494
f 1474//1474 1494//1494 1509//1509
f 1509//1509 1494//1494 1491//1491
f 1510//1510 1514//1514 1516//1516
f 1510//1510 1516//1516 1482//1482
f 1517//1517 1519//1519 1521//1521
f 1521//1521 1519//1519 1522//1522
f 1523//1523 1529//1529 1530//1530
f 1531//1531 1533//1533 1535//1535
f 1540//1540 1545//1545 1548//1548
f 1548//1548 1545//1545 1550//1550
f 1548//1548 1550//1550 1554//1554
f 1523//1523 1530//1530 1557//1557
f 1558//1558 1562//1562 1564//1564
f 1564//1564 1562//1562 1567//1567
f 1564//1564 1567//1567 1572//1572
f 1548//1548 1531//1531 1540//1540
f 1540//1540 1531//1531 1535//1535
f 1540//1540 1535//1535 1529//1529
f 1529//1529 1535//1535 1575//1575
f 1529//1529 1575//1575 1530//1530
f 1530//1530 1575//1575 1578//1578
f 1530//1530 1578//1578 1579//1579
f 1582//1582 1517//1517 1583//1583
f 1587//1587 1590//1590 1519//1519
f 1519//1519 1590//1590 1593//1593
f 1519//1519 1593//1593 1599//1599
f 1599//1599 1602//1602 1519//1519
f 1519//1519 1602//1602 1605//1605
f 1519//1519 1605//1605 1530//1530
f 1572//1572 1567//1567 1610//1610
f 1610//1610 1567//1567 1612//1612
f 1610//1610 1612//1612 1614//1614
f 1530//1530 1619//1619 1623//1623
f 1623//1623 1625//1625 1530//1530
f 1530//1530 1625//1625 1628//1628
f 1530//1530 1628//1628 1557//1557
f 1632//1632 1517//1517 1635//1635
f 1635//1635 1517//1517 1567//1567
f 1635//1635 1567//1567 1636//1636
f 1636//1636 1567//1567 1562//1562
f 1636//1636 1562//1562 1640//1640
f 1640//1640 1562//1562 1645//1645
f 1640//1640 1645//1645 1648//1648
f 1632//1632 1650//1650 1517//1517
f 1517//1517 1650//1650 1656//1656
f 1517//1517 1656//1656 1659//1659
f 1583//1583 1663//1663 1582//1582
f 1582//1582 1663//1663 1664//1664
f 1582//1582 1664//1664 1667//1667
f 1667//1667 1664//1664 1669//1669
f 1667//1667 1669//1669 1671//1671
f 1517//1517 1582//1582 1519//1519
f 1519//1519 1582//1582 1675//1675
f 1519//1519 1675//1675 1587//1587
f 1659//1659 1679//1679 1517//1517
f 1517//1517 1679//1679 1681//1681
f 1517//1517 1681//1681 1583//1583
f 1685//1685 1687//1687 1691//1691
f 1691//1691 1687//1687 1693//1693
f 1691//1691 1693//1693 1695//1695
f 1669//1669 1700//1700 1671//1671
f 1671//1671 1700//1700 1687//1687
f 1671//1671 1687//1687 1703//1703
f 1703//1703 1687//1687 1685//1685
f 1705//1705 1710//1710 1713//1713
f 1713//1713 1710//1710 1716//1716
f 1713//1713 1716//1716 1717//1717
f 1530//1530 1605//1605 1619//1619
f 1619//1619 1605//1605 1713//1713
f 1619//1619 1713//1713 1719//1719
f 1719//1719 1713//1713 1717//1717
f 1719//1719 1717//1717 1723//1723
f 1725//1725 1729//1729 1730//1730
f 1730//1730 1729//1729 1614//1614
f 1730//1730 1614//1614 1735//1735
f 1735//1735 1614//1614 1612//1612
f 1578//1578 1738//1738 1579//1579
f 1579//1579 1738//1738 1739//1739
f 1579//1579 1739//1739 1017//1017
f 1017//1017 1739//1739 1742//1742
f 1745//1745 1746//1746 1522//1522
f 1522//1522 1746//1746 1749//1749
f 1522//1522 1749//1749 1521//1521
f 1742//1742 1753//1753 1017//1017
f 1017//1017 1753//1753 1757//1757
f 1017//1017 1757//1757 1745//1745
f 1745//1745 1757//1757 1760//1760
f 1745//1745 1760//1760 1746//1746
f 1763//1763 1764//1764 1768//1768
f 1768//1768 1764//1764 1772//1772
f 1775//1775 1776//1776 1778//1778
f 1780//1780 1775//1775 1579//1579
f 1780//1780 1579//1579 1782//1782
f 1785//1785 1789//1789 1530//1530
f 1530//1530 1789//1789 1791//1791
f 1775//1775 1778//1778 1579//1579
f 1579//1579 1778//1778 1795//1795
f 1579//1579 1795//1795 1530//1530
f 1530//1530 1795//1795 1796//1796
f 1530//1530 1796//1796 1785//1785
f 1799//1799 1802//1802 1807//1807
f 1807//1807 1802//1802 1808//1808
f 1807//1807 1808//1808 1812//1812
f 1814//1814 1816//1816 1819//1819
f 1819//1819 1823//1823 1814//1814
f 1814//1814 1823//1823 1825//1825
f 1814//1814 1825//1825 1827//1827
f 1827//1827 1825//1825 1829//1829
f 1827//1827 1829//1829 1830//1830
f 1834//1834 1837//1837 1840//1840
f 1840//1840 1837//1837 1841//1841
f 1844//1844 1847//1847 1848//1848
f 1848//1848 1847//1847 1851//1851
f 1851//1851 1852//1852 1848//1848
f 1848//1848 1852//1852 1855//1855
f 1848//1848 1855//1855 1858//1858
f 1858//1858 1855//1855 1861//1861
f 1858//1858 1861//1861 1862//1862
f 1865//1865 1872//1872 1875//1875
f 1875//1875 1872//1872 1876//1876
f 1872//1872 1013//1013 1876//1876
f 1876//1876 1013//1013 1017//1017
f 1876//1876 1017//1017 1880//1880
f 1880//1880 1017//1017 1745//1745
f 1880//1880 1745//1745 1884//1884
f 1884//1884 1745//1745 1885//1885
f 1890//1890 1891//1891 1875//1875
f 1875//1875 1891//1891 1894//1894
f 1875//1875 1894//1894 1865//1865
f 1875//1875 1900//1900 993//993
f 993//993 1900//1900 1903//1903
f 993//993 990//990 1875//1875
f 1875//1875 990//990 1905//1905
f 1875//1875 1905//1905 1890//1890
f 1903//1903 1907//1907 993//993
f 993//993 1907//1907 1911//1911
f 993//993 1911//1911 1914//1914
f 1911//1911 1915//1915 1914//1914
f 1914//1914 1915//1915 1920//1920
f 1914//1914 1920//1920 1921//1921
f 1921//1921 1924//1924 1914//1914
f 1914//1914 1924//1924 1927//1927
f 1914//1914 1927//1927 1930//1930
f 1930//1930 1927//1927 1932//1932
f 1930//1930 1932//1932 1844//1844
f 1844//1844 1932//1932 1935//1935
f 1844//1844 1935//1935 1847//1847
f 1937//1937 1939//1939 1941//1941
f 1941//1941 1939//1939 1944//1944
f 1941//1941 1944//1944 1947//1947
f 1948//1948 1951//1951 1008//1008
f 1008//1008 1951//1951 1954//1954
f 1010//1010 1008//1008 1955//1955
f 1955//1955 1008//1008 1954//1954
f 1955//1955 1954//1954 1959//1959
f 1961//1961 1963//1963 1937//1937
f 1937//1937 1963//1963 1966//1966
f 1937//1937 1966//1966 1939//1939
f 1939//1939 1966//1966 1970//1970
f 1939//1939 1970//1970 1971//1971
f 1971//1971 1970//1970 1976//1976
f 1971//1971 1976//1976 1977//1977
f 1977//1977 1976//1976 1982//1982
f 1977//1977 1982//1982 1985//1985
f 1985//1985 1982//1982 1987//1987
f 1985//1985 1987//1987 1959//1959
f 1959//1959 1987//1987 1989//1989
f 1959//1959 1989//1989 1955//1955
f 1858//1858 1994//1994 1996//1996
f 1996//1996 1999//1999 1858//1858
f 1858//1858 1999//1999 2001//2001
f 1858//1858 2001//2001 2004//2004
f 2009//2009 2011//2011 1848//1848
f 1848//1848 2011//2011 2014//2014
f 1848//1848 2014//2014 1961//1961
f 2004//2004 2018//2018 1858//1858
f 1858//1858 2018//2018 2020//2020
f 1858//1858 2020//2020 1848//1848
f 1848//1848 2020//2020 2023//2023
f 1848//1848 2023//2023 2009//2009
f 2026//2026 2027//2027 2031//2031
f 2027//2027 2026//2026 2034//2034
f 2034//2034 2026//2026 1830//1830
f 2034//2034 1830//1830 2038//2038
f 2039//2039 2041//2041 2045//2045
f 2045//2045 2041//2041 2046//2046
f 2051//2051 2054//2054 1039//1039
f 2057//2057 2058//2058 1034//1034
f 1034//1034 2058//2058 2061//2061
f 2063//2063 2067//2067 2068//2068
f 2068//2068 2067//2067 2073//2073
f 2046//2046 2041//2041 2074//2074
f 2074//2074 2041//2041 2075//2075
f 2074//2074 2075//2075 2079//2079
f 2061//2061 2081//2081 1034//1034
f 1034//1034 2081//2081 2085//2085
f 1034//1034 2085//2085 2087//2087
f 2090//2090 2093//2093 2073//2073
f 2073//2073 2093//2093 2096//2096
f 2073//2073 2096//2096 2068//2068
f 2099//2099 2104//2104 2105//2105
f 2105//2105 2104//2104 2109//2109
f 2105//2105 2109//2109 1039//1039
f 1039//1039 2109//2109 2112//2112
f 1039//1039 2112//2112 2051//2051
f 2054//2054 2115//2115 1039//1039
f 1039//1039 2115//2115 2116//2116
f 1039//1039 2116//2116 1034//1034
f 1034//1034 2116//2116 2120//2120
f 1034//1034 2120//2120 2057//2057
f 2123//2123 2127//2127 2130//2130
f 2130//2130 2127//2127 2093//2093
f 2130//2130 2093//2093 2133//2133
f 2133//2133 2093//2093 2090//2090
f 2133//2133 2090//2090 2134//2134
f 2137//2137 2139//2139 2105//2105
f 2105//2105 2139//2139 2143//2143
f 2105//2105 2143//2143 2099//2099
f 2144//2144 2116//2116 2151//2151
f 2151//2151 2116//2116 2073//2073
f 2151//2151 2073//2073 2152//2152
f 2152//2152 2073//2073 2067//2067
f 2152//2152 2067//2067 2155//2155
f 2155//2155 2067//2067 2160//2160
f 2155//2155 2160//2160 2162//2162
f 2144//2144 2168//2168 2116//2116
f 2116//2116 2168//2168 2171//2171
f 2116//2116 2171//2171 2173//2173
f 2173//2173 2176//2176 2116//2116
f 2116//2116 2176//2176 2180//2180
f 2116//2116 2180//2180 2120//2120
f 1015//1015 2181//2181 1017//1017
f 1017//1017 2181//2181 2183//2183
f 1017//1017 2183//2183 1579//1579
f 1579//1579 2183//2183 2186//2186
f 1579//1579 2186//2186 1782//1782
f 1772//1772 1530//1530 1768//1768
f 1768//1768 1530//1530 1791//1791
f 1768//1768 1791//1791 2191//2191
f 2191//2191 1791//1791 2192//2192
f 2191//2191 2192//2192 2195//2195
f 2195//2195 2192//2192 2197//2197
f 2195//2195 2197//2197 993//993
f 993//993 2197//2197 2202//2202
f 993//993 2202//2202 986//986
f 2087//2087 2205//2205 2208//2208
f 2074//2074 2209//2209 2214//2214
f 2217//2217 2219//2219 2046//2046
f 2074//2074 2214//2214 2046//2046
f 2046//2046 2214//2214 2223//2223
f 2046//2046 2223//2223 2217//2217
f 2226//2226 2230//2230 1034//1034
f 1034//1034 2230//2230 2235//2235
f 1034//1034 2235//2235 1198//1198
f 1198//1198 2235//2235 2239//2239
f 1198//1198 2239//2239 2240//2240
f 2244//2244 2245//2245 2248//2248
f 2248//2248 2245//2245 2253//2253
f 2248//2248 2253//2253 2256//2256
f 2256//2256 2253//2253 2260//2260
f 2262//2262 2264//2264 2267//2267
f 2267//2267 2264//2264 2270//2270
f 2267//2267 2270//2270 2272//2272
f 2208//2208 2276//2276 2087//2087
f 2087//2087 2276//2276 2278//2278
f 2087//2087 2278//2278 2282//2282
f 2282//2282 2284//2284 2087//2087
f 2087//2087 2284//2284 2289//2289
f 2087//2087 2289//2289 1034//1034
f 1034//1034 2289//2289 2292//2292
f 1034//1034 2292//2292 2226//2226
f 2244//2244 2294//2294 2245//2245
f 2245//2245 2294//2294 2298//2298
f 2245//2245 2298//2298 2300//2300
f 2240//2240 2245//2245 1198//1198
f 1198//1198 2245//2245 2300//2300
f 1198//1198 2300//2300 2267//2267
f 2267//2267 2300//2300 2305//2305
f 2267//2267 2305//2305 2262//2262
f 2031//2031 994//994 2026//2026
f 2026//2026 994//994 1000//1000
f 2026//2026 1000//1000 2308//2308
f 2308//2308 1000//1000 1004//1004
f 2308//2308 1004//1004 2311//2311
f 2311//2311 1004//1004 1084//1084
f 2311//2311 1084//1084 1841//1841
f 1841//1841 1084//1084 1192//1192
f 1841//1841 1192//1192 1840//1840
f 1482//1482 1516//1516 1276//1276
f 1276//1276 1516//1516 2267//2267
f 1276//1276 2267//2267 2074//2074
f 2074//2074 2267//2267 2272//2272
f 2074//2074 2272//2272 2209//2209
f 1270//1270 1276//1276 1332//1332
f 1332//1332 1276//1276 2074//2074
f 1332//1332 2074//2074 2137//2137
f 2137//2137 2074//2074 2079//2079
f 2137//2137 2079//2079 2139//2139
f 1858//1858 2312//2312 1994//1994
f 1994//1994 2312//2312 1364//1364
f 1994//1994 1364//1364 1007//1007
f 1007//1007 1364//1364 1332//1332
f 1007//1007 1332//1332 1008//1008
f 1008//1008 1332//1332 2137//2137
f 1008//1008 2137//2137 1948//1948
f 1948//1948 2137//2137 2105//2105
f 1948//1948 2105//2105 1951//1951
f 1961//1961 1937//1937 2313//2313
f 2313//2313 1937//1937 1941//1941
f 2313//2313 1941//1941 2314//2314
f 2314//2314 1941//1941 1947//1947
f 2314//2314 1947//1947 2315//2315
f 2315//2315 1947//1947 2316//2316
f 2315//2315 2316//2316 1825//1825
f 1825//1825 2316//2316 2320//2320
f 1825//1825 2320//2320 1829//1829
f 1829//1829 2320//2320 2322//2322
f 1829//1829 2322//2322 1830//1830
f 1830//1830 2322//2322 2327//2327
f 1830//1830 2327//2327 2038//2038
f 2328//2328 2331//2331 2334//2334
f 2340//2340 2341//2341 2312//2312
f 2346//2346 2348//2348 2331//2331
f 2331//2331 2348//2348 2352//2352
f 2331//2331 2352//2352 2334//2334
f 2355//2355 2357//2357 1309//1309
f 2363//2363 2366//2366 2367//2367
f 2370//2370 2371//2371 1364//1364
f 1364//1364 2371//2371 2372//2372
f 2374//2374 2376//2376 2379//2379
f 2355//2355 1309//1309 2382//2382
f 2341//2341 2385//2385 2312//2312
f 2312//2312 2385//2385 2391//2391
f 2312//2312 2391//2391 1364//1364
f 1364//1364 2391//2391 2392//2392
f 1364//1364 2392//2392 2370//2370
f 2334//2334 2394//2394 2328//2328
f 2328//2328 2394//2394 2398//2398
f 2328//2328 2398//2398 2367//2367
f 2367//2367 2398//2398 2401//2401
f 2367//2367 2401//2401 2363//2363
f 2403//2403 2406//2406 2409//2409
f 2409//2409 2406//2406 1309//1309
f 2409//2409 1309//1309 2411//2411
f 2411//2411 1309//1309 2357//2357
f 2372//2372 2414//2414 1364//1364
f 1364//1364 2414//2414 2415//2415
f 1364//1364 2415//2415 2416//2416
f 2418//2418 2422//2422 2423//2423
f 2423//2423 2422//2422 2426//2426
f 2431//2431 2433//2433 2437//2437
f 2416//2416 2374//2374 1364//1364
f 1364//1364 2374//2374 2379//2379
f 1364//1364 2379//2379 1309//1309
f 1309//1309 2379//2379 2439//2439
f 1309//1309 2439//2439 2382//2382
f 2403//2403 2442//2442 2406//2406
f 2406//2406 2442//2442 2445//2445
f 2406//2406 2445//2445 2447//2447
f 2376//2376 2451//2451 2379//2379
f 2379//2379 2451//2451 2452//2452
f 2379//2379 2452//2452 2346//2346
f 2346//2346 2452//2452 2457//2457
f 2346//2346 2457//2457 2348//2348
f 2459//2459 2423//2423 2461//2461
f 2461//2461 2423//2423 2426//2426
f 2461//2461 2426//2426 2463//2463
f 2463//2463 2426//2426 2465//2465
f 2463//2463 2465//2465 2468//2468
f 2418//2418 2470//2470 2422//2422
f 2422//2422 2470//2470 2431//2431
f 2422//2422 2431//2431 2473//2473
f 2473//2473 2431//2431 2437//2437
f 2468//2468 2465//2465 2447//2447
f 2447//2447 2465//2465 2476//2476
f 2447//2447 2476//2476 2406//2406
f 2406//2406 2476//2476 2479//2479
f 2406//2406 2479//2479 2312//2312
f 2312//2312 2479//2479 2481//2481
f 2312//2312 2481//2481 2340//2340
f 1862//1862 1885//1885 1858//1858
f 1858//1858 1885//1885 1745//1745
f 1858//1858 1745//1745 2312//2312
f 2312//2312 1745//1745 1522//1522
f 2312//2312 1522//1522 2406//2406
f 2406//2406 1522//1522 1519//1519
f 1772//1772 2483//2483 1530//1530
f 1530//1530 2483//2483 2486//2486
f 1530//1530 2486//2486 1519//1519
f 1519//1519 2486//2486 2488//2488
f 1519//1519 2488//2488 2406//2406
f 2406//2406 2488//2488 1514//1514
f 2406//2406 1514//1514 1309//1309
f 1309//1309 1514//1514 1510//1510
f 1309//1309 1510//1510 1423//1423
f 2313//2313 2489//2489 1961//1961
f 1961//1961 2489//2489 2490//2490
f 1961//1961 2490//2490 1848//1848
f 1848//1848 2490//2490 2491//2491
f 1848//1848 2491//2491 1844//1844
f 1844//1844 2491//2491 2492//2492
f 1844//1844 2492//2492 1930//1930
f 1930//1930 2492//2492 2493//2493
f 1930//1930 2493//2493 1914//1914
f 1823//1823 2497//2497 1825//1825
f 1825//1825 2497//2497 2498//2498
f 1825//1825 2498//2498 2315//2315
f 2315//2315 2498//2498 2500//2500
f 2315//2315 2500//2500 2314//2314
f 2314//2314 2500//2500 2502//2502
f 2314//2314 2502//2502 2313//2313
f 2313//2313 2502//2502 2505//2505
f 2313//2313 2505//2505 2489//2489
f 2489//2489 2505//2505 2507//2507
f 2489//2489 2507//2507 2490//2490
f 2490//2490 2507//2507 2509//2509
f 2490//2490 2509//2509 2491//2491
f 2491//2491 2509//2509 1812//1812
f 2491//2491 1812//1812 2492//2492
f 2492//2492 1812//1812 1808//1808
f 2492//2492 1808//1808 2493//2493
f 2511//2511 1771//1771 1765//1765
f 2511//2511 1765//1765 2514//2514
f 2515//2515 1766//1766 1761//1761
f 2515//2515 1761//1761 2518//2518
f 2516//2516 1762//1762 1767//1767
f 2516//2516 1767//1767 2521//2521
f 2520//2520 1769//1769 2189//2189
f 2520//2520 2189//2189 2523//2523
f 2522//2522 2190//2190 2196//2196
f 2495//2495 2525//2525 1913//1913
f 1913//1913 2525//2525 2522//2522
f 1913//1913 2522//2522 992//992
f 992//992 2522//2522 2196//2196
f 2526//2526 2494//2494 1809//1809
f 2526//2526 1809//1809 2530//2530
f 2528//2528 1810//1810 1803//1803
f 2528//2528 1803//1803 2531//2531
f 2532//2532 1804//1804 1800//1800
f 2532//2532 1800//1800 2535//2535
f 2536//2536 1801//1801 1806//1806
f 2536//2536 1806//1806 2537//2537
f 579//579 584//584 2538//2538
f 2540//2540 13//13 6//6
f 89//89 2508//2508 2506//2506
f 2508//2508 586//586 1811//1811
f 1811//1811 586//586 579//579
f 1811//1811 579//579 1805//1805
f 1805//1805 579//579 2538//2538
f 2508//2508 89//89 586//586
f 586//586 89//89 96//96
f 586//586 96//96 589//589
f 2506//2506 2504//2504 89//89
f 89//89 2504//2504 2503//2503
f 89//89 2503//2503 2501//2501
f 2501//2501 2499//2499 89//89
f 89//89 2499//2499 2496//2496
f 89//89 2496//2496 6//6
f 6//6 2496//2496 1822//1822
f 6//6 1822//1822 2540//2540
f 2542//2542 1824//1824 1821//1821
f 2542//2542 1821//1821 2545//2545
f 2543//2543 1820//1820 1817//1817
f 2543//2543 1817//1817 2546//2546
f 2547//2547 1818//1818 1815//1815
f 2547//2547 1815//1815 2549//2549
f 2550//2550 1813//1813 1826//1826
f 2550//2550 1826//1826 2554//2554
f 2307//2307 2310//2310 2555//2555
f 2552//2552 1828//1828 1831//1831
f 2552//2552 1831//1831 2555//2555
f 2555//2555 1831//1831 2025//2025
f 2555//2555 2025//2025 2307//2307
f 2557//2557 2309//2309 1842//1842
f 2557//2557 1842//1842 2559//2559
f 2560//2560 1843//1843 1835//1835
f 2560//2560 1835//1835 2561//2561
f 2562//2562 1836//1836 1832//1832
f 2562//2562 1832//1832 2564//2564
f 2565//2565 1833//1833 1838//1838
f 2565//2565 1838//1838 2567//2567
f 330//330 336//336 2569//2569
f 1770//1770 2510//2510 826//826
f 826//826 2510//2510 831//831
f 1770//1770 826//826 2484//2484
f 2484//2484 826//826 821//821
f 2484//2484 821//821 2485//2485
f 2569//2569 1839//1839 330//330
f 330//330 1839//1839 1191//1191
f 330//330 1191//1191 339//339
f 339//339 1191//1191 1197//1197
f 1197//1197 2268//2268 339//339
f 339//339 2268//2268 1515//1515
f 339//339 1515//1515 1513//1513
f 1513//1513 2487//2487 339//339
f 339//339 2487//2487 2485//2485
f 339//339 2485//2485 341//341
f 341//341 2485//2485 821//821
f 341//341 821//821 824//824
f 2570//2570 2573//2573 322//322
f 322//322 2573//2573 2577//2577
f 322//322 2577//2577 334//334
f 832//832 2581//2581 2583//2583
f 785//785 771//771 2585//2585
f 2577//2577 197//197 334//334
f 334//334 197//197 16//16
f 334//334 16//16 2541//2541
f 2590//2590 745//745 2592//2592
f 2593//2593 741//741 2595//2595
f 583//583 832//832 2512//2512
f 2570//2570 2600//2600 2573//2573
f 2573//2573 2600//2600 2602//2602
f 2573//2573 2602//2602 2606//2606
f 2606//2606 2602//2602 295//295
f 2606//2606 295//295 2609//2609
f 2609//2609 295//295 283//283
f 2609//2609 283//283 2612//2612
f 2614//2614 2618//2618 689//689
f 689//689 2618//2618 947//947
f 689//689 947//947 2583//2583
f 2583//2583 947//947 2621//2621
f 2583//2583 2621//2621 832//832
f 832//832 2621//2621 2624//2624
f 832//832 2624//2624 741//741
f 741//741 2624//2624 2625//2625
f 741//741 2625//2625 2595//2595
f 2585//2585 771//771 2595//2595
f 2595//2595 771//771 2628//2628
f 2595//2595 2628//2628 2593//2593
f 2541//2541 2544//2544 2548//2548
f 2512//2512 2513//2513 2517//2517
f 2529//2529 2533//2533 2527//2527
f 2527//2527 2533//2533 2534//2534
f 2563//2563 2566//2566 2558//2558
f 2558//2558 2566//2566 2568//2568
f 2558//2558 2568//2568 2556//2556
f 2556//2556 2568//2568 334//334
f 2556//2556 334//334 2553//2553
f 2553//2553 334//334 2541//2541
f 2553//2553 2541//2541 2551//2551
f 2551//2551 2541//2541 2548//2548
f 2534//2534 2539//2539 2527//2527
f 2527//2527 2539//2539 583//583
f 2527//2527 583//583 2524//2524
f 2524//2524 583//583 2512//2512
f 2524//2524 2512//2512 2519//2519
f 2519//2519 2512//2512 2517//2517
f 2614//2614 689//689 2632//2632
f 2632//2632 689//689 2635//2635
f 2632//2632 2635//2635 591//591
f 591//591 2635//2635 2639//2639
f 591//591 2639//2639 503//503
f 503//503 2639//2639 2642//2642
f 503//503 2642//2642 2644//2644
f 2581//2581 832//832 2646//2646
f 2646//2646 832//832 583//583
f 2646//2646 583//583 2651//2651
f 2651//2651 583//583 569//569
f 2651//2651 569//569 2652//2652
f 2577//2577 2656//2656 94//94
f 94//94 2656//2656 2658//2658
f 94//94 2658//2658 456//456
f 2663//2663 254//254 2664//2664
f 2664//2664 254//254 342//342
f 2664//2664 342//342 2667//2667
f 2672//2672 2675//2675 811//811
f 811//811 2675//2675 2632//2632
f 811//811 2632//2632 825//825
f 825//825 2632//2632 591//591
f 825//825 591//591 342//342
f 342//342 591//591 94//94
f 342//342 94//94 2667//2667
f 2667//2667 94//94 456//456
f 197//197 2678//2678 16//16
f 16//16 2678//2678 2679//2679
f 16//16 2679//2679 12//12
f 12//12 2679//2679 2683//2683
f 55//55 44//44 2687//2687
f 2689//2689 503//503 2692//2692
f 2692//2692 503//503 2644//2644
f 2692//2692 2644//2644 2696//2696
f 2696//2696 2644//2644 532//532
f 2644//2644 2699//2699 532//532
f 532//532 2699//2699 2702//2702
f 532//532 2702//2702 544//544
f 544//544 2702//2702 2705//2705
f 544//544 2705//2705 2708//2708
f 2708//2708 2705//2705 2651//2651
f 2708//2708 2651//2651 2710//2710
f 2710//2710 2651//2651 2652//2652
f 2663//2663 2712//2712 254//254
f 254//254 2712//2712 2717//2717
f 254//254 2717//2717 2718//2718
f 2683//2683 2722//2722 12//12
f 12//12 2722//2722 2725//2725
f 12//12 2725//2725 2729//2729
f 2612//2612 283//283 2712//2712
f 2712//2712 283//283 2731//2731
f 2712//2712 2731//2731 2717//2717
f 2585//2585 2734//2734 785//785
f 785//785 2734//2734 2737//2737
f 785//785 2737//2737 2739//2739
f 2739//2739 2737//2737 2675//2675
f 2739//2739 2675//2675 2742//2742
f 2742//2742 2675//2675 2672//2672
f 2687//2687 44//44 2722//2722
f 2722//2722 44//44 2747//2747
f 2722//2722 2747//2747 2725//2725
f 2749//2749 2752//2752 82//82
f 82//82 2752//2752 2755//2755
f 82//82 2755//2755 94//94
f 94//94 2755//2755 2758//2758
f 94//94 2758//2758 2577//2577
f 2577//2577 2758//2758 2762//2762
f 2577//2577 2762//2762 197//197
f 2687//2687 2765//2765 55//55
f 55//55 2765//2765 2768//2768
f 55//55 2768//2768 2769//2769
f 2769//2769 2768//2768 2752//2752
f 2769//2769 2752//2752 2772//2772
f 2772//2772 2752//2752 2749//2749
f 2776//2776 1933//1933 2779//2779
f 2779//2779 1933//1933 1929//1929
f 2780//2780 1928//1928 2781//2781
f 2781//2781 1928//1928 1926//1926
f 2782//2782 1925//1925 2784//2784
f 2784//2784 1925//1925 1923//1923
f 2786//2786 1922//1922 2787//2787
f 2787//2787 1922//1922 1919//1919
f 2788//2788 1918//1918 2791//2791
f 2791//2791 1918//1918 1917//1917
f 2792//2792 1916//1916 2794//2794
f 2794//2794 1916//1916 1910//1910
f 2793//2793 1912//1912 2798//2798
f 2798//2798 1912//1912 1909//1909
f 2797//2797 1908//1908 2801//2801
f 2801//2801 1908//1908 1901//1901
f 2799//2799 1902//1902 2802//2802
f 2802//2802 1902//1902 1899//1899
f 2803//2803 1898//1898 2806//2806
f 2806//2806 1898//1898 1874//1874
f 2805//2805 1873//1873 2808//2808
f 2808//2808 1873//1873 1877//1877
f 2810//2810 1878//1878 2812//2812
f 2812//2812 1878//1878 1881//1881
f 2813//2813 1879//1879 2816//2816
f 2816//2816 1879//1879 1883//1883
f 2814//2814 1882//1882 2817//2817
f 2817//2817 1882//1882 1887//1887
f 2818//2818 1886//1886 2822//2822
f 2822//2822 1886//1886 1863//1863
f 2820//2820 1864//1864 2824//2824
f 2824//2824 1864//1864 1859//1859
f 2825//2825 1860//1860 2828//2828
f 2828//2828 1860//1860 1856//1856
f 2827//2827 1857//1857 2829//2829
f 2829//2829 1857//1857 1854//1854
f 2831//2831 1853//1853 2834//2834
f 2834//2834 1853//1853 1850//1850
f 2832//2832 1849//1849 2836//2836
f 2836//2836 1849//1849 1846//1846
f 2837//2837 1845//1845 2839//2839
f 2839//2839 1845//1845 1936//1936
f 2840//2840 1934//1934 2777//2777
f 2777//2777 1934//1934 1931//1931
f 2809//2809 2811//2811 2841//2841
f 2800//2800 2804//2804 2841//2841
f 2841//2841 2804//2804 2807//2807
f 2841//2841 2807//2807 2809//2809
f 2790//2790 2795//2795 2841//2841
f 2841//2841 2795//2795 2796//2796
f 2841//2841 2796//2796 2800//2800
f 2783//2783 2785//2785 2841//2841
f 2841//2841 2785//2785 2789//2789
f 2841//2841 2789//2789 2790//2790
f 2838//2838 2775//2775 2841//2841
f 2841//2841 2775//2775 2778//2778
f 2841//2841 2778//2778 2783//2783
f 2830//2830 2833//2833 2841//2841
f 2841//2841 2833//2833 2835//2835
f 2841//2841 2835//2835 2838//2838
f 2821//2821 2823//2823 2841//2841
f 2841//2841 2823//2823 2826//2826
f 2841//2841 2826//2826 2830//2830
f 2811//2811 2815//2815 2841//2841
f 2841//2841 2815//2815 2819//2819
f 2841//2841 2819//2819 2821//2821
f 2842//2842 2845//2845 2847//2847
f 2847//2847 2845//2845 2015//2015
f 2846//2846 2013//2013 2849//2849
f 2849//2849 2013//2013 2012//2012
f 2850//2850 2010//2010 2853//2853
f 2853//2853 2010//2010 2008//2008
f 2854//2854 2007//2007 2857//2857
f 2857//2857 2007//2007 2024//2024
f 2856//2856 2022//2022 2860//2860
f 2860//2860 2022//2022 2019//2019
f 2858//2858 2021//2021 2861//2861
f 2861//2861 2021//2021 2017//2017
f 2862//2862 2016//2016 2864//2864
f 2864//2864 2016//2016 2005//2005
f 2866//2866 2006//2006 2869//2869
f 2869//2869 2006//2006 2002//2002
f 2868//2868 2003//2003 2870//2870
f 2870//2870 2003//2003 2000//2000
f 2872//2872 1998//1998 2873//2873
f 2873//2873 1998//1998 1997//1997
f 2875//2875 1995//1995 2877//2877
f 2877//2877 1995//1995 1992//1992
f 2876//2876 1993//1993 2879//2879
f 2879//2879 1993//1993 1005//1005
f 2878//2878 1006//1006 2882//2882
f 2882//2882 1006//1006 1011//1011
f 2883//2883 1009//1009 2885//2885
f 2885//2885 1009//1009 1956//1956
f 2886//2886 1957//1957 2889//2889
f 2889//2889 1957//1957 1990//1990
f 2888//2888 1991//1991 2892//2892
f 2892//2892 1991//1991 1988//1988
f 2891//2891 1986//1986 2893//2893
f 2893//2893 1986//1986 1980//1980
f 2894//2894 1981//1981 2897//2897
f 2897//2897 1981//1981 1974//1974
f 2896//2896 1975//1975 2899//2899
f 2899//2899 1975//1975 1968//1968
f 2900//2900 1969//1969 2904//2904
f 2904//2904 1969//1969 1967//1967
f 2902//2902 1965//1965 2907//2907
f 2907//2907 1965//1965 1964//1964
f 2905//2905 1962//1962 2843//2843
f 2843//2843 1962//1962 2844//2844
f 2908//2908 2880//2880 2909//2909
f 2867//2867 2871//2871 2909//2909
f 2909//2909 2871//2871 2874//2874
f 2909//2909 2874//2874 2908//2908
f 2859//2859 2863//2863 2909//2909
f 2909//2909 2863//2863 2865//2865
f 2909//2909 2865//2865 2867//2867
f 2851//2851 2852//2852 2909//2909
f 2909//2909 2852//2852 2855//2855
f 2909//2909 2855//2855 2859//2859
f 2906//2906 2910//2910 2909//2909
f 2909//2909 2910//2910 2848//2848
f 2909//2909 2848//2848 2851//2851
f 2898//2898 2901//2901 2909//2909
f 2909//2909 2901//2901 2903//2903
f 2909//2909 2903//2903 2906//2906
f 2887//2887 2890//2890 2909//2909
f 2909//2909 2890//2890 2895//2895
f 2909//2909 2895//2895 2898//2898
f 2880//2880 2881//2881 2909//2909
f 2909//2909 2881//2881 2884//2884
f 2909//2909 2884//2884 2887//2887
f 1950//1950 2106//2106 2914//2914
f 2913//2913 2107//2107 1038//1038
f 2912//2912 1041//1041 2915//2915
f 2917//2917 1040//1040 1035//1035
f 2918//2918 1037//1037 2920//2920
f 2920//2920 1037//1037 1002//1002
f 2921//2921 1001//1001 2922//2922
f 2922//2922 1001//1001 999//999
f 2923//2923 998//998 2925//2925
f 2925//2925 998//998 995//995
f 2926//2926 996//996 2928//2928
f 2928//2928 996//996 2030//2030
f 2929//2929 2032//2032 2932//2932
f 2932//2932 2032//2032 2028//2028
f 2931//2931 2029//2029 2934//2934
f 2934//2934 2029//2029 2035//2035
f 2935//2935 2033//2033 2938//2938
f 2938//2938 2033//2033 2036//2036
f 2939//2939 2037//2037 2940//2940
f 2940//2940 2037//2037 2326//2326
f 2942//2942 2325//2325 2943//2943
f 2943//2943 2325//2325 2324//2324
f 2945//2945 2323//2323 2947//2947
f 2947//2947 2323//2323 2321//2321
f 2946//2946 2319//2319 2950//2950
f 2950//2950 2319//2319 2317//2317
f 2949//2949 2318//2318 2952//2952
f 2952//2952 2318//2318 1946//1946
f 2954//2954 1945//1945 2957//2957
f 2957//2957 1945//1945 1943//1943
f 2955//2955 1942//1942 2958//2958
f 2958//2958 1942//1942 1938//1938
f 2959//2959 1940//1940 2962//2962
f 2962//2962 1940//1940 1972//1972
f 2961//2961 1973//1973 2966//2966
f 2966//2966 1973//1973 1979//1979
f 2965//2965 1978//1978 2967//2967
f 2967//2967 1978//1978 1984//1984
f 2969//2969 1983//1983 2971//2971
f 2971//2971 1983//1983 1958//1958
f 2972//2972 1960//1960 2975//2975
f 2975//2975 1960//1960 1953//1953
f 2974//2974 1952//1952 2978//2978
f 2978//2978 1952//1952 1949//1949
f 2976//2976 1950//1950 2914//2914
f 2916//2916 2919//2919 2979//2979
f 2973//2973 2977//2977 2979//2979
f 2979//2979 2977//2977 2911//2911
f 2979//2979 2911//2911 2916//2916
f 2964//2964 2968//2968 2979//2979
f 2979//2979 2968//2968 2970//2970
f 2979//2979 2970//2970 2973//2973
f 2956//2956 2960//2960 2979//2979
f 2979//2979 2960//2960 2963//2963
f 2979//2979 2963//2963 2964//2964
f 2948//2948 2951//2951 2979//2979
f 2979//2979 2951//2951 2953//2953
f 2979//2979 2953//2953 2956//2956
f 2937//2937 2941//2941 2979//2979
f 2979//2979 2941//2941 2944//2944
f 2979//2979 2944//2944 2948//2948
f 2930//2930 2933//2933 2979//2979
f 2979//2979 2933//2933 2936//2936
f 2979//2979 2936//2936 2937//2937
f 2919//2919 2924//2924 2979//2979
f 2979//2979 2924//2924 2927//2927
f 2979//2979 2927//2927 2930//2930
f 540//540 543//543 2707//2707
f 540//540 2707//2707 2981//2981
f 2980//2980 2706//2706 2709//2709
f 2980//2980 2709//2709 2985//2985
f 2984//2984 2711//2711 2654//2654
f 2984//2984 2654//2654 2986//2986
f 2988//2988 2653//2653 571//571
f 2988//2988 571//571 576//576
f 498//498 504//504 2690//2690
f 498//498 2690//2690 2991//2991
f 2990//2990 2688//2688 2691//2691
f 2990//2990 2691//2691 2992//2992
f 2994//2994 2693//2693 2695//2695
f 2994//2994 2695//2695 2997//2997
f 2996//2996 2694//2694 531//531
f 2996//2996 531//531 536//536
f 2999//2999 585//585 3002//3002
f 3002//3002 585//585 497//497
f 3002//3002 497//497 3005//3005
f 3005//3005 497//497 2989//2989
f 2989//2989 2993//2993 3005//3005
f 3005//3005 2993//2993 2995//2995
f 3005//3005 2995//2995 3007//3007
f 3007//3007 2995//2995 535//535
f 3007//3007 535//535 3011//3011
f 3014//3014 573//573 3017//3017
f 3017//3017 573//573 580//580
f 2999//2999 3020//3020 585//585
f 585//585 3020//3020 605//605
f 580//580 605//605 3022//3022
f 580//580 3022//3022 3017//3017
f 3014//3014 3026//3026 573//573
f 573//573 3026//3026 2983//2983
f 573//573 2983//2983 2987//2987
f 3011//3011 535//535 3029//3029
f 3029//3029 535//535 537//537
f 3029//3029 537//537 3026//3026
f 3026//3026 537//537 2982//2982
f 3026//3026 2982//2982 2983//2983
f 50//50 53//53 2771//2771
f 50//50 2771//2771 3033//3033
f 3031//3031 2770//2770 2774//2774
f 3031//3031 2774//2774 3034//3034
f 3035//3035 2773//2773 2750//2750
f 3035//3035 2750//2750 3039//3039
f 3038//3038 2748//2748 83//83
f 3038//3038 83//83 87//87
f 2//2 9//9 2728//2728
f 2//2 2728//2728 3040//3040
f 3041//3041 2727//2727 2726//2726
f 3041//3041 2726//2726 3045//3045
f 3043//3043 2724//2724 2745//2745
f 3043//3043 2745//2745 3046//3046
f 3047//3047 2746//2746 42//42
f 3047//3047 42//42 46//46
f 3049//3049 7//7 3052//3052
f 3052//3052 7//7 3//3
f 3052//3052 3//3 3056//3056
f 3056//3056 3//3 3042//3042
f 3049//3049 3060//3060 7//7
f 7//7 3060//3060 115//115
f 3042//3042 3044//3044 3056//3056
f 3056//3056 3044//3044 3048//3048
f 3056//3056 3048//3048 3063//3063
f 3063//3063 3048//3048 48//48
f 3063//3063 48//48 152//152
f 152//152 52//52 3065//3065
f 3069//3069 88//88 3071//3071
f 3071//3071 88//88 90//90
f 3071//3071 90//90 3073//3073
f 3073//3073 90//90 115//115
f 3069//3069 3078//3078 88//88
f 88//88 3078//3078 3036//3036
f 88//88 3036//3036 3037//3037
f 3065//3065 52//52 3078//3078
f 3078//3078 52//52 3032//3032
f 3078//3078 3032//3032 3036//3036
f 779//779 782//782 2740//2740
f 779//779 2740//2740 3079//3079
f 3081//3081 2741//2741 2744//2744
f 3081//3081 2744//2744 3082//3082
f 3083//3083 2743//2743 2671//2671
f 3083//3083 2671//2671 3086//3086
f 3087//3087 2670//2670 813//813
f 3087//3087 813//813 816//816
f 739//739 742//742 2588//2588
f 739//739 2588//2588 3088//3088
f 3089//3089 2589//2589 2591//2591
f 3089//3089 2591//2591 3092//3092
f 3093//3093 2594//2594 2629//2629
f 3093//3093 2629//2629 3095//3095
f 3096//3096 2630//2630 770//770
f 3096//3096 770//770 776//776
f 3098//3098 820//820 850//850
f 850//850 829//829 3102//3102
f 3105//3105 815//815 3106//3106
f 3106//3106 815//815 820//820
f 3106//3106 820//820 3110//3110
f 3110//3110 820//820 3098//3098
f 3090//3090 3113//3113 740//740
f 740//740 3113//3113 3115//3115
f 740//740 3115//3115 829//829
f 829//829 3115//3115 3119//3119
f 829//829 3119//3119 3102//3102
f 3085//3085 815//815 3084//3084
f 3084//3084 815//815 3105//3105
f 3084//3084 3105//3105 3080//3080
f 3080//3080 3105//3105 781//781
f 3105//3105 3121//3121 781//781
f 781//781 3121//3121 906//906
f 775//775 906//906 3125//3125
f 775//775 3125//3125 3094//3094
f 3094//3094 3125//3125 3113//3113
f 3094//3094 3113//3113 3091//3091
f 3091//3091 3113//3113 3090//3090
f 292//292 293//293 2603//2603
f 292//292 2603//2603 3128//3128
f 3129//3129 2601//2601 2598//2598
f 3129//3129 2598//2598 3132//3132
f 3131//3131 2599//2599 2572//2572
f 3131//3131 2572//2572 3133//3133
f 3134//3134 2571//2571 323//323
f 3134//3134 323//323 325//325
f 251//251 255//255 2719//2719
f 251//251 2719//2719 3137//3137
f 3138//3138 2720//2720 2716//2716
f 3138//3138 2716//2716 3139//3139
f 3140//3140 2715//2715 2730//2730
f 3140//3140 2730//2730 3142//3142
f 3144//3144 2732//2732 284//284
f 3144//3144 284//284 287//287
f 3145//3145 331//331 358//358
f 358//358 337//337 3148//3148
f 3130//3130 3135//3135 327//327
f 288//288 290//290 3153//3153
f 3145//3145 3154//3154 331//331
f 331//331 3154//3154 3158//3158
f 331//331 3158//3158 327//327
f 327//327 3158//3158 3161//3161
f 327//327 3161//3161 3130//3130
f 3136//3136 3164//3164 250//250
f 250//250 3164//3164 3167//3167
f 250//250 3167//3167 337//337
f 337//337 3167//3167 3169//3169
f 337//337 3169//3169 3148//3148
f 3153//3153 290//290 3161//3161
f 3161//3161 290//290 3127//3127
f 3161//3161 3127//3127 3130//3130
f 3153//3153 422//422 288//288
f 288//288 422//422 3174//3174
f 288//288 3174//3174 3143//3143
f 3143//3143 3174//3174 3164//3164
f 3143//3143 3164//3164 3141//3141
f 3141//3141 3164//3164 3136//3136
f 118//118 200//200 3074//3074
f 3074//3074 200//200 2761//2761
f 3075//3075 2760//2760 3070//3070
f 3070//3070 2760//2760 2759//2759
f 3072//3072 2757//2757 3067//3067
f 3067//3067 2757//2757 2756//2756
f 3068//3068 2754//2754 3077//3077
f 3077//3077 2754//2754 2753//2753
f 3076//3076 2751//2751 3066//3066
f 3066//3066 2751//2751 2767//2767
f 3064//3064 2766//2766 147//147
f 147//147 2766//2766 2763//2763
f 151//151 2764//2764 3062//3062
f 3062//3062 2764//2764 2686//2686
f 3061//3061 2685//2685 3057//3057
f 3057//3057 2685//2685 2723//2723
f 3055//3055 2721//2721 3053//3053
f 3053//3053 2721//2721 2684//2684
f 3054//3054 2682//2682 3050//3050
f 3050//3050 2682//2682 2680//2680
f 3051//3051 2681//2681 3058//3058
f 3058//3058 2681//2681 2676//2676
f 3059//3059 2677//2677 117//117
f 117//117 2677//2677 199//199
f 360//360 459//459 3147//3147
f 3147//3147 459//459 2660//2660
f 3146//3146 2659//2659 3155//3155
f 3155//3155 2659//2659 2655//2655
f 3156//3156 2657//2657 3159//3159
f 3159//3159 2657//2657 2576//2576
f 3157//3157 2578//2578 3162//3162
f 3162//3162 2578//2578 2574//2574
f 3160//3160 2575//2575 3151//3151
f 3151//3151 2575//2575 2604//2604
f 3152//3152 2605//2605 418//418
f 418//418 2605//2605 2607//2607
f 421//421 2608//2608 3172//3172
f 3172//3172 2608//2608 2610//2610
f 3173//3173 2611//2611 3165//3165
f 3165//3165 2611//2611 2713//2713
f 3163//3163 2714//2714 3166//3166
f 3166//3166 2714//2714 2661//2661
f 3168//3168 2662//2662 3171//3171
f 3171//3171 2662//2662 2666//2666
f 3170//3170 2665//2665 3150//3150
f 3150//3150 2665//2665 2668//2668
f 3149//3149 2669//2669 357//357
f 357//357 2669//2669 457//457
f 848//848 948//948 3097//3097
f 3097//3097 948//948 2616//2616
f 3099//3099 2617//2617 3111//3111
f 3111//3111 2617//2617 2613//2613
f 3109//3109 2615//2615 3108//3108
f 3108//3108 2615//2615 2631//2631
f 3107//3107 2633//2633 3103//3103
f 3103//3103 2633//2633 2674//2674
f 3104//3104 2673//2673 3122//3122
f 3122//3122 2673//2673 2736//2736
f 3123//3123 2738//2738 904//904
f 904//904 2738//2738 2733//2733
f 905//905 2735//2735 3126//3126
f 3126//3126 2735//2735 2586//2586
f 3124//3124 2587//2587 3112//3112
f 3112//3112 2587//2587 2596//2596
f 3114//3114 2597//2597 3116//3116
f 3116//3116 2597//2597 2627//2627
f 3117//3117 2626//2626 3118//3118
f 3118//3118 2626//2626 2622//2622
f 3120//3120 2623//2623 3100//3100
f 3100//3100 2623//2623 2620//2620
f 3101//3101 2619//2619 847//847
f 847//847 2619//2619 944//944
f 608//608 690//690 3024//3024
f 3024//3024 690//690 2584//2584
f 3023//3023 2582//2582 3016//3016
f 3016//3016 2582//2582 2580//2580
f 3018//3018 2579//2579 3013//3013
f 3013//3013 2579//2579 2648//2648
f 3015//3015 2647//2647 3027//3027
f 3027//3027 2647//2647 2649//2649
f 3025//3025 2650//2650 3028//3028
f 3028//3028 2650//2650 2704//2704
f 3030//3030 2703//2703 3012//3012
f 3012//3012 2703//2703 2701//2701
f 3010//3010 2700//2700 3009//3009
f 3009//3009 2700//2700 2697//2697
f 3008//3008 2698//2698 3006//3006
f 3006//3006 2698//2698 2643//2643
f 3004//3004 2645//2645 3003//3003
f 3003//3003 2645//2645 2641//2641
f 3001//3001 2640//2640 3000//3000
f 3000//3000 2640//2640 2637//2637
f 2998//2998 2638//2638 3019//3019
f 3019//3019 2638//2638 2636//2636
f 3021//3021 2634//2634 606//606
f 606//606 2634//2634 686//686
f 3176//3176 3180//3180 1787//1787
f 1787//1787 3180//3180 1788//1788
f 3179//3179 3182//3182 1790//1790
f 1790//1790 3182//3182 1792//1792
f 3183//3183 3184//3184 1793//1793
f 1793//1793 3184//3184 2193//2193
f 3189//3189 1871//1871 1867//1867
f 3187//3187 1868//1868 3194//3194
f 3191//3191 1866//1866 1895//1895
f 3192//3192 1897//1897 3195//3195
f 3196//3196 1896//1896 1892//1892
f 3196//3196 1892//1892 3199//3199
f 3200//3200 1893//1893 1889//1889
f 3200//3200 1889//1889 3201//3201
f 3202//3202 1888//1888 1904//1904
f 3202//3202 1904//1904 3204//3204
f 3205//3205 1906//1906 991//991
f 3205//3205 991//991 3207//3207
f 3209//3209 989//989 987//987
f 3209//3209 987//987 3210//3210
f 3211//3211 988//988 2200//2200
f 3211//3211 2200//2200 3215//3215
f 3214//3214 2201//2201 2199//2199
f 3214//3214 2199//2199 3217//3217
f 3218//3218 2198//2198 2194//2194
f 3218//3218 2194//2194 3185//3185
f 3221//3221 1016//1016 1014//1014
f 3221//3221 1014//1014 3222//3222
f 3225//3225 1012//1012 1870//1870
f 3223//3223 1869//1869 3188//3188
f 3220//3220 3226//3226 3229//3229
f 3229//3229 3226//3226 3230//3230
f 3228//3228 3233//3233 2182//2182
f 2182//2182 3233//3233 2184//2184
f 3236//3236 1773//1773 1781//1781
f 3236//3236 1781//1781 3237//3237
f 3239//3239 1779//1779 1784//1784
f 3239//3239 1784//1784 3240//3240
f 3241//3241 1783//1783 2187//2187
f 3241//3241 2187//2187 3243//3243
f 3244//3244 2188//2188 2185//2185
f 3244//3244 2185//2185 3231//3231
f 3235//3235 3248//3248 1774//1774
f 1774//1774 3248//3248 1777//1777
f 3247//3247 3249//3249 3252//3252
f 3252//3252 3249//3249 3254//3254
f 3251//3251 3255//3255 3253//3253
f 3253//3253 3255//3255 3258//3258
f 3177//3177 1786//1786 1797//1797
f 3177//3177 1797//1797 3260//3260
f 3261//3261 1798//1798 1794//1794
f 3261//3261 1794//1794 3257//3257
f 3246//3246 3181//3181 3178//3178
f 3256//3256 3250//3250 3259//3259
f 3259//3259 3250//3250 3246//3246
f 3259//3259 3246//3246 3175//3175
f 3175//3175 3246//3246 3178//3178
f 3242//3242 3216//3216 3238//3238
f 3238//3238 3216//3216 3186//3186
f 3181//3181 3246//3246 3186//3186
f 3186//3186 3246//3246 3234//3234
f 3186//3186 3234//3234 3238//3238
f 3242//3242 3245//3245 3216//3216
f 3216//3216 3245//3245 3232//3232
f 3216//3216 3232//3232 3213//3213
f 3213//3213 3232//3232 3227//3227
f 3213//3213 3227//3227 3212//3212
f 3212//3212 3227//3227 3219//3219
f 3212//3212 3219//3219 3208//3208
f 3190//3190 3193//3193 3224//3224
f 3224//3224 3193//3193 3197//3197
f 3197//3197 3198//3198 3224//3224
f 3224//3224 3198//3198 3203//3203
f 3224//3224 3203//3203 3219//3219
f 3219//3219 3203//3203 3206//3206
f 3219//3219 3206//3206 3208//3208
f 3264//3264 3268//3268 3270//3270
f 3271//3271 3269//3269 3272//3272
f 3275//3275 1692//1692 1688//1688
f 3275//3275 1688//1688 3276//3276
f 3278//3278 1686//1686 1698//1698
f 3278//3278 1698//1698 3279//3279
f 3280//3280 1699//1699 1670//1670
f 3280//3280 1670//1670 3266//3266
f 3273//3273 3284//3284 1694//1694
f 1694//1694 3284//3284 1697//1697
f 3286//3286 1684//1684 1689//1689
f 3286//3286 1689//1689 3288//3288
f 3289//3289 1690//1690 1696//1696
f 3289//3289 1696//1696 3282//3282
f 3285//3285 3291//3291 3294//3294
f 3294//3294 3291//3291 3295//3295
f 3297//3297 1668//1668 1672//1672
f 3298//3298 1674//1674 3301//3301
f 3302//3302 1673//1673 1702//1702
f 3303//3303 1701//1701 3292//3292
f 3296//3296 3304//3304 1666//1666
f 1666//1666 3304//3304 1581//1581
f 3306//3306 3308//3308 1580//1580
f 1580//1580 3308//3308 1676//1676
f 3310//3310 1715//1715 1707//1707
f 3311//3311 1708//1708 3314//3314
f 3315//3315 1709//1709 1704//1704
f 3315//3315 1704//1704 3317//3317
f 3320//3320 1706//1706 1714//1714
f 3319//3319 1712//1712 3324//3324
f 3323//3323 1711//1711 1606//1606
f 3322//3322 1604//1604 3328//3328
f 3327//3327 1607//1607 1600//1600
f 3329//3329 1601//1601 3331//3331
f 3334//3334 1603//1603 1598//1598
f 3330//3330 1597//1597 3336//3336
f 3337//3337 1596//1596 1595//1595
f 3337//3337 1595//1595 3339//3339
f 3340//3340 1594//1594 1591//1591
f 3340//3340 1591//1591 3342//3342
f 3343//3343 1592//1592 1589//1589
f 3345//3345 1586//1586 3347//3347
f 3348//3348 1588//1588 1677//1677
f 3348//3348 1677//1677 3307//3307
f 3312//3312 3351//3351 3352//3352
f 3352//3352 3351//3351 3353//3353
f 3350//3350 3358//3358 3354//3354
f 3355//3355 3356//3356 3360//3360
f 3357//3357 3363//3363 1722//1722
f 1721//1721 3364//3364 1718//1718
f 3361//3361 3366//3366 1720//1720
f 1720//1720 3366//3366 1617//1617
f 3371//3371 1626//1626 1620//1620
f 3369//3369 1622//1622 3374//3374
f 3372//3372 1621//1621 1618//1618
f 3372//3372 1618//1618 3365//3365
f 3370//3370 3376//3376 1624//1624
f 1624//1624 3376//3376 1627//1627
f 3381//3381 1549//1549 1542//1542
f 3380//3380 1543//1543 3384//3384
f 3383//3383 1544//1544 1541//1541
f 3385//3385 1539//1539 3387//3387
f 3388//3388 1538//1538 1527//1527
f 3389//3389 1526//1526 3392//3392
f 3391//3391 1528//1528 1525//1525
f 3391//3391 1525//1525 3394//3394
f 3395//3395 1524//1524 1556//1556
f 3395//3395 1556//1556 3398//3398
f 3397//3397 1555//1555 1629//1629
f 3397//3397 1629//1629 3377//3377
f 3379//3379 3400//3400 1551//1551
f 1551//1551 3400//3400 1552//1552
f 3403//3403 1532//1532 1546//1546
f 3403//3403 1546//1546 3407//3407
f 3405//3405 1547//1547 1553//1553
f 3405//3405 1553//1553 3399//3399
f 3402//3402 3410//3410 3411//3411
f 3411//3411 3410//3410 3412//3412
f 3413//3413 1736//1736 1576//1576
f 3413//3413 1576//1576 3418//3418
f 3417//3417 1577//1577 1574//1574
f 3417//3417 1574//1574 3419//3419
f 3421//3421 1573//1573 1537//1537
f 3421//3421 1537//1537 3422//3422
f 3424//3424 1536//1536 1534//1534
f 3424//3424 1534//1534 3408//3408
f 3427//3427 1756//1756 1754//1754
f 3427//3427 1754//1754 3429//3429
f 3430//3430 1752//1752 1743//1743
f 3430//3430 1743//1743 3432//3432
f 3433//3433 1744//1744 1740//1740
f 3433//3433 1740//1740 3435//3435
f 3434//3434 1741//1741 1737//1737
f 3434//3434 1737//1737 3415//3415
f 3439//3439 1520//1520 1750//1750
f 3439//3439 1750//1750 3440//3440
f 3442//3442 1751//1751 1747//1747
f 3442//3442 1747//1747 3444//3444
f 3445//3445 1748//1748 1759//1759
f 3445//3445 1759//1759 3447//3447
f 3446//3446 1758//1758 1755//1755
f 3446//3446 1755//1755 3425//3425
f 3437//3437 3451//3451 3452//3452
f 3452//3452 3451//3451 3453//3453
f 3449//3449 3454//3454 1518//1518
f 1518//1518 3454//3454 1568//1568
f 3458//3458 1724//1724 1732//1732
f 3458//3458 1732//1732 3461//3461
f 3460//3460 1731//1731 1734//1734
f 3460//3460 1734//1734 3463//3463
f 3464//3464 1733//1733 1611//1611
f 3464//3464 1611//1611 3466//3466
f 3467//3467 1613//1613 1569//1569
f 3467//3467 1569//1569 3456//3456
f 3471//3471 1570//1570 1609//1609
f 3471//3471 1609//1609 3472//3472
f 3474//3474 1608//1608 1616//1616
f 3474//3474 1616//1616 3475//3475
f 3477//3477 1615//1615 1727//1727
f 3477//3477 1727//1727 3480//3480
f 3478//3478 1728//1728 1726//1726
f 3478//3478 1726//1726 3457//3457
f 3483//3483 1646//1646 1563//1563
f 3483//3483 1563//1563 3484//3484
f 3485//3485 1561//1561 1560//1560
f 3485//3485 1560//1560 3488//3488
f 3487//3487 1559//1559 1566//1566
f 3487//3487 1566//1566 3490//3490
f 3491//3491 1565//1565 1571//1571
f 3491//3491 1571//1571 3469//3469
f 3482//3482 3493//3493 1644//1644
f 1644//1644 3493//3493 1649//1649
f 3494//3494 3497//3497 1647//1647
f 1647//1647 3497//3497 1643//1643
f 3500//3500 1680//1680 1657//1657
f 3500//3500 1657//1657 3502//3502
f 3504//3504 1658//1658 1655//1655
f 3504//3504 1655//1655 3506//3506
f 3505//3505 1654//1654 1652//1652
f 3508//3508 1651//1651 3509//3509
f 3510//3510 1653//1653 1630//1630
f 3510//3510 1630//1630 3513//3513
f 3512//3512 1631//1631 1633//1633
f 3512//3512 1633//1633 3516//3516
f 3517//3517 1634//1634 1638//1638
f 3518//3518 1639//1639 3519//3519
f 3522//3522 1637//1637 1641//1641
f 3521//3521 1642//1642 3496//3496
f 3499//3499 3523//3523 1678//1678
f 1678//1678 3523//3523 1682//1682
f 3527//3527 1661//1661 1584//1584
f 3527//3527 1584//1584 3530//3530
f 3529//3529 1585//1585 1683//1683
f 3529//3529 1683//1683 3524//3524
f 3526//3526 3265//3265 1662//1662
f 1660//1660 3262//3262 1665//1665
f 3362//3362 3359//3359 3283//3283
f 3373//3373 3367//3367 3362//3362
f 3396//3396 3375//3375 3283//3283
f 3495//3495 3525//3525 3501//3501
f 3283//3283 3375//3375 3362//3362
f 3362//3362 3375//3375 3368//3368
f 3362//3362 3368//3368 3373//3373
f 3495//3495 3501//3501 3498//3498
f 3335//3335 3341//3341 3344//3344
f 3401//3401 3283//3283 3406//3406
f 3406//3406 3283//3283 3274//3274
f 3406//3406 3274//3274 3404//3404
f 3318//3318 3309//3309 3316//3316
f 3316//3316 3309//3309 3305//3305
f 3316//3316 3305//3305 3313//3313
f 3313//3313 3305//3305 3299//3299
f 3313//3313 3299//3299 3349//3349
f 3349//3349 3299//3299 3300//3300
f 3468//3468 3455//3455 3450//3450
f 3300//3300 3293//3293 3349//3349
f 3349//3349 3293//3293 3287//3287
f 3349//3349 3287//3287 3359//3359
f 3359//3359 3287//3287 3290//3290
f 3359//3359 3290//3290 3283//3283
f 3325//3325 3326//3326 3333//3333
f 3525//3525 3495//3495 3409//3409
f 3409//3409 3495//3495 3481//3481
f 3409//3409 3481//3481 3423//3423
f 3423//3423 3481//3481 3486//3486
f 3423//3423 3486//3486 3420//3420
f 3420//3420 3486//3486 3489//3489
f 3420//3420 3489//3489 3416//3416
f 3450//3450 3438//3438 3468//3468
f 3468//3468 3438//3438 3441//3441
f 3468//3468 3441//3441 3465//3465
f 3465//3465 3441//3441 3443//3443
f 3465//3465 3443//3443 3462//3462
f 3462//3462 3443//3443 3448//3448
f 3462//3462 3448//3448 3459//3459
f 3528//3528 3531//3531 3263//3263
f 3263//3263 3531//3531 3525//3525
f 3263//3263 3525//3525 3267//3267
f 3267//3267 3525//3525 3409//3409
f 3267//3267 3409//3409 3281//3281
f 3281//3281 3409//3409 3404//3404
f 3281//3281 3404//3404 3277//3277
f 3277//3277 3404//3404 3274//3274
f 3401//3401 3378//3378 3283//3283
f 3283//3283 3378//3378 3382//3382
f 3283//3283 3382//3382 3386//3386
f 3332//3332 3338//3338 3321//3321
f 3325//3325 3335//3335 3344//3344
f 3325//3325 3344//3344 3318//3318
f 3318//3318 3344//3344 3346//3346
f 3318//3318 3346//3346 3309//3309
f 3514//3514 3515//3515 3511//3511
f 3511//3511 3515//3515 3520//3520
f 3511//3511 3520//3520 3507//3507
f 3507//3507 3520//3520 3498//3498
f 3507//3507 3498//3498 3503//3503
f 3503//3503 3498//3498 3501//3501
f 3386//3386 3390//3390 3283//3283
f 3283//3283 3390//3390 3393//3393
f 3283//3283 3393//3393 3396//3396
f 3448//3448 3426//3426 3459//3459
f 3459//3459 3426//3426 3428//3428
f 3459//3459 3428//3428 3479//3479
f 3479//3479 3428//3428 3431//3431
f 3479//3479 3431//3431 3476//3476
f 3476//3476 3431//3431 3436//3436
f 3476//3476 3436//3436 3473//3473
f 3473//3473 3436//3436 3414//3414
f 3473//3473 3414//3414 3470//3470
f 3470//3470 3414//3414 3416//3416
f 3470//3470 3416//3416 3492//3492
f 3492//3492 3416//3416 3489//3489
f 3533//3533 3536//3536 2332//2332
f 2332//2332 3536//3536 2345//2345
f 3537//3537 3540//3540 2347//2347
f 2347//2347 3540//3540 2380//2380
f 3542//3542 2383//2383 2440//2440
f 3542//3542 2440//2440 3545//3545
f 3544//3544 2441//2441 2381//2381
f 3544//3544 2381//2381 3538//3538
f 3550//3550 2408//2408 2413//2413
f 3547//3547 2412//2412 3553//3553
f 3552//3552 2410//2410 2359//2359
f 3554//3554 2360//2360 3556//3556
f 3557//3557 2358//2358 2356//2356
f 3557//3557 2356//2356 3560//3560
f 3558//3558 2354//2354 2384//2384
f 3558//3558 2384//2384 3541//3541
f 3563//3563 2446//2446 3565//3565
f 3563//3563 3565//3565 3566//3566
f 3567//3567 3564//3564 2443//2443
f 3567//3567 2443//2443 3569//3569
f 3570//3570 2444//2444 2405//2405
f 3570//3570 2405//2405 3572//3572
f 3573//3573 2404//2404 2407//2407
f 3573//3573 2407//2407 3548//3548
f 3576//3576 2464//2464 2469//2469
f 3576//3576 2469//2469 3579//3579
f 3580//3580 2467//2467 2448//2448
f 3580//3580 2448//2448 3561//3561
f 3577//3577 3584//3584 3586//3586
f 3585//3585 3582//3582 3587//3587
f 3590//3590 2419//2419 2425//2425
f 3590//3590 2425//2425 3593//3593
f 3591//3591 2424//2424 2460//2460
f 3591//3591 2460//2460 3596//3596
f 3594//3594 2458//2458 2462//2462
f 3594//3594 2462//2462 3583//3583
f 3588//3588 3597//3597 2417//2417
f 2417//2417 3597//3597 2472//2472
f 3599//3599 3602//3602 2471//2471
f 2471//2471 3602//3602 2429//2429
f 3604//3604 2427//2427 2420//2420
f 3604//3604 2420//2420 3607//3607
f 3606//3606 2421//2421 2475//2475
f 3606//3606 2475//2475 3610//3610
f 3609//3609 2474//2474 2436//2436
f 3612//3612 2435//2435 3614//3614
f 3615//3615 2438//2438 2434//2434
f 3615//3615 2434//2434 3619//3619
f 3616//3616 2432//2432 2430//2430
f 3617//3617 2428//2428 3600//3600
f 3605//3605 3622//3622 3623//3623
f 3623//3623 3622//3622 3624//3624
f 3620//3620 3627//3627 2466//2466
f 2466//2466 3627//3627 2477//2477
f 3626//3626 3630//3630 3631//3631
f 3631//3631 3630//3630 3632//3632
f 3635//3635 2393//2393 2388//2388
f 3633//3633 2389//2389 3639//3639
f 3637//3637 2390//2390 2386//2386
f 3637//3637 2386//2386 3640//3640
f 3641//3641 2387//2387 2343//2343
f 3642//3642 2342//2342 3646//3646
f 3645//3645 2344//2344 2337//2337
f 3644//3644 2339//2339 3648//3648
f 3649//3649 2338//2338 2480//2480
f 3649//3649 2480//2480 3653//3653
f 3652//3652 2482//2482 2478//2478
f 3652//3652 2478//2478 3628//3628
f 3636//3636 3656//3656 3657//3657
f 3657//3657 3656//3656 3658//3658
f 3659//3659 3662//3662 3663//3663
f 3659//3659 3663//3663 3665//3665
f 3667//3667 3664//3664 3669//3669
f 3667//3667 3669//3669 3671//3671
f 3670//3670 3668//3668 3674//3674
f 3670//3670 3674//3674 3675//3675
f 3676//3676 3673//3673 3679//3679
f 3677//3677 3681//3681 3685//3685
f 3683//3683 3680//3680 3686//3686
f 3682//3682 3688//3688 3690//3690
f 3689//3689 3687//3687 3692//3692
f 3689//3689 3692//3692 3654//3654
f 3694//3694 2456//2456 2454//2454
f 3694//3694 2454//2454 3698//3698
f 3696//3696 2453//2453 2449//2449
f 3696//3696 2449//2449 3699//3699
f 3702//3702 2450//2450 2378//2378
f 3700//3700 2375//2375 3703//3703
f 3704//3704 2377//2377 2373//2373
f 3704//3704 2373//2373 3660//3660
f 3695//3695 3707//3707 2455//2455
f 2455//2455 3707//3707 2350//2350
f 3710//3710 2395//2395 2335//2335
f 3710//3710 2335//2335 3712//3712
f 3714//3714 2336//2336 2353//2353
f 3714//3714 2353//2353 3717//3717
f 3715//3715 2351//2351 2349//2349
f 3715//3715 2349//2349 3708//3708
f 3718//3718 2361//2361 2400//2400
f 3718//3718 2400//2400 3723//3723
f 3722//3722 2402//2402 2399//2399
f 3722//3722 2399//2399 3724//3724
f 3725//3725 2397//2397 2396//2396
f 3725//3725 2396//2396 3711//3711
f 3532//3532 2333//2333 2329//2329
f 3532//3532 2329//2329 3728//3728
f 3727//3727 2330//2330 2368//2368
f 3727//3727 2368//2368 3731//3731
f 3732//3732 2369//2369 2364//2364
f 3732//3732 2364//2364 3733//3733
f 3735//3735 2365//2365 2362//2362
f 3735//3735 2362//2362 3719//3719
f 3643//3643 3647//3647 3650//3650
f 3684//3684 3691//3691 3655//3655
f 3625//3625 3621//3621 3629//3629
f 3629//3629 3621//3621 3603//3603
f 3603//3603 3608//3608 3629//3629
f 3629//3629 3608//3608 3611//3611
f 3629//3629 3611//3611 3651//3651
f 3651//3651 3611//3611 3613//3613
f 3651//3651 3613//3613 3650//3650
f 3650//3650 3613//3613 3618//3618
f 3650//3650 3618//3618 3643//3643
f 3678//3678 3684//3684 3598//3598
f 3598//3598 3684//3684 3655//3655
f 3598//3598 3655//3655 3601//3601
f 3601//3601 3655//3655 3634//3634
f 3601//3601 3634//3634 3618//3618
f 3618//3618 3634//3634 3638//3638
f 3618//3618 3638//3638 3643//3643
f 3706//3706 3693//3693 3575//3575
f 3575//3575 3693//3693 3581//3581
f 3706//3706 3575//3575 3716//3716
f 3716//3716 3575//3575 3578//3578
f 3716//3716 3578//3578 3713//3713
f 3713//3713 3578//3578 3562//3562
f 3713//3713 3562//3562 3709//3709
f 3709//3709 3562//3562 3568//3568
f 3709//3709 3568//3568 3726//3726
f 3726//3726 3568//3568 3571//3571
f 3726//3726 3571//3571 3721//3721
f 3721//3721 3571//3571 3574//3574
f 3721//3721 3574//3574 3720//3720
f 3574//3574 3549//3549 3720//3720
f 3720//3720 3549//3549 3551//3551
f 3720//3720 3551//3551 3734//3734
f 3734//3734 3551//3551 3555//3555
f 3734//3734 3555//3555 3730//3730
f 3730//3730 3555//3555 3559//3559
f 3730//3730 3559//3559 3729//3729
f 3729//3729 3559//3559 3543//3543
f 3729//3729 3543//3543 3534//3534
f 3534//3534 3543//3543 3546//3546
f 3534//3534 3546//3546 3535//3535
f 3535//3535 3546//3546 3539//3539
f 3693//3693 3697//3697 3581//3581
f 3581//3581 3697//3697 3701//3701
f 3581//3581 3701//3701 3595//3595
f 3595//3595 3701//3701 3705//3705
f 3595//3595 3705//3705 3592//3592
f 3592//3592 3705//3705 3661//3661
f 3592//3592 3661//3661 3589//3589
f 3589//3589 3661//3661 3666//3666
f 3589//3589 3666//3666 3598//3598
f 3598//3598 3666//3666 3672//3672
f 3598//3598 3672//3672 3678//3678
f 3736//3736 3743//3743 1466//1466
f 1465//1465 3742//3742 1471//1471
f 3744//3744 1500//1500 1495//1495
f 3744//3744 1495//1495 3749//3749
f 3748//3748 1493//1493 1506//1506
f 3748//3748 1506//1506 3750//3750
f 3751//3751 1504//1504 1469//1469
f 3751//3751 1469//1469 3740//3740
f 3746//3746 3754//3754 3756//3756
f 3756//3756 3754//3754 3757//3757
f 3760//3760 1490//1490 1498//1498
f 3761//3761 1497//1497 3764//3764
f 3763//3763 1496//1496 1503//1503
f 3763//3763 1503//1503 3755//3755
f 3758//3758 3767//3767 1492//1492
f 1492//1492 3767//3767 1508//1508
f 3768//3768 1467//1467 1473//1473
f 3768//3768 1473//1473 3771//3771
f 3773//3773 1472//1472 1507//1507
f 3773//3773 1507//1507 3766//3766
f 3770//3770 3776//3776 3778//3778
f 3779//3779 3775//3775 3780//3780
f 3774//3774 3783//3783 1333//1333
f 1333//1333 3783//3783 1476//1476
f 3786//3786 1392//1392 1386//1386
f 3786//3786 1386//1386 3787//3787
f 3788//3788 1385//1385 1381//1381
f 3789//3789 1384//1384 3794//3794
f 3793//3793 1382//1382 1391//1391
f 3792//3792 1390//1390 3796//3796
f 3798//3798 1388//1388 1395//1395
f 3798//3798 1395//1395 3800//3800
f 3802//3802 1396//1396 1480//1480
f 3801//3801 1478//1478 3804//3804
f 3803//3803 1479//1479 1349//1349
f 3807//3807 1350//1350 3810//3810
f 3808//3808 1351//1351 1345//1345
f 3808//3808 1345//1345 3811//3811
f 3812//3812 1347//1347 1344//1344
f 3812//3812 1344//1344 3816//3816
f 3814//3814 1342//1342 1338//1338
f 3817//3817 1340//1340 3818//3818
f 3819//3819 1341//1341 1475//1475
f 3819//3819 1475//1475 3782//3782
f 3785//3785 3821//3821 3824//3824
f 3824//3824 3821//3821 3825//3825
f 3822//3822 3827//3827 1398//1398
f 1398//1398 3827//3827 1401//1401
f 3828//3828 3831//3831 1400//1400
f 1400//1400 3831//3831 1483//1483
f 3830//3830 3833//3833 3835//3835
f 3835//3835 3833//3833 3836//3836
f 3839//3839 1427//1427 1425//1425
f 3839//3839 1425//1425 3843//3843
f 3840//3840 1424//1424 1511//1511
f 3841//3841 1512//1512 3832//3832
f 3837//3837 3846//3846 3847//3847
f 3847//3847 3846//3846 3848//3848
f 3851//3851 1297//1297 1292//1292
f 3849//3849 1293//1293 3856//3856
f 3853//3853 1291//1291 1286//1286
f 3855//3855 1287//1287 3857//3857
f 3858//3858 1289//1289 1308//1308
f 3859//3859 1306//1306 3863//3863
f 3862//3862 1305//1305 1302//1302
f 3861//3861 1304//1304 3866//3866
f 3865//3865 1303//1303 1322//1322
f 3867//3867 1325//1325 3871//3871
f 3870//3870 1323//1323 1429//1429
f 3870//3870 1429//1429 3844//3844
f 3850//3850 3873//3873 3875//3875
f 3875//3875 3873//3873 3876//3876
f 3877//3877 1277//1277 1294//1294
f 3877//3877 1294//1294 3881//3881
f 3882//3882 1296//1296 1299//1299
f 3882//3882 1299//1299 3874//3874
f 3878//3878 3885//3885 1278//1278
f 1278//1278 3885//3885 1281//1281
f 3886//3886 1361//1361 1420//1420
f 3886//3886 1420//1420 3889//3889
f 3890//3890 1421//1421 1417//1417
f 3890//3890 1417//1417 3893//3893
f 3894//3894 1419//1419 1284//1284
f 3894//3894 1284//1284 3895//3895
f 3897//3897 1285//1285 1280//1280
f 3897//3897 1280//1280 3883//3883
f 3900//3900 1375//1375 1371//1371
f 3900//3900 1371//1371 3901//3901
f 3902//3902 1372//1372 1368//1368
f 3902//3902 1368//1368 3906//3906
f 3905//3905 1370//1370 1367//1367
f 3905//3905 1367//1367 3908//3908
f 3907//3907 1366//1366 1362//1362
f 3907//3907 1362//1362 3888//3888
f 3912//3912 1272//1272 1329//1329
f 3912//3912 1329//1329 3915//3915
f 3913//3913 1331//1331 1327//1327
f 3913//3913 1327//1327 3918//3918
f 3916//3916 1326//1326 1380//1380
f 3919//3919 1379//1379 3921//3921
f 3922//3922 1378//1378 1374//1374
f 3922//3922 1374//1374 3899//3899
f 3910//3910 3924//3924 1271//1271
f 1271//1271 3924//3924 1275//1275
f 3925//3925 3927//3927 1273//1273
f 1273//1273 3927//3927 1321//1321
f 3930//3930 1410//1410 1413//1413
f 3930//3930 1413//1413 3933//3933
f 3934//3934 1412//1412 1415//1415
f 3934//3934 1415//1415 3936//3936
f 3935//3935 1416//1416 1353//1353
f 3935//3935 1353//1353 3939//3939
f 3938//3938 1352//1352 1320//1320
f 3938//3938 1320//1320 3926//3926
f 3941//3941 1359//1359 1356//1356
f 3941//3941 1356//1356 3945//3945
f 3946//3946 1357//1357 1406//1406
f 3946//3946 1406//1406 3949//3949
f 3947//3947 1407//1407 1404//1404
f 3947//3947 1404//1404 3952//3952
f 3950//3950 1402//1402 1408//1408
f 3950//3950 1408//1408 3929//3929
f 3955//3955 1446//1446 1313//1313
f 3955//3955 1313//1313 3957//3957
f 3958//3958 1315//1315 1311//1311
f 3958//3958 1311//1311 3960//3960
f 3959//3959 1312//1312 1318//1318
f 3959//3959 1318//1318 3962//3962
f 3963//3963 1316//1316 1360//1360
f 3963//3963 1360//1360 3942//3942
f 3953//3953 3968//3968 1447//1447
f 1444//1444 3966//3966 1448//1448
f 3967//3967 3971//3971 3972//3972
f 3972//3972 3971//3971 3973//3973
f 3976//3976 1486//1486 1457//1457
f 3976//3976 1457//1457 3978//3978
f 3977//3977 1458//1458 1453//1453
f 3977//3977 1453//1453 3981//3981
f 3982//3982 1455//1455 1450//1450
f 3982//3982 1450//1450 3983//3983
f 3986//3986 1452//1452 1431//1431
f 3984//3984 1433//1433 3990//3990
f 3987//3987 1430//1430 1437//1437
f 3989//3989 1435//1435 3994//3994
f 3991//3991 1436//1436 1439//1439
f 3993//3993 1438//1438 3996//3996
f 3995//3995 1441//1441 1442//1442
f 3995//3995 1442//1442 3970//3970
f 3974//3974 3998//3998 1485//1485
f 1485//1485 3998//3998 1487//1487
f 4001//4001 1459//1459 1337//1337
f 4001//4001 1337//1337 4004//4004
f 4006//4006 1335//1335 1488//1488
f 4006//4006 1488//1488 3999//3999
f 4003//4003 3738//3738 1460//1460
f 1462//1462 3739//3739 1464//1464
f 3829//3829 3826//3826 3753//3753
f 3842//3842 3834//3834 3829//3829
f 3869//3869 3845//3845 3753//3753
f 3965//3965 4000//4000 3975//3975
f 3753//3753 3845//3845 3829//3829
f 3829//3829 3845//3845 3838//3838
f 3829//3829 3838//3838 3842//3842
f 3965//3965 3975//3975 3969//3969
f 3809//3809 3813//3813 3815//3815
f 3872//3872 3753//3753 3880//3880
f 3880//3880 3753//3753 3745//3745
f 3880//3880 3745//3745 3879//3879
f 3791//3791 3781//3781 3790//3790
f 3790//3790 3781//3781 3777//3777
f 3790//3790 3777//3777 3784//3784
f 3784//3784 3777//3777 3769//3769
f 3784//3784 3769//3769 3823//3823
f 3823//3823 3769//3769 3772//3772
f 3940//3940 3928//3928 3923//3923
f 3772//3772 3765//3765 3823//3823
f 3823//3823 3765//3765 3759//3759
f 3823//3823 3759//3759 3826//3826
f 3826//3826 3759//3759 3762//3762
f 3826//3826 3762//3762 3753//3753
f 3797//3797 3799//3799 3805//3805
f 4000//4000 3965//3965 3884//3884
f 3884//3884 3965//3965 3954//3954
f 3884//3884 3954//3954 3896//3896
f 3896//3896 3954//3954 3956//3956
f 3896//3896 3956//3956 3892//3892
f 3892//3892 3956//3956 3961//3961
f 3892//3892 3961//3961 3891//3891
f 3923//3923 3911//3911 3940//3940
f 3940//3940 3911//3911 3914//3914
f 3940//3940 3914//3914 3937//3937
f 3937//3937 3914//3914 3917//3917
f 3937//3937 3917//3917 3932//3932
f 3932//3932 3917//3917 3920//3920
f 3932//3932 3920//3920 3931//3931
f 4002//4002 4005//4005 3737//3737
f 3737//3737 4005//4005 4000//4000
f 3737//3737 4000//4000 3741//3741
f 3741//3741 4000//4000 3884//3884
f 3741//3741 3884//3884 3752//3752
f 3752//3752 3884//3884 3879//3879
f 3752//3752 3879//3879 3747//3747
f 3747//3747 3879//3879 3745//3745
f 3872//3872 3852//3852 3753//3753
f 3753//3753 3852//3852 3854//3854
f 3753//3753 3854//3854 3860//3860
f 3806//3806 3809//3809 3795//3795
f 3795//3795 3809//3809 3815//3815
f 3795//3795 3815//3815 3791//3791
f 3791//3791 3815//3815 3820//3820
f 3791//3791 3820//3820 3781//3781
f 3988//3988 3992//3992 3985//3985
f 3985//3985 3992//3992 3997//3997
f 3985//3985 3997//3997 3980//3980
f 3980//3980 3997//3997 3969//3969
f 3980//3980 3969//3969 3979//3979
f 3979//3979 3969//3969 3975//3975
f 3860//3860 3864//3864 3753//3753
f 3753//3753 3864//3864 3868//3868
f 3753//3753 3868//3868 3869//3869
f 3920//3920 3898//3898 3931//3931
f 3931//3931 3898//3898 3903//3903
f 3931//3931 3903//3903 3951//3951
f 3951//3951 3903//3903 3904//3904
f 3951//3951 3904//3904 3948//3948
f 3948//3948 3904//3904 3909//3909
f 3948//3948 3909//3909 3944//3944
f 3944//3944 3909//3909 3887//3887
f 3944//3944 3887//3887 3943//3943
f 3943//3943 3887//3887 3891//3891
f 3943//3943 3891//3891 3964//3964
f 3964//3964 3891//3891 3961//3961
f 4009//4009 4012//4012 4015//4015
f 4014//4014 4013//4013 4016//4016
f 4017//4017 2088//2088 2086//2086
f 4017//4017 2086//2086 4022//4022
f 4021//4021 2084//2084 2082//2082
f 4021//4021 2082//2082 4025//4025
f 4024//4024 2083//2083 2060//2060
f 4024//4024 2060//2060 4011//4011
f 4019//4019 4028//4028 2089//2089
f 2089//2089 4028//4028 2203//2203
f 4029//4029 2275//2275 2206//2206
f 4029//4029 2206//2206 4032//4032
f 4033//4033 2207//2207 2204//2204
f 4033//4033 2204//2204 4026//4026
f 4030//4030 4035//4035 4038//4038
f 4038//4038 4035//4035 4039//4039
f 4043//4043 2285//2285 2280//2280
f 4040//4040 2283//2283 4046//4046
f 4045//4045 2281//2281 2279//2279
f 4044//4044 2277//2277 4037//4037
f 4042//4042 4049//4049 2286//2286
f 2286//2286 4049//4049 2288//2288
f 4050//4050 4053//4053 2287//2287
f 2287//2287 4053//4053 2291//2291
f 4054//4054 2249//2249 2255//2255
f 4054//4054 2255//2255 4057//4057
f 4058//4058 2254//2254 2257//2257
f 4059//4059 2258//2258 4063//4063
f 4062//4062 2259//2259 2250//2250
f 4064//4064 2251//2251 4065//4065
f 4066//4066 2252//2252 2246//2246
f 4066//4066 2246//2246 4071//4071
f 4068//4068 2247//2247 2243//2243
f 4069//4069 2242//2242 4072//4072
f 4074//4074 2241//2241 2238//2238
f 4074//4074 2238//2238 4076//4076
f 4078//4078 2237//2237 2233//2233
f 4077//4077 2234//2234 4080//4080
f 4081//4081 2236//2236 2232//2232
f 4081//4081 2232//2232 4082//4082
f 4083//4083 2231//2231 2228//2228
f 4084//4084 2229//2229 4087//4087
f 4088//4088 2227//2227 2293//2293
f 4089//4089 2290//2290 4051//4051
f 4055//4055 4090//4090 4093//4093
f 4093//4093 4090//4090 4094//4094
f 4091//4091 4099//4099 4096//4096
f 4095//4095 4098//4098 4101//4101
f 4100//4100 4103//4103 2295//2295
f 2296//2296 4104//4104 2297//2297
f 4105//4105 4108//4108 2299//2299
f 2299//2299 4108//4108 2302//2302
f 4111//4111 2261//2261 2306//2306
f 4112//4112 2303//2303 4115//4115
f 4113//4113 2304//2304 2301//2301
f 4113//4113 2301//2301 4107//4107
f 4110//4110 4116//4116 2263//2263
f 2263//2263 4116//4116 2265//2265
f 4122//4122 2218//2218 2224//2224
f 4121//4121 2225//2225 4125//4125
f 4124//4124 2222//2222 2213//2213
f 4124//4124 2213//2213 4128//4128
f 4127//4127 2215//2215 2210//2210
f 4129//4129 2212//2212 4130//4130
f 4132//4132 2211//2211 2273//2273
f 4132//4132 2273//2273 4134//4134
f 4133//4133 2274//2274 2271//2271
f 4133//4133 2271//2271 4138//4138
f 4136//4136 2269//2269 2266//2266
f 4136//4136 2266//2266 4118//4118
f 4120//4120 4140//4140 2216//2216
f 2216//2216 4140//4140 2220//2220
f 4142//4142 2044//2044 2047//2047
f 4142//4142 2047//2047 4145//4145
f 4146//4146 2048//2048 2221//2221
f 4146//4146 2221//2221 4139//4139
f 4144//4144 4149//4149 4151//4151
f 4151//4151 4149//4149 4152//4152
f 4154//4154 2138//2138 2080//2080
f 4154//4154 2080//2080 4158//4158
f 4156//4156 2078//2078 2077//2077
f 4156//4156 2077//2077 4159//4159
f 4161//4161 2076//2076 2043//2043
f 4161//4161 2043//2043 4164//4164
f 4163//4163 2042//2042 2040//2040
f 4163//4163 2040//2040 4148//4148
f 4166//4166 2110//2110 2102//2102
f 4166//4166 2102//2102 4170//4170
f 4169//4169 2103//2103 2101//2101
f 4169//4169 2101//2101 4171//4171
f 4173//4173 2100//2100 2142//2142
f 4173//4173 2142//2142 4175//4175
f 4176//4176 2141//2141 2140//2140
f 4176//4176 2140//2140 4155//4155
f 4177//4177 2114//2114 2052//2052
f 4177//4177 2052//2052 4180//4180
f 4181//4181 2053//2053 2050//2050
f 4181//4181 2050//2050 4184//4184
f 4183//4183 2049//2049 2113//2113
f 4183//4183 2113//2113 4186//4186
f 4188//4188 2111//2111 2108//2108
f 4188//4188 2108//2108 4165//4165
f 4179//4179 4191//4191 4192//4192
f 4192//4192 4191//4191 4193//4193
f 4189//4189 4194//4194 2117//2117
f 2117//2117 4194//4194 2072//2072
f 4199//4199 2128//2128 2131//2131
f 4199//4199 2131//2131 4201//4201
f 4202//4202 2132//2132 2135//2135
f 4202//4202 2135//2135 4205//4205
f 4204//4204 2136//2136 2091//2091
f 4204//4204 2091//2091 4208//4208
f 4206//4206 2092//2092 2071//2071
f 4206//4206 2071//2071 4195//4195
f 4209//4209 2098//2098 2094//2094
f 4209//4209 2094//2094 4212//4212
f 4213//4213 2095//2095 2126//2126
f 4213//4213 2126//2126 4216//4216
f 4215//4215 2125//2125 2124//2124
f 4217//4217 2121//2121 4219//4219
f 4221//4221 2122//2122 2129//2129
f 4221//4221 2129//2129 4197//4197
f 4222//4222 2159//2159 2065//2065
f 4222//4222 2065//2065 4226//4226
f 4225//4225 2066//2066 2062//2062
f 4225//4225 2062//2062 4229//4229
f 4230//4230 2064//2064 2070//2070
f 4230//4230 2070//2070 4231//4231
f 4232//4232 2069//2069 2097//2097
f 4232//4232 2097//2097 4210//4210
f 4224//4224 4235//4235 2161//2161
f 2161//2161 4235//4235 2163//2163
f 4236//4236 4237//4237 2164//2164
f 2164//2164 4237//4237 2156//2156
f 4240//4240 2175//2175 2174//2174
f 4240//4240 2174//2174 4244//4244
f 4245//4245 2172//2172 2170//2170
f 4245//4245 2170//2170 4246//4246
f 4248//4248 2169//2169 2165//2165
f 4249//4249 2166//2166 4250//4250
f 4254//4254 2167//2167 2145//2145
f 4252//4252 2147//2147 4255//4255
f 4257//4257 2146//2146 2149//2149
f 4256//4256 2150//2150 4261//4261
f 4262//4262 2148//2148 2153//2153
f 4262//4262 2153//2153 4266//4266
f 4264//4264 2154//2154 2157//2157
f 4265//4265 2158//2158 4238//4238
f 4241//4241 4269//4269 2177//2177
f 2177//2177 4269//4269 2179//2179
f 4273//4273 2056//2056 2118//2118
f 4273//4273 2118//2118 4276//4276
f 4274//4274 2119//2119 2178//2178
f 4274//4274 2178//2178 4270//4270
f 4272//4272 4008//4008 2055//2055
f 2055//2055 4008//4008 2059//2059
f 4102//4102 4097//4097 4027//4027
f 4114//4114 4106//4106 4102//4102
f 4137//4137 4117//4117 4027//4027
f 4234//4234 4268//4268 4242//4242
f 4027//4027 4117//4117 4102//4102
f 4102//4102 4117//4117 4109//4109
f 4102//4102 4109//4109 4114//4114
f 4234//4234 4242//4242 4239//4239
f 4075//4075 4079//4079 4085//4085
f 4141//4141 4027//4027 4147//4147
f 4147//4147 4027//4027 4018//4018
f 4147//4147 4018//4018 4143//4143
f 4061//4061 4052//4052 4060//4060
f 4060//4060 4052//4052 4048//4048
f 4060//4060 4048//4048 4056//4056
f 4056//4056 4048//4048 4041//4041
f 4056//4056 4041//4041 4092//4092
f 4092//4092 4041//4041 4047//4047
f 4207//4207 4196//4196 4190//4190
f 4047//4047 4036//4036 4092//4092
f 4092//4092 4036//4036 4031//4031
f 4092//4092 4031//4031 4097//4097
f 4097//4097 4031//4031 4034//4034
f 4097//4097 4034//4034 4027//4027
f 4067//4067 4070//4070 4073//4073
f 4268//4268 4234//4234 4150//4150
f 4150//4150 4234//4234 4223//4223
f 4150//4150 4223//4223 4162//4162
f 4162//4162 4223//4223 4227//4227
f 4162//4162 4227//4227 4160//4160
f 4160//4160 4227//4227 4228//4228
f 4160//4160 4228//4228 4157//4157
f 4190//4190 4178//4178 4207//4207
f 4207//4207 4178//4178 4182//4182
f 4207//4207 4182//4182 4203//4203
f 4203//4203 4182//4182 4185//4185
f 4203//4203 4185//4185 4200//4200
f 4200//4200 4185//4185 4187//4187
f 4200//4200 4187//4187 4198//4198
f 4271//4271 4275//4275 4007//4007
f 4007//4007 4275//4275 4268//4268
f 4007//4007 4268//4268 4010//4010
f 4010//4010 4268//4268 4150//4150
f 4010//4010 4150//4150 4023//4023
f 4023//4023 4150//4150 4143//4143
f 4023//4023 4143//4143 4020//4020
f 4020//4020 4143//4143 4018//4018
f 4141//4141 4119//4119 4027//4027
f 4027//4027 4119//4119 4123//4123
f 4027//4027 4123//4123 4126//4126
f 4073//4073 4075//4075 4067//4067
f 4067//4067 4075//4075 4085//4085
f 4067//4067 4085//4085 4061//4061
f 4061//4061 4085//4085 4086//4086
f 4061//4061 4086//4086 4052//4052
f 4258//4258 4259//4259 4253//4253
f 4251//4251 4260//4260 4267//4267
f 4253//4253 4263//4263 4247//4247
f 4247//4247 4263//4263 4239//4239
f 4247//4247 4239//4239 4243//4243
f 4243//4243 4239//4239 4242//4242
f 4126//4126 4131//4131 4027//4027
f 4027//4027 4131//4131 4135//4135
f 4027//4027 4135//4135 4137//4137
f 4187//4187 4167//4167 4198//4198
f 4198//4198 4167//4167 4168//4168
f 4198//4198 4168//4168 4220//4220
f 4220//4220 4168//4168 4172//4172
f 4220//4220 4172//4172 4218//4218
f 4218//4218 4172//4172 4174//4174
f 4218//4218 4174//4174 4214//4214
f 4214//4214 4174//4174 4153//4153
f 4214//4214 4153//4153 4211//4211
f 4211//4211 4153//4153 4157//4157
f 4211//4211 4157//4157 4233//4233
f 4233//4233 4157//4157 4228//4228
f 4277//4277 4280//4280 4284//4284
f 4285//4285 4281//4281 4286//4286
f 4287//4287 1122//1122 1118//1118
f 4287//4287 1118//1118 4292//4292
f 4290//4290 1120//1120 1051//1051
f 4290//4290 1051//1051 4293//4293
f 4295//4295 1049//1049 1047//1047
f 4295//4295 1047//1047 4282//4282
f 4288//4288 4296//4296 1123//1123
f 1123//1123 4296//4296 1169//1169
f 4299//4299 1225//1225 1172//1172
f 4299//4299 1172//1172 4302//4302
f 4303//4303 1171//1171 1168//1168
f 4303//4303 1168//1168 4297//4297
f 4300//4300 4306//4306 4308//4308
f 4308//4308 4306//4306 4309//4309
f 4310//4310 1236//1236 1233//1233
f 4313//4313 1231//1231 4314//4314
f 4315//4315 1230//1230 1229//1229
f 4317//4317 1228//1228 4305//4305
f 4312//4312 4319//4319 1235//1235
f 1235//1235 4319//4319 1238//1238
f 4320//4320 4321//4321 1239//1239
f 1239//1239 4321//4321 1242//1242
f 4324//4324 1254//1254 1251//1251
f 4324//4324 1251//1251 4328//4328
f 4329//4329 1252//1252 1255//1255
f 4330//4330 1257//1257 4333//4333
f 4332//4332 1258//1258 1261//1261
f 4331//4331 1260//1260 4335//4335
f 4336//4336 1259//1259 1200//1200
f 4336//4336 1200//1200 4338//4338
f 4341//4341 1199//1199 1195//1195
f 4339//4339 1196//1196 4342//4342
f 4343//4343 1193//1193 1190//1190
f 4343//4343 1190//1190 4346//4346
f 4345//4345 1188//1188 1186//1186
f 4347//4347 1187//1187 4349//4349
f 4350//4350 1184//1184 1216//1216
f 4350//4350 1216//1216 4352//4352
f 4355//4355 1214//1214 1219//1219
f 4354//4354 1217//1217 4357//4357
f 4358//4358 1218//1218 1241//1241
f 4358//4358 1241//1241 4322//4322
f 4326//4326 4361//4361 4362//4362
f 4362//4362 4361//4361 4363//4363
f 4360//4360 4367//4367 4364//4364
f 4364//4364 4367//4367 4368//4368
f 4365//4365 4372//4372 1244//1244
f 1245//1245 4369//4369 1249//1249
f 4370//4370 4373//4373 1247//1247
f 1247//1247 4373//4373 1263//1263
f 4379//4379 1204//1204 1269//1269
f 4378//4378 1267//1267 4380//4380
f 4382//4382 1268//1268 1265//1265
f 4382//4382 1265//1265 4375//4375
f 4376//4376 4384//4384 1202//1202
f 1202//1202 4384//4384 1205//1205
f 4387//4387 1018//1018 1180//1180
f 4389//4389 1181//1181 4390//4390
f 4391//4391 1183//1183 1177//1177
f 4391//4391 1177//1177 4395//4395
f 4396//4396 1179//1179 1173//1173
f 4394//4394 1176//1176 4397//4397
f 4398//4398 1174//1174 1212//1212
f 4398//4398 1212//1212 4402//4402
f 4401//4401 1211//1211 1209//1209
f 4401//4401 1209//1209 4404//4404
f 4403//4403 1208//1208 1206//1206
f 4403//4403 1206//1206 4383//4383
f 4388//4388 4406//4406 1019//1019
f 1019//1019 4406//4406 1022//1022
f 4410//4410 1222//1222 1024//1024
f 4410//4410 1024//1024 4414//4414
f 4412//4412 1025//1025 1023//1023
f 4412//4412 1023//1023 4408//4408
f 4409//4409 4415//4415 4418//4418
f 4418//4418 4415//4415 4419//4419
f 4421//4421 1113//1113 1111//1111
f 4421//4421 1111//1111 4424//4424
f 4423//4423 1109//1109 1031//1031
f 4423//4423 1031//1031 4429//4429
f 4428//4428 1032//1032 1027//1027
f 4426//4426 1029//1029 4430//4430
f 4431//4431 1028//1028 1223//1223
f 4431//4431 1223//1223 4417//4417
f 4435//4435 1077//1077 1081//1081
f 4435//4435 1081//1081 4438//4438
f 4436//4436 1080//1080 1043//1043
f 4436//4436 1043//1043 4441//4441
f 4439//4439 1044//1044 1116//1116
f 4439//4439 1116//1116 4442//4442
f 4443//4443 1117//1117 1112//1112
f 4443//4443 1112//1112 4420//4420
f 4446//4446 1086//1086 1089//1089
f 4446//4446 1089//1089 4449//4449
f 4450//4450 1088//1088 1091//1091
f 4450//4450 1091//1091 4453//4453
f 4452//4452 1092//1092 1074//1074
f 4452//4452 1074//1074 4455//4455
f 4456//4456 1073//1073 1078//1078
f 4456//4456 1078//1078 4434//4434
f 4447//4447 4458//4458 4460//4460
f 4460//4460 4458//4458 4461//4461
f 4457//4457 4462//4462 1083//1083
f 1083//1083 4462//4462 1063//1063
f 4465//4465 1100//1100 1103//1103
f 4465//4465 1103//1103 4469//4469
f 4470//4470 1104//1104 1106//1106
f 4470//4470 1106//1106 4472//4472
f 4473//4473 1107//1107 1065//1065
f 4473//4473 1065//1065 4475//4475
f 4474//4474 1064//1064 1062//1062
f 4474//4474 1062//1062 4464//4464
f 4477//4477 1072//1072 1067//1067
f 4477//4477 1067//1067 4480//4480
f 4481//4481 1068//1068 1097//1097
f 4481//4481 1097//1097 4484//4484
f 4486//4486 1099//1099 1096//1096
f 4485//4485 1093//1093 4489//4489
f 4487//4487 1094//1094 1101//1101
f 4487//4487 1101//1101 4466//4466
f 4490//4490 1153//1153 1055//1055
f 4490//4490 1055//1055 4494//4494
f 4495//4495 1056//1056 1052//1052
f 4495//4495 1052//1052 4497//4497
f 4498//4498 1053//1053 1060//1060
f 4498//4498 1060//1060 4499//4499
f 4500//4500 1059//1059 1071//1071
f 4500//4500 1071//1071 4478//4478
f 4491//4491 4503//4503 1152//1152
f 1152//1152 4503//4503 1156//1156
f 4502//4502 4506//4506 1157//1157
f 1157//1157 4506//4506 1151//1151
f 4508//4508 1166//1166 1162//1162
f 4508//4508 1162//1162 4513//4513
f 4511//4511 1161//1161 1160//1160
f 4511//4511 1160//1160 4515//4515
f 4514//4514 1159//1159 1133//1133
f 4516//4516 1134//1134 4521//4521
f 4522//4522 1135//1135 1140//1140
f 4520//4520 1139//1139 4526//4526
f 4525//4525 1138//1138 1141//1141
f 4523//4523 1143//1143 4530//4530
f 4528//4528 1142//1142 1146//1146
f 4528//4528 1146//1146 4535//4535
f 4531//4531 1147//1147 1150//1150
f 4532//4532 1148//1148 4505//4505
f 4509//4509 4536//4536 1164//1164
f 1164//1164 4536//4536 1130//1130
f 4539//4539 1125//1125 1129//1129
f 4539//4539 1129//1129 4542//4542
f 4544//4544 1128//1128 1132//1132
f 4544//4544 1132//1132 4538//4538
f 4541//4541 4278//4278 1126//1126
f 1126//1126 4278//4278 1045//1045
f 4371//4371 4366//4366 4298//4298
f 4381//4381 4374//4374 4371//4371
f 4405//4405 4385//4385 4298//4298
f 4504//4504 4537//4537 4510//4510
f 4298//4298 4385//4385 4371//4371
f 4371//4371 4385//4385 4377//4377
f 4371//4371 4377//4377 4381//4381
f 4504//4504 4510//4510 4507//4507
f 4348//4348 4351//4351 4353//4353
f 4407//4407 4298//4298 4413//4413
f 4413//4413 4298//4298 4289//4289
f 4413//4413 4289//4289 4411//4411
f 4334//4334 4323//4323 4327//4327
f 4327//4327 4323//4323 4318//4318
f 4327//4327 4318//4318 4325//4325
f 4325//4325 4318//4318 4311//4311
f 4325//4325 4311//4311 4359//4359
f 4359//4359 4311//4311 4316//4316
f 4476//4476 4463//4463 4459//4459
f 4316//4316 4307//4307 4359//4359
f 4359//4359 4307//4307 4301//4301
f 4359//4359 4301//4301 4366//4366
f 4366//4366 4301//4301 4304//4304
f 4366//4366 4304//4304 4298//4298
f 4337//4337 4340//4340 4344//4344
f 4537//4537 4504//4504 4416//4416
f 4416//4416 4504//4504 4492//4492
f 4416//4416 4492//4492 4432//4432
f 4432//4432 4492//4492 4493//4493
f 4432//4432 4493//4493 4427//4427
f 4427//4427 4493//4493 4496//4496
f 4427//4427 4496//4496 4425//4425
f 4459//4459 4445//4445 4476//4476
f 4476//4476 4445//4445 4448//4448
f 4476//4476 4448//4448 4471//4471
f 4471//4471 4448//4448 4451//4451
f 4471//4471 4451//4451 4468//4468
f 4468//4468 4451//4451 4454//4454
f 4468//4468 4454//4454 4467//4467
f 4540//4540 4543//4543 4279//4279
f 4279//4279 4543//4543 4537//4537
f 4279//4279 4537//4537 4283//4283
f 4283//4283 4537//4537 4416//4416
f 4283//4283 4416//4416 4294//4294
f 4294//4294 4416//4416 4411//4411
f 4294//4294 4411//4411 4291//4291
f 4291//4291 4411//4411 4289//4289
f 4407//4407 4386//4386 4298//4298
f 4298//4298 4386//4386 4392//4392
f 4298//4298 4392//4392 4393//4393
f 4344//4344 4348//4348 4337//4337
f 4337//4337 4348//4348 4353//4353
f 4337//4337 4353//4353 4334//4334
f 4334//4334 4353//4353 4356//4356
f 4334//4334 4356//4356 4323//4323
f 4524//4524 4527//4527 4519//4519
f 4518//4518 4529//4529 4534//4534
f 4519//4519 4533//4533 4517//4517
f 4517//4517 4533//4533 4507//4507
f 4517//4517 4507//4507 4512//4512
f 4512//4512 4507//4507 4510//4510
f 4393//4393 4399//4399 4298//4298
f 4298//4298 4399//4399 4400//4400
f 4298//4298 4400//4400 4405//4405
f 4454//4454 4433//4433 4467//4467
f 4467//4467 4433//4433 4437//4437
f 4467//4467 4437//4437 4488//4488
f 4488//4488 4437//4437 4440//4440
f 4488//4488 4440//4440 4483//4483
f 4483//4483 4440//4440 4444//4444
f 4483//4483 4444//4444 4482//4482
f 4482//4482 4444//4444 4422//4422
f 4482//4482 4422//4422 4479//4479
f 4479//4479 4422//4422 4425//4425
f 4479//4479 4425//4425 4501//4501
f 4501//4501 4425//4425 4496//4496

